
◆  Rendering vert → /Users/neo/Developer/Projects/DeckSmith/experiments/010-burn-in/raw.mp4
   30fps · standard · auto workers (10 cores detected)
   GPU: browser GPU (auto-detect)

[?25l│
◇  Browser: cache
[?25h
  ⚠ composition_file_too_large: This HTML composition file has 342 lines. Smaller sub-compositions are easier to read, iterate on, and diff.
    Fix: Split coherent scenes or layers into separate .html files under compositions/, then mount them from the parent with data-composition-src so each file stays small enough to inspect, revise, and validate independently.
  Continuing render despite lint issues. Use --strict to block errors.

  Trying the experimental parallel drawElement capture path for this install (disabled automatically if it ever needs to fall back; opt out anytime: HF_DE_PARALLEL_ROUTER=false)
[INFO] [Render] Pipeline started {"renderJobId":"0dd5b22e-1fca-4ee4-abf5-1b164b0ec6f4","platform":"darwin","arch":"arm64","nodeVersion":"v24.14.0","fps":{"num":30,"den":1},"format":"mp4","quality":"standard","browserGpuMode":"auto","forceScreenshot":false,"protocolTimeout":900000,"browserTimeout":120000,"pageNavigationTimeout":60000,"playerReadyTimeout":45000}
[INFO] [Render:trace] {"renderJobId":"0dd5b22e-1fca-4ee4-abf5-1b164b0ec6f4","phase":"pipeline","status":"checkpoint","elapsedMs":1,"message":"started","format":"mp4","quality":"standard","browserGpuMode":"auto","forceScreenshot":false,"protocolTimeoutMs":900000,"pageNavigationTimeoutMs":60000,"playerReadyTimeoutMs":45000,"requestedWorkers":"auto"}
[INFO] [Render:trace] {"renderJobId":"0dd5b22e-1fca-4ee4-abf5-1b164b0ec6f4","phase":"compile","status":"start","elapsedMs":3,"needsAlpha":false}
  █░░░░░░░░░░░░░░░░░░░░░░░░  5%  Compiling composition
[INFO] [Compiler] Fetched 11 font face(s) for "Inter" from Google Fonts (cached to /Users/neo/.cache/hyperframes/fonts/inter)
[INFO] [Compiler] Injected deterministic @font-face rules for 1 requested font families
[INFO] [Compiler] Inlined CDN script: https://cdn.jsdelivr.net/npm/gsap@3.14.2/dist/gsap.min.js
[INFO] [Compiler] Inlined CDN script: https://cdn.jsdelivr.net/npm/katex@0.16.11/dist/katex.min.js
[INFO] Compiled composition metadata {"renderJobId":"0dd5b22e-1fca-4ee4-abf5-1b164b0ec6f4","entryFile":"index.html","staticDuration":168.956,"width":1080,"height":1920,"videoCount":0,"audioCount":0,"renderModeHints":{"recommendScreenshot":false,"reasons":[]}}
[INFO] [Render:trace] {"renderJobId":"0dd5b22e-1fca-4ee4-abf5-1b164b0ec6f4","phase":"compile","status":"end","elapsedMs":356,"durationMs":353,"needsAlpha":false}
[INFO] [Render:trace] {"renderJobId":"0dd5b22e-1fca-4ee4-abf5-1b164b0ec6f4","phase":"compile","status":"checkpoint","elapsedMs":357,"message":"composition metadata resolved","width":1080,"height":1920,"videoCount":0,"audioCount":0,"imageCount":1,"deviceScaleFactor":1,"forceScreenshot":false,"compositionHash":"dfb15b93e9e1a9e0"}
[INFO] [Render:trace] {"renderJobId":"0dd5b22e-1fca-4ee4-abf5-1b164b0ec6f4","phase":"browser_probe","status":"start","elapsedMs":357,"forceScreenshot":false,"stagePhase":"calibrating"}
[INFO] [Render:trace] {"renderJobId":"0dd5b22e-1fca-4ee4-abf5-1b164b0ec6f4","phase":"browser_probe","status":"end","elapsedMs":363,"durationMs":6,"forceScreenshot":false,"stagePhase":"calibrating"}
[INFO] [Render:trace] {"renderJobId":"0dd5b22e-1fca-4ee4-abf5-1b164b0ec6f4","phase":"browser_probe","status":"checkpoint","elapsedMs":364,"message":"duration resolved","durationSeconds":168.956,"totalFrames":5069,"compositionHash":"dfb15b93e9e1a9e0","beginFrameStalled":false}
[INFO] [Render:trace] {"renderJobId":"0dd5b22e-1fca-4ee4-abf5-1b164b0ec6f4","phase":"video_extract","status":"start","elapsedMs":364,"videoCount":0}
  ██░░░░░░░░░░░░░░░░░░░░░░░  10%  Extracting video frames
[INFO] [Render:trace] {"renderJobId":"0dd5b22e-1fca-4ee4-abf5-1b164b0ec6f4","phase":"video_extract","status":"end","elapsedMs":477,"durationMs":113,"videoCount":0}
[INFO] [Render:trace] {"renderJobId":"0dd5b22e-1fca-4ee4-abf5-1b164b0ec6f4","phase":"video_extract","status":"checkpoint","elapsedMs":480,"message":"frames resolved","videoCount":0,"extractedVideoCount":0,"totalFramesExtracted":0,"maxFramesPerVideo":0,"avgFramesPerExtractedVideo":null,"vfrPreflightCount":null,"vfrPreflightMs":null,"cacheHits":null,"cacheMisses":null,"minVideoFrameCoverageRatio":null,"authoredTimedClipCount":9}
[INFO] [Render] No HDR sources detected — rendering SDR {"renderJobId":"0dd5b22e-1fca-4ee4-abf5-1b164b0ec6f4"}
[INFO] [Render:trace] {"renderJobId":"0dd5b22e-1fca-4ee4-abf5-1b164b0ec6f4","phase":"hdr_detection","status":"checkpoint","elapsedMs":481,"message":"resolved","requestedHdrMode":"auto","effectiveHdr":"sdr","nativeHdrVideoCount":0,"nativeHdrImageCount":0}
[INFO] [Render:trace] {"renderJobId":"0dd5b22e-1fca-4ee4-abf5-1b164b0ec6f4","phase":"audio_process","status":"start","elapsedMs":481,"audioCount":0}
  █████░░░░░░░░░░░░░░░░░░░░  20%  Processing audio tracks
[INFO] [Render:trace] {"renderJobId":"0dd5b22e-1fca-4ee4-abf5-1b164b0ec6f4","phase":"audio_process","status":"end","elapsedMs":481,"durationMs":0,"audioCount":0}
[INFO] [Render:trace] {"renderJobId":"0dd5b22e-1fca-4ee4-abf5-1b164b0ec6f4","phase":"file_server","status":"start","elapsedMs":481,"reused":false}
  ██████░░░░░░░░░░░░░░░░░░░  25%  Starting frame capture
[INFO] [Render:trace] {"renderJobId":"0dd5b22e-1fca-4ee4-abf5-1b164b0ec6f4","phase":"file_server","status":"end","elapsedMs":489,"durationMs":8}
[hyperframes] browserGpuMode auto → hardware (WebGL renderer vendor="Google Inc. (Apple)" renderer="ANGLE (Apple, ANGLE Metal Renderer: Apple M4, Unspecified Version)")
[INFO] [Render:trace] {"renderJobId":"0dd5b22e-1fca-4ee4-abf5-1b164b0ec6f4","phase":"capture_calibration","status":"checkpoint","elapsedMs":1476,"message":"skipped","requestedWorkers":"auto","totalFrames":5069,"htmlInCanvasDetected":false,"lowMemoryMode":false,"deInversionEligible":true,"deParallelRouterEligible":false}
[INFO] [Render] Fast capture: single-worker drawElement streaming preferred over 4-worker screenshot capture (5069 frames >= 900; verified path, measured faster at every worker count). Set HF_DE_SINGLE_MIN_FRAMES=0 or --workers N to override. {"renderJobId":"0dd5b22e-1fca-4ee4-abf5-1b164b0ec6f4"}
[INFO] [Render:trace] {"renderJobId":"0dd5b22e-1fca-4ee4-abf5-1b164b0ec6f4","phase":"worker_resolution","status":"checkpoint","elapsedMs":1477,"message":"resolved","workerCount":1}
[INFO] streaming-encode gate {"renderJobId":"0dd5b22e-1fca-4ee4-abf5-1b164b0ec6f4","enabled":true,"configFlag":true,"outputFormat":"mp4","workerCount":1,"durationSeconds":168.956,"maxDurationSeconds":240}
[INFO] [Render:trace] {"renderJobId":"0dd5b22e-1fca-4ee4-abf5-1b164b0ec6f4","phase":"capture_strategy","status":"checkpoint","elapsedMs":1477,"message":"resolved","workerCount":1,"forceScreenshot":false,"captureBeyondViewport":null,"useStreamingEncode":true,"useLayeredComposite":false,"usePageSideCompositing":false,"hasHdrContent":false,"hasShaderTransitions":false,"isPngSequence":false}
[INFO] [Render:trace] {"renderJobId":"0dd5b22e-1fca-4ee4-abf5-1b164b0ec6f4","phase":"capture_streaming","status":"start","elapsedMs":1477,"stagePhase":"capturing","workerCount":1,"forceScreenshot":false,"totalFrames":5069,"framesCompleted":0,"captureMode":"drawelement","captureOperation":"drawElement"}
[BrowserManager] Browser launched (HeadlessChrome/152.0.7928.2, screenshot, gl=--use-gl=angle --use-angle=metal, headlessShell=true, platform=darwin)
[initSession:screenshot] page.goto start (0ms)
[HyperFrames] render runtime fps [object Object]
[initSession:screenshot] page.goto complete (345ms)
[initSession:screenshot] GSAP proxy flush complete (347ms)
[initSession:screenshot] pollHfReady complete (348ms)
[initSession:screenshot] pollSubCompositionTimelines complete (ready) (356ms)
[initSession:screenshot] applyVideoMetadataHints complete (356ms)
[initSession:screenshot] media + fonts + tailwind ready (358ms)
[engine] fast capture: falling back to screenshot capture — filter:drop-shadow detected (drawElementImage cannot reproduce it; see fast-capture-limitations.md)
[initSession:screenshot] static-frame dedup: disabled (eligible) (995ms)
  ██████░░░░░░░░░░░░░░░░░░░  25%  Streaming frame 1/5069
  ██████░░░░░░░░░░░░░░░░░░░  25%  Streaming frame 2/5069
  ██████░░░░░░░░░░░░░░░░░░░  25%  Streaming frame 3/5069
  ██████░░░░░░░░░░░░░░░░░░░  25%  Streaming frame 4/5069
  ██████░░░░░░░░░░░░░░░░░░░  25%  Streaming frame 5/5069
  ██████░░░░░░░░░░░░░░░░░░░  25%  Streaming frame 6/5069
  ██████░░░░░░░░░░░░░░░░░░░  25%  Streaming frame 7/5069
  ██████░░░░░░░░░░░░░░░░░░░  25%  Streaming frame 8/5069
  ██████░░░░░░░░░░░░░░░░░░░  25%  Streaming frame 9/5069
  ██████░░░░░░░░░░░░░░░░░░░  25%  Streaming frame 10/5069
  ██████░░░░░░░░░░░░░░░░░░░  25%  Streaming frame 11/5069
  ██████░░░░░░░░░░░░░░░░░░░  25%  Streaming frame 12/5069
  ██████░░░░░░░░░░░░░░░░░░░  25%  Streaming frame 13/5069
  ██████░░░░░░░░░░░░░░░░░░░  25%  Streaming frame 14/5069
  ██████░░░░░░░░░░░░░░░░░░░  25%  Streaming frame 15/5069
  ██████░░░░░░░░░░░░░░░░░░░  25%  Streaming frame 16/5069
  ██████░░░░░░░░░░░░░░░░░░░  25%  Streaming frame 17/5069
  ██████░░░░░░░░░░░░░░░░░░░  25%  Streaming frame 18/5069
  ██████░░░░░░░░░░░░░░░░░░░  25%  Streaming frame 19/5069
  ██████░░░░░░░░░░░░░░░░░░░  25%  Streaming frame 20/5069
  ██████░░░░░░░░░░░░░░░░░░░  25%  Streaming frame 21/5069
  ██████░░░░░░░░░░░░░░░░░░░  25%  Streaming frame 22/5069
  ██████░░░░░░░░░░░░░░░░░░░  25%  Streaming frame 23/5069
  ██████░░░░░░░░░░░░░░░░░░░  25%  Streaming frame 24/5069
  ██████░░░░░░░░░░░░░░░░░░░  25%  Streaming frame 25/5069
  ██████░░░░░░░░░░░░░░░░░░░  25%  Streaming frame 26/5069
  ██████░░░░░░░░░░░░░░░░░░░  25%  Streaming frame 27/5069
  ██████░░░░░░░░░░░░░░░░░░░  25%  Streaming frame 28/5069
  ██████░░░░░░░░░░░░░░░░░░░  25%  Streaming frame 29/5069
  ██████░░░░░░░░░░░░░░░░░░░  25%  Streaming frame 30/5069
  ██████░░░░░░░░░░░░░░░░░░░  25%  Streaming frame 31/5069
  ██████░░░░░░░░░░░░░░░░░░░  25%  Streaming frame 32/5069
  ██████░░░░░░░░░░░░░░░░░░░  25%  Streaming frame 33/5069
  ██████░░░░░░░░░░░░░░░░░░░  25%  Streaming frame 34/5069
  ██████░░░░░░░░░░░░░░░░░░░  25%  Streaming frame 35/5069
  ██████░░░░░░░░░░░░░░░░░░░  25%  Streaming frame 36/5069
  ██████░░░░░░░░░░░░░░░░░░░  25%  Streaming frame 37/5069
  ██████░░░░░░░░░░░░░░░░░░░  25%  Streaming frame 38/5069
  ██████░░░░░░░░░░░░░░░░░░░  25%  Streaming frame 39/5069
  ██████░░░░░░░░░░░░░░░░░░░  25%  Streaming frame 40/5069
  ██████░░░░░░░░░░░░░░░░░░░  25%  Streaming frame 41/5069
  ██████░░░░░░░░░░░░░░░░░░░  25%  Streaming frame 42/5069
  ██████░░░░░░░░░░░░░░░░░░░  25%  Streaming frame 43/5069
  ██████░░░░░░░░░░░░░░░░░░░  25%  Streaming frame 44/5069
  ██████░░░░░░░░░░░░░░░░░░░  25%  Streaming frame 45/5069
  ██████░░░░░░░░░░░░░░░░░░░  25%  Streaming frame 46/5069
  ██████░░░░░░░░░░░░░░░░░░░  26%  Streaming frame 47/5069
  ██████░░░░░░░░░░░░░░░░░░░  26%  Streaming frame 48/5069
  ██████░░░░░░░░░░░░░░░░░░░  26%  Streaming frame 49/5069
  ██████░░░░░░░░░░░░░░░░░░░  26%  Streaming frame 50/5069
  ██████░░░░░░░░░░░░░░░░░░░  26%  Streaming frame 51/5069
  ██████░░░░░░░░░░░░░░░░░░░  26%  Streaming frame 52/5069
  ██████░░░░░░░░░░░░░░░░░░░  26%  Streaming frame 53/5069
  ██████░░░░░░░░░░░░░░░░░░░  26%  Streaming frame 54/5069
  ██████░░░░░░░░░░░░░░░░░░░  26%  Streaming frame 55/5069
  ██████░░░░░░░░░░░░░░░░░░░  26%  Streaming frame 56/5069
  ██████░░░░░░░░░░░░░░░░░░░  26%  Streaming frame 57/5069
  ██████░░░░░░░░░░░░░░░░░░░  26%  Streaming frame 58/5069
  ██████░░░░░░░░░░░░░░░░░░░  26%  Streaming frame 59/5069
  ██████░░░░░░░░░░░░░░░░░░░  26%  Streaming frame 60/5069
  ██████░░░░░░░░░░░░░░░░░░░  26%  Streaming frame 61/5069
  ██████░░░░░░░░░░░░░░░░░░░  26%  Streaming frame 62/5069
  ██████░░░░░░░░░░░░░░░░░░░  26%  Streaming frame 63/5069
  ██████░░░░░░░░░░░░░░░░░░░  26%  Streaming frame 64/5069
  ██████░░░░░░░░░░░░░░░░░░░  26%  Streaming frame 65/5069
  ██████░░░░░░░░░░░░░░░░░░░  26%  Streaming frame 66/5069
  ██████░░░░░░░░░░░░░░░░░░░  26%  Streaming frame 67/5069
  ██████░░░░░░░░░░░░░░░░░░░  26%  Streaming frame 68/5069
  ██████░░░░░░░░░░░░░░░░░░░  26%  Streaming frame 69/5069
  ██████░░░░░░░░░░░░░░░░░░░  26%  Streaming frame 70/5069
  ██████░░░░░░░░░░░░░░░░░░░  26%  Streaming frame 71/5069
  ██████░░░░░░░░░░░░░░░░░░░  26%  Streaming frame 72/5069
  ██████░░░░░░░░░░░░░░░░░░░  26%  Streaming frame 73/5069
  ██████░░░░░░░░░░░░░░░░░░░  26%  Streaming frame 74/5069
  ██████░░░░░░░░░░░░░░░░░░░  26%  Streaming frame 75/5069
  ██████░░░░░░░░░░░░░░░░░░░  26%  Streaming frame 76/5069
  ██████░░░░░░░░░░░░░░░░░░░  26%  Streaming frame 77/5069
  ██████░░░░░░░░░░░░░░░░░░░  26%  Streaming frame 78/5069
  ██████░░░░░░░░░░░░░░░░░░░  26%  Streaming frame 79/5069
  ██████░░░░░░░░░░░░░░░░░░░  26%  Streaming frame 80/5069
  ██████░░░░░░░░░░░░░░░░░░░  26%  Streaming frame 81/5069
  ██████░░░░░░░░░░░░░░░░░░░  26%  Streaming frame 82/5069
  ██████░░░░░░░░░░░░░░░░░░░  26%  Streaming frame 83/5069
  ██████░░░░░░░░░░░░░░░░░░░  26%  Streaming frame 84/5069
  ██████░░░░░░░░░░░░░░░░░░░  26%  Streaming frame 85/5069
  ██████░░░░░░░░░░░░░░░░░░░  26%  Streaming frame 86/5069
  ██████░░░░░░░░░░░░░░░░░░░  26%  Streaming frame 87/5069
  ██████░░░░░░░░░░░░░░░░░░░  26%  Streaming frame 88/5069
  ██████░░░░░░░░░░░░░░░░░░░  26%  Streaming frame 89/5069
  ██████░░░░░░░░░░░░░░░░░░░  26%  Streaming frame 90/5069
  ██████░░░░░░░░░░░░░░░░░░░  26%  Streaming frame 91/5069
  ██████░░░░░░░░░░░░░░░░░░░  26%  Streaming frame 92/5069
  ██████░░░░░░░░░░░░░░░░░░░  26%  Streaming frame 93/5069
  ██████░░░░░░░░░░░░░░░░░░░  26%  Streaming frame 94/5069
  ██████░░░░░░░░░░░░░░░░░░░  26%  Streaming frame 95/5069
  ██████░░░░░░░░░░░░░░░░░░░  26%  Streaming frame 96/5069
  ██████░░░░░░░░░░░░░░░░░░░  26%  Streaming frame 97/5069
  ██████░░░░░░░░░░░░░░░░░░░  26%  Streaming frame 98/5069
  ██████░░░░░░░░░░░░░░░░░░░  26%  Streaming frame 99/5069
  ██████░░░░░░░░░░░░░░░░░░░  26%  Streaming frame 100/5069
  ██████░░░░░░░░░░░░░░░░░░░  26%  Streaming frame 101/5069
  ██████░░░░░░░░░░░░░░░░░░░  26%  Streaming frame 102/5069
  ██████░░░░░░░░░░░░░░░░░░░  26%  Streaming frame 103/5069
  ██████░░░░░░░░░░░░░░░░░░░  26%  Streaming frame 104/5069
  ██████░░░░░░░░░░░░░░░░░░░  26%  Streaming frame 105/5069
  ██████░░░░░░░░░░░░░░░░░░░  26%  Streaming frame 106/5069
  ██████░░░░░░░░░░░░░░░░░░░  26%  Streaming frame 107/5069
  ██████░░░░░░░░░░░░░░░░░░░  26%  Streaming frame 108/5069
  ██████░░░░░░░░░░░░░░░░░░░  26%  Streaming frame 109/5069
  ██████░░░░░░░░░░░░░░░░░░░  26%  Streaming frame 110/5069
  ██████░░░░░░░░░░░░░░░░░░░  26%  Streaming frame 111/5069
  ██████░░░░░░░░░░░░░░░░░░░  26%  Streaming frame 112/5069
  ██████░░░░░░░░░░░░░░░░░░░  26%  Streaming frame 113/5069
  ██████░░░░░░░░░░░░░░░░░░░  26%  Streaming frame 114/5069
  ██████░░░░░░░░░░░░░░░░░░░  26%  Streaming frame 115/5069
  ██████░░░░░░░░░░░░░░░░░░░  26%  Streaming frame 116/5069
  ██████░░░░░░░░░░░░░░░░░░░  26%  Streaming frame 117/5069
  ██████░░░░░░░░░░░░░░░░░░░  26%  Streaming frame 118/5069
  ██████░░░░░░░░░░░░░░░░░░░  26%  Streaming frame 119/5069
  ██████░░░░░░░░░░░░░░░░░░░  26%  Streaming frame 120/5069
  ██████░░░░░░░░░░░░░░░░░░░  26%  Streaming frame 121/5069
  ██████░░░░░░░░░░░░░░░░░░░  26%  Streaming frame 122/5069
  ██████░░░░░░░░░░░░░░░░░░░  26%  Streaming frame 123/5069
  ██████░░░░░░░░░░░░░░░░░░░  26%  Streaming frame 124/5069
  ██████░░░░░░░░░░░░░░░░░░░  26%  Streaming frame 125/5069
  ██████░░░░░░░░░░░░░░░░░░░  26%  Streaming frame 126/5069
  ██████░░░░░░░░░░░░░░░░░░░  26%  Streaming frame 127/5069
  ██████░░░░░░░░░░░░░░░░░░░  26%  Streaming frame 128/5069
  ██████░░░░░░░░░░░░░░░░░░░  26%  Streaming frame 129/5069
  ██████░░░░░░░░░░░░░░░░░░░  26%  Streaming frame 130/5069
  ██████░░░░░░░░░░░░░░░░░░░  26%  Streaming frame 131/5069
  ██████░░░░░░░░░░░░░░░░░░░  26%  Streaming frame 132/5069
  ██████░░░░░░░░░░░░░░░░░░░  26%  Streaming frame 133/5069
  ██████░░░░░░░░░░░░░░░░░░░  26%  Streaming frame 134/5069
  ██████░░░░░░░░░░░░░░░░░░░  26%  Streaming frame 135/5069
  ██████░░░░░░░░░░░░░░░░░░░  26%  Streaming frame 136/5069
  ██████░░░░░░░░░░░░░░░░░░░  26%  Streaming frame 137/5069
  ██████░░░░░░░░░░░░░░░░░░░  26%  Streaming frame 138/5069
  ██████░░░░░░░░░░░░░░░░░░░  27%  Streaming frame 139/5069
  ██████░░░░░░░░░░░░░░░░░░░  27%  Streaming frame 140/5069
  ██████░░░░░░░░░░░░░░░░░░░  27%  Streaming frame 141/5069
  ██████░░░░░░░░░░░░░░░░░░░  27%  Streaming frame 142/5069
  ██████░░░░░░░░░░░░░░░░░░░  27%  Streaming frame 143/5069
  ██████░░░░░░░░░░░░░░░░░░░  27%  Streaming frame 144/5069
  ██████░░░░░░░░░░░░░░░░░░░  27%  Streaming frame 145/5069
  ██████░░░░░░░░░░░░░░░░░░░  27%  Streaming frame 146/5069
  ██████░░░░░░░░░░░░░░░░░░░  27%  Streaming frame 147/5069
  ██████░░░░░░░░░░░░░░░░░░░  27%  Streaming frame 148/5069
  ██████░░░░░░░░░░░░░░░░░░░  27%  Streaming frame 149/5069
  ██████░░░░░░░░░░░░░░░░░░░  27%  Streaming frame 150/5069
  ██████░░░░░░░░░░░░░░░░░░░  27%  Streaming frame 151/5069
  ██████░░░░░░░░░░░░░░░░░░░  27%  Streaming frame 152/5069
  ██████░░░░░░░░░░░░░░░░░░░  27%  Streaming frame 153/5069
  ██████░░░░░░░░░░░░░░░░░░░  27%  Streaming frame 154/5069
  ██████░░░░░░░░░░░░░░░░░░░  27%  Streaming frame 155/5069
  ██████░░░░░░░░░░░░░░░░░░░  27%  Streaming frame 156/5069
  ██████░░░░░░░░░░░░░░░░░░░  27%  Streaming frame 157/5069
  ██████░░░░░░░░░░░░░░░░░░░  27%  Streaming frame 158/5069
  ██████░░░░░░░░░░░░░░░░░░░  27%  Streaming frame 159/5069
  ██████░░░░░░░░░░░░░░░░░░░  27%  Streaming frame 160/5069
  ██████░░░░░░░░░░░░░░░░░░░  27%  Streaming frame 161/5069
  ██████░░░░░░░░░░░░░░░░░░░  27%  Streaming frame 162/5069
  ██████░░░░░░░░░░░░░░░░░░░  27%  Streaming frame 163/5069
  ██████░░░░░░░░░░░░░░░░░░░  27%  Streaming frame 164/5069
  ██████░░░░░░░░░░░░░░░░░░░  27%  Streaming frame 165/5069
  ██████░░░░░░░░░░░░░░░░░░░  27%  Streaming frame 166/5069
  ██████░░░░░░░░░░░░░░░░░░░  27%  Streaming frame 167/5069
  ██████░░░░░░░░░░░░░░░░░░░  27%  Streaming frame 168/5069
  ██████░░░░░░░░░░░░░░░░░░░  27%  Streaming frame 169/5069
  ██████░░░░░░░░░░░░░░░░░░░  27%  Streaming frame 170/5069
  ██████░░░░░░░░░░░░░░░░░░░  27%  Streaming frame 171/5069
  ██████░░░░░░░░░░░░░░░░░░░  27%  Streaming frame 172/5069
  ██████░░░░░░░░░░░░░░░░░░░  27%  Streaming frame 173/5069
  ██████░░░░░░░░░░░░░░░░░░░  27%  Streaming frame 174/5069
  ██████░░░░░░░░░░░░░░░░░░░  27%  Streaming frame 175/5069
  ██████░░░░░░░░░░░░░░░░░░░  27%  Streaming frame 176/5069
  ██████░░░░░░░░░░░░░░░░░░░  27%  Streaming frame 177/5069
  ██████░░░░░░░░░░░░░░░░░░░  27%  Streaming frame 178/5069
  ██████░░░░░░░░░░░░░░░░░░░  27%  Streaming frame 179/5069
  ██████░░░░░░░░░░░░░░░░░░░  27%  Streaming frame 180/5069
  ██████░░░░░░░░░░░░░░░░░░░  27%  Streaming frame 181/5069
  ██████░░░░░░░░░░░░░░░░░░░  27%  Streaming frame 182/5069
  ██████░░░░░░░░░░░░░░░░░░░  27%  Streaming frame 183/5069
  ██████░░░░░░░░░░░░░░░░░░░  27%  Streaming frame 184/5069
  ██████░░░░░░░░░░░░░░░░░░░  27%  Streaming frame 185/5069
  ██████░░░░░░░░░░░░░░░░░░░  27%  Streaming frame 186/5069
  ██████░░░░░░░░░░░░░░░░░░░  27%  Streaming frame 187/5069
  ██████░░░░░░░░░░░░░░░░░░░  27%  Streaming frame 188/5069
  ██████░░░░░░░░░░░░░░░░░░░  27%  Streaming frame 189/5069
  ██████░░░░░░░░░░░░░░░░░░░  27%  Streaming frame 190/5069
  ██████░░░░░░░░░░░░░░░░░░░  27%  Streaming frame 191/5069
  ██████░░░░░░░░░░░░░░░░░░░  27%  Streaming frame 192/5069
  ██████░░░░░░░░░░░░░░░░░░░  27%  Streaming frame 193/5069
  ██████░░░░░░░░░░░░░░░░░░░  27%  Streaming frame 194/5069
  ██████░░░░░░░░░░░░░░░░░░░  27%  Streaming frame 195/5069
  ██████░░░░░░░░░░░░░░░░░░░  27%  Streaming frame 196/5069
  ██████░░░░░░░░░░░░░░░░░░░  27%  Streaming frame 197/5069
  ██████░░░░░░░░░░░░░░░░░░░  27%  Streaming frame 198/5069
  ██████░░░░░░░░░░░░░░░░░░░  27%  Streaming frame 199/5069
  ██████░░░░░░░░░░░░░░░░░░░  27%  Streaming frame 200/5069
  ██████░░░░░░░░░░░░░░░░░░░  27%  Streaming frame 201/5069
  ██████░░░░░░░░░░░░░░░░░░░  27%  Streaming frame 202/5069
  ██████░░░░░░░░░░░░░░░░░░░  27%  Streaming frame 203/5069
  ██████░░░░░░░░░░░░░░░░░░░  27%  Streaming frame 204/5069
  ██████░░░░░░░░░░░░░░░░░░░  27%  Streaming frame 205/5069
  ██████░░░░░░░░░░░░░░░░░░░  27%  Streaming frame 206/5069
  ██████░░░░░░░░░░░░░░░░░░░  27%  Streaming frame 207/5069
  ██████░░░░░░░░░░░░░░░░░░░  27%  Streaming frame 208/5069
  ██████░░░░░░░░░░░░░░░░░░░  27%  Streaming frame 209/5069
  ██████░░░░░░░░░░░░░░░░░░░  27%  Streaming frame 210/5069
  ██████░░░░░░░░░░░░░░░░░░░  27%  Streaming frame 211/5069
  ██████░░░░░░░░░░░░░░░░░░░  27%  Streaming frame 212/5069
  ██████░░░░░░░░░░░░░░░░░░░  27%  Streaming frame 213/5069
  ██████░░░░░░░░░░░░░░░░░░░  27%  Streaming frame 214/5069
  ██████░░░░░░░░░░░░░░░░░░░  27%  Streaming frame 215/5069
  ██████░░░░░░░░░░░░░░░░░░░  27%  Streaming frame 216/5069
  ██████░░░░░░░░░░░░░░░░░░░  27%  Streaming frame 217/5069
  ██████░░░░░░░░░░░░░░░░░░░  27%  Streaming frame 218/5069
  ██████░░░░░░░░░░░░░░░░░░░  27%  Streaming frame 219/5069
  ██████░░░░░░░░░░░░░░░░░░░  27%  Streaming frame 220/5069
  ██████░░░░░░░░░░░░░░░░░░░  27%  Streaming frame 221/5069
  ██████░░░░░░░░░░░░░░░░░░░  27%  Streaming frame 222/5069
  ██████░░░░░░░░░░░░░░░░░░░  27%  Streaming frame 223/5069
  ██████░░░░░░░░░░░░░░░░░░░  27%  Streaming frame 224/5069
  ██████░░░░░░░░░░░░░░░░░░░  27%  Streaming frame 225/5069
  ██████░░░░░░░░░░░░░░░░░░░  27%  Streaming frame 226/5069
  ██████░░░░░░░░░░░░░░░░░░░  27%  Streaming frame 227/5069
  ██████░░░░░░░░░░░░░░░░░░░  27%  Streaming frame 228/5069
  ██████░░░░░░░░░░░░░░░░░░░  27%  Streaming frame 229/5069
  ██████░░░░░░░░░░░░░░░░░░░  27%  Streaming frame 230/5069
  ███████░░░░░░░░░░░░░░░░░░  28%  Streaming frame 231/5069
  ███████░░░░░░░░░░░░░░░░░░  28%  Streaming frame 232/5069
  ███████░░░░░░░░░░░░░░░░░░  28%  Streaming frame 233/5069
  ███████░░░░░░░░░░░░░░░░░░  28%  Streaming frame 234/5069
  ███████░░░░░░░░░░░░░░░░░░  28%  Streaming frame 235/5069
  ███████░░░░░░░░░░░░░░░░░░  28%  Streaming frame 236/5069
  ███████░░░░░░░░░░░░░░░░░░  28%  Streaming frame 237/5069
  ███████░░░░░░░░░░░░░░░░░░  28%  Streaming frame 238/5069
  ███████░░░░░░░░░░░░░░░░░░  28%  Streaming frame 239/5069
  ███████░░░░░░░░░░░░░░░░░░  28%  Streaming frame 240/5069
  ███████░░░░░░░░░░░░░░░░░░  28%  Streaming frame 241/5069
  ███████░░░░░░░░░░░░░░░░░░  28%  Streaming frame 242/5069
  ███████░░░░░░░░░░░░░░░░░░  28%  Streaming frame 243/5069
  ███████░░░░░░░░░░░░░░░░░░  28%  Streaming frame 244/5069
  ███████░░░░░░░░░░░░░░░░░░  28%  Streaming frame 245/5069
  ███████░░░░░░░░░░░░░░░░░░  28%  Streaming frame 246/5069
  ███████░░░░░░░░░░░░░░░░░░  28%  Streaming frame 247/5069
  ███████░░░░░░░░░░░░░░░░░░  28%  Streaming frame 248/5069
  ███████░░░░░░░░░░░░░░░░░░  28%  Streaming frame 249/5069
  ███████░░░░░░░░░░░░░░░░░░  28%  Streaming frame 250/5069
  ███████░░░░░░░░░░░░░░░░░░  28%  Streaming frame 251/5069
  ███████░░░░░░░░░░░░░░░░░░  28%  Streaming frame 252/5069
  ███████░░░░░░░░░░░░░░░░░░  28%  Streaming frame 253/5069
  ███████░░░░░░░░░░░░░░░░░░  28%  Streaming frame 254/5069
  ███████░░░░░░░░░░░░░░░░░░  28%  Streaming frame 255/5069
  ███████░░░░░░░░░░░░░░░░░░  28%  Streaming frame 256/5069
  ███████░░░░░░░░░░░░░░░░░░  28%  Streaming frame 257/5069
  ███████░░░░░░░░░░░░░░░░░░  28%  Streaming frame 258/5069
  ███████░░░░░░░░░░░░░░░░░░  28%  Streaming frame 259/5069
  ███████░░░░░░░░░░░░░░░░░░  28%  Streaming frame 260/5069
  ███████░░░░░░░░░░░░░░░░░░  28%  Streaming frame 261/5069
  ███████░░░░░░░░░░░░░░░░░░  28%  Streaming frame 262/5069
  ███████░░░░░░░░░░░░░░░░░░  28%  Streaming frame 263/5069
  ███████░░░░░░░░░░░░░░░░░░  28%  Streaming frame 264/5069
  ███████░░░░░░░░░░░░░░░░░░  28%  Streaming frame 265/5069
  ███████░░░░░░░░░░░░░░░░░░  28%  Streaming frame 266/5069
  ███████░░░░░░░░░░░░░░░░░░  28%  Streaming frame 267/5069
  ███████░░░░░░░░░░░░░░░░░░  28%  Streaming frame 268/5069
  ███████░░░░░░░░░░░░░░░░░░  28%  Streaming frame 269/5069
  ███████░░░░░░░░░░░░░░░░░░  28%  Streaming frame 270/5069
  ███████░░░░░░░░░░░░░░░░░░  28%  Streaming frame 271/5069
  ███████░░░░░░░░░░░░░░░░░░  28%  Streaming frame 272/5069
  ███████░░░░░░░░░░░░░░░░░░  28%  Streaming frame 273/5069
  ███████░░░░░░░░░░░░░░░░░░  28%  Streaming frame 274/5069
  ███████░░░░░░░░░░░░░░░░░░  28%  Streaming frame 275/5069
  ███████░░░░░░░░░░░░░░░░░░  28%  Streaming frame 276/5069
  ███████░░░░░░░░░░░░░░░░░░  28%  Streaming frame 277/5069
  ███████░░░░░░░░░░░░░░░░░░  28%  Streaming frame 278/5069
  ███████░░░░░░░░░░░░░░░░░░  28%  Streaming frame 279/5069
  ███████░░░░░░░░░░░░░░░░░░  28%  Streaming frame 280/5069
  ███████░░░░░░░░░░░░░░░░░░  28%  Streaming frame 281/5069
  ███████░░░░░░░░░░░░░░░░░░  28%  Streaming frame 282/5069
  ███████░░░░░░░░░░░░░░░░░░  28%  Streaming frame 283/5069
  ███████░░░░░░░░░░░░░░░░░░  28%  Streaming frame 284/5069
  ███████░░░░░░░░░░░░░░░░░░  28%  Streaming frame 285/5069
  ███████░░░░░░░░░░░░░░░░░░  28%  Streaming frame 286/5069
  ███████░░░░░░░░░░░░░░░░░░  28%  Streaming frame 287/5069
  ███████░░░░░░░░░░░░░░░░░░  28%  Streaming frame 288/5069
  ███████░░░░░░░░░░░░░░░░░░  28%  Streaming frame 289/5069
  ███████░░░░░░░░░░░░░░░░░░  28%  Streaming frame 290/5069
  ███████░░░░░░░░░░░░░░░░░░  28%  Streaming frame 291/5069
  ███████░░░░░░░░░░░░░░░░░░  28%  Streaming frame 292/5069
  ███████░░░░░░░░░░░░░░░░░░  28%  Streaming frame 293/5069
  ███████░░░░░░░░░░░░░░░░░░  28%  Streaming frame 294/5069
  ███████░░░░░░░░░░░░░░░░░░  28%  Streaming frame 295/5069
  ███████░░░░░░░░░░░░░░░░░░  28%  Streaming frame 296/5069
  ███████░░░░░░░░░░░░░░░░░░  28%  Streaming frame 297/5069
  ███████░░░░░░░░░░░░░░░░░░  28%  Streaming frame 298/5069
  ███████░░░░░░░░░░░░░░░░░░  28%  Streaming frame 299/5069
  ███████░░░░░░░░░░░░░░░░░░  28%  Streaming frame 300/5069
  ███████░░░░░░░░░░░░░░░░░░  28%  Streaming frame 301/5069
  ███████░░░░░░░░░░░░░░░░░░  28%  Streaming frame 302/5069
  ███████░░░░░░░░░░░░░░░░░░  28%  Streaming frame 303/5069
  ███████░░░░░░░░░░░░░░░░░░  28%  Streaming frame 304/5069
  ███████░░░░░░░░░░░░░░░░░░  28%  Streaming frame 305/5069
  ███████░░░░░░░░░░░░░░░░░░  28%  Streaming frame 306/5069
  ███████░░░░░░░░░░░░░░░░░░  28%  Streaming frame 307/5069
  ███████░░░░░░░░░░░░░░░░░░  28%  Streaming frame 308/5069
  ███████░░░░░░░░░░░░░░░░░░  28%  Streaming frame 309/5069
  ███████░░░░░░░░░░░░░░░░░░  28%  Streaming frame 310/5069
  ███████░░░░░░░░░░░░░░░░░░  28%  Streaming frame 311/5069
  ███████░░░░░░░░░░░░░░░░░░  28%  Streaming frame 312/5069
  ███████░░░░░░░░░░░░░░░░░░  28%  Streaming frame 313/5069
  ███████░░░░░░░░░░░░░░░░░░  28%  Streaming frame 314/5069
  ███████░░░░░░░░░░░░░░░░░░  28%  Streaming frame 315/5069
  ███████░░░░░░░░░░░░░░░░░░  28%  Streaming frame 316/5069
  ███████░░░░░░░░░░░░░░░░░░  28%  Streaming frame 317/5069
  ███████░░░░░░░░░░░░░░░░░░  28%  Streaming frame 318/5069
  ███████░░░░░░░░░░░░░░░░░░  28%  Streaming frame 319/5069
  ███████░░░░░░░░░░░░░░░░░░  28%  Streaming frame 320/5069
  ███████░░░░░░░░░░░░░░░░░░  28%  Streaming frame 321/5069
  ███████░░░░░░░░░░░░░░░░░░  28%  Streaming frame 322/5069
  ███████░░░░░░░░░░░░░░░░░░  29%  Streaming frame 323/5069
  ███████░░░░░░░░░░░░░░░░░░  29%  Streaming frame 324/5069
  ███████░░░░░░░░░░░░░░░░░░  29%  Streaming frame 325/5069
  ███████░░░░░░░░░░░░░░░░░░  29%  Streaming frame 326/5069
  ███████░░░░░░░░░░░░░░░░░░  29%  Streaming frame 327/5069
  ███████░░░░░░░░░░░░░░░░░░  29%  Streaming frame 328/5069
  ███████░░░░░░░░░░░░░░░░░░  29%  Streaming frame 329/5069
  ███████░░░░░░░░░░░░░░░░░░  29%  Streaming frame 330/5069
  ███████░░░░░░░░░░░░░░░░░░  29%  Streaming frame 331/5069
  ███████░░░░░░░░░░░░░░░░░░  29%  Streaming frame 332/5069
  ███████░░░░░░░░░░░░░░░░░░  29%  Streaming frame 333/5069
  ███████░░░░░░░░░░░░░░░░░░  29%  Streaming frame 334/5069
  ███████░░░░░░░░░░░░░░░░░░  29%  Streaming frame 335/5069
  ███████░░░░░░░░░░░░░░░░░░  29%  Streaming frame 336/5069
  ███████░░░░░░░░░░░░░░░░░░  29%  Streaming frame 337/5069
  ███████░░░░░░░░░░░░░░░░░░  29%  Streaming frame 338/5069
  ███████░░░░░░░░░░░░░░░░░░  29%  Streaming frame 339/5069
  ███████░░░░░░░░░░░░░░░░░░  29%  Streaming frame 340/5069
  ███████░░░░░░░░░░░░░░░░░░  29%  Streaming frame 341/5069
  ███████░░░░░░░░░░░░░░░░░░  29%  Streaming frame 342/5069
  ███████░░░░░░░░░░░░░░░░░░  29%  Streaming frame 343/5069
  ███████░░░░░░░░░░░░░░░░░░  29%  Streaming frame 344/5069
  ███████░░░░░░░░░░░░░░░░░░  29%  Streaming frame 345/5069
  ███████░░░░░░░░░░░░░░░░░░  29%  Streaming frame 346/5069
  ███████░░░░░░░░░░░░░░░░░░  29%  Streaming frame 347/5069
  ███████░░░░░░░░░░░░░░░░░░  29%  Streaming frame 348/5069
  ███████░░░░░░░░░░░░░░░░░░  29%  Streaming frame 349/5069
  ███████░░░░░░░░░░░░░░░░░░  29%  Streaming frame 350/5069
  ███████░░░░░░░░░░░░░░░░░░  29%  Streaming frame 351/5069
  ███████░░░░░░░░░░░░░░░░░░  29%  Streaming frame 352/5069
  ███████░░░░░░░░░░░░░░░░░░  29%  Streaming frame 353/5069
  ███████░░░░░░░░░░░░░░░░░░  29%  Streaming frame 354/5069
  ███████░░░░░░░░░░░░░░░░░░  29%  Streaming frame 355/5069
  ███████░░░░░░░░░░░░░░░░░░  29%  Streaming frame 356/5069
  ███████░░░░░░░░░░░░░░░░░░  29%  Streaming frame 357/5069
  ███████░░░░░░░░░░░░░░░░░░  29%  Streaming frame 358/5069
  ███████░░░░░░░░░░░░░░░░░░  29%  Streaming frame 359/5069
  ███████░░░░░░░░░░░░░░░░░░  29%  Streaming frame 360/5069
  ███████░░░░░░░░░░░░░░░░░░  29%  Streaming frame 361/5069
  ███████░░░░░░░░░░░░░░░░░░  29%  Streaming frame 362/5069
  ███████░░░░░░░░░░░░░░░░░░  29%  Streaming frame 363/5069
  ███████░░░░░░░░░░░░░░░░░░  29%  Streaming frame 364/5069
  ███████░░░░░░░░░░░░░░░░░░  29%  Streaming frame 365/5069
  ███████░░░░░░░░░░░░░░░░░░  29%  Streaming frame 366/5069
  ███████░░░░░░░░░░░░░░░░░░  29%  Streaming frame 367/5069
  ███████░░░░░░░░░░░░░░░░░░  29%  Streaming frame 368/5069
  ███████░░░░░░░░░░░░░░░░░░  29%  Streaming frame 369/5069
  ███████░░░░░░░░░░░░░░░░░░  29%  Streaming frame 370/5069
  ███████░░░░░░░░░░░░░░░░░░  29%  Streaming frame 371/5069
  ███████░░░░░░░░░░░░░░░░░░  29%  Streaming frame 372/5069
  ███████░░░░░░░░░░░░░░░░░░  29%  Streaming frame 373/5069
  ███████░░░░░░░░░░░░░░░░░░  29%  Streaming frame 374/5069
  ███████░░░░░░░░░░░░░░░░░░  29%  Streaming frame 375/5069
  ███████░░░░░░░░░░░░░░░░░░  29%  Streaming frame 376/5069
  ███████░░░░░░░░░░░░░░░░░░  29%  Streaming frame 377/5069
  ███████░░░░░░░░░░░░░░░░░░  29%  Streaming frame 378/5069
  ███████░░░░░░░░░░░░░░░░░░  29%  Streaming frame 379/5069
  ███████░░░░░░░░░░░░░░░░░░  29%  Streaming frame 380/5069
  ███████░░░░░░░░░░░░░░░░░░  29%  Streaming frame 381/5069
  ███████░░░░░░░░░░░░░░░░░░  29%  Streaming frame 382/5069
  ███████░░░░░░░░░░░░░░░░░░  29%  Streaming frame 383/5069
  ███████░░░░░░░░░░░░░░░░░░  29%  Streaming frame 384/5069
  ███████░░░░░░░░░░░░░░░░░░  29%  Streaming frame 385/5069
  ███████░░░░░░░░░░░░░░░░░░  29%  Streaming frame 386/5069
  ███████░░░░░░░░░░░░░░░░░░  29%  Streaming frame 387/5069
  ███████░░░░░░░░░░░░░░░░░░  29%  Streaming frame 388/5069
  ███████░░░░░░░░░░░░░░░░░░  29%  Streaming frame 389/5069
  ███████░░░░░░░░░░░░░░░░░░  29%  Streaming frame 390/5069
  ███████░░░░░░░░░░░░░░░░░░  29%  Streaming frame 391/5069
  ███████░░░░░░░░░░░░░░░░░░  29%  Streaming frame 392/5069
  ███████░░░░░░░░░░░░░░░░░░  29%  Streaming frame 393/5069
  ███████░░░░░░░░░░░░░░░░░░  29%  Streaming frame 394/5069
  ███████░░░░░░░░░░░░░░░░░░  29%  Streaming frame 395/5069
  ███████░░░░░░░░░░░░░░░░░░  29%  Streaming frame 396/5069
  ███████░░░░░░░░░░░░░░░░░░  29%  Streaming frame 397/5069
  ███████░░░░░░░░░░░░░░░░░░  29%  Streaming frame 398/5069
  ███████░░░░░░░░░░░░░░░░░░  29%  Streaming frame 399/5069
  ███████░░░░░░░░░░░░░░░░░░  29%  Streaming frame 400/5069
  ███████░░░░░░░░░░░░░░░░░░  29%  Streaming frame 401/5069
  ███████░░░░░░░░░░░░░░░░░░  29%  Streaming frame 402/5069
  ███████░░░░░░░░░░░░░░░░░░  29%  Streaming frame 403/5069
  ███████░░░░░░░░░░░░░░░░░░  29%  Streaming frame 404/5069
  ███████░░░░░░░░░░░░░░░░░░  29%  Streaming frame 405/5069
  ███████░░░░░░░░░░░░░░░░░░  29%  Streaming frame 406/5069
  ███████░░░░░░░░░░░░░░░░░░  29%  Streaming frame 407/5069
  ███████░░░░░░░░░░░░░░░░░░  29%  Streaming frame 408/5069
  ███████░░░░░░░░░░░░░░░░░░  29%  Streaming frame 409/5069
  ███████░░░░░░░░░░░░░░░░░░  29%  Streaming frame 410/5069
  ███████░░░░░░░░░░░░░░░░░░  29%  Streaming frame 411/5069
  ███████░░░░░░░░░░░░░░░░░░  29%  Streaming frame 412/5069
  ███████░░░░░░░░░░░░░░░░░░  29%  Streaming frame 413/5069
  ███████░░░░░░░░░░░░░░░░░░  29%  Streaming frame 414/5069
  ███████░░░░░░░░░░░░░░░░░░  30%  Streaming frame 415/5069
  ███████░░░░░░░░░░░░░░░░░░  30%  Streaming frame 416/5069
  ███████░░░░░░░░░░░░░░░░░░  30%  Streaming frame 417/5069
  ███████░░░░░░░░░░░░░░░░░░  30%  Streaming frame 418/5069
  ███████░░░░░░░░░░░░░░░░░░  30%  Streaming frame 419/5069
  ███████░░░░░░░░░░░░░░░░░░  30%  Streaming frame 420/5069
  ███████░░░░░░░░░░░░░░░░░░  30%  Streaming frame 421/5069
  ███████░░░░░░░░░░░░░░░░░░  30%  Streaming frame 422/5069
  ███████░░░░░░░░░░░░░░░░░░  30%  Streaming frame 423/5069
  ███████░░░░░░░░░░░░░░░░░░  30%  Streaming frame 424/5069
  ███████░░░░░░░░░░░░░░░░░░  30%  Streaming frame 425/5069
  ███████░░░░░░░░░░░░░░░░░░  30%  Streaming frame 426/5069
  ███████░░░░░░░░░░░░░░░░░░  30%  Streaming frame 427/5069
  ███████░░░░░░░░░░░░░░░░░░  30%  Streaming frame 428/5069
  ███████░░░░░░░░░░░░░░░░░░  30%  Streaming frame 429/5069
  ███████░░░░░░░░░░░░░░░░░░  30%  Streaming frame 430/5069
  ███████░░░░░░░░░░░░░░░░░░  30%  Streaming frame 431/5069
  ███████░░░░░░░░░░░░░░░░░░  30%  Streaming frame 432/5069
  ███████░░░░░░░░░░░░░░░░░░  30%  Streaming frame 433/5069
  ███████░░░░░░░░░░░░░░░░░░  30%  Streaming frame 434/5069
  ███████░░░░░░░░░░░░░░░░░░  30%  Streaming frame 435/5069
  ███████░░░░░░░░░░░░░░░░░░  30%  Streaming frame 436/5069
  ███████░░░░░░░░░░░░░░░░░░  30%  Streaming frame 437/5069
  ███████░░░░░░░░░░░░░░░░░░  30%  Streaming frame 438/5069
  ███████░░░░░░░░░░░░░░░░░░  30%  Streaming frame 439/5069
  ███████░░░░░░░░░░░░░░░░░░  30%  Streaming frame 440/5069
  ███████░░░░░░░░░░░░░░░░░░  30%  Streaming frame 441/5069
  ███████░░░░░░░░░░░░░░░░░░  30%  Streaming frame 442/5069
  ███████░░░░░░░░░░░░░░░░░░  30%  Streaming frame 443/5069
  ███████░░░░░░░░░░░░░░░░░░  30%  Streaming frame 444/5069
  ███████░░░░░░░░░░░░░░░░░░  30%  Streaming frame 445/5069
  ███████░░░░░░░░░░░░░░░░░░  30%  Streaming frame 446/5069
  ███████░░░░░░░░░░░░░░░░░░  30%  Streaming frame 447/5069
  ███████░░░░░░░░░░░░░░░░░░  30%  Streaming frame 448/5069
  ███████░░░░░░░░░░░░░░░░░░  30%  Streaming frame 449/5069
  ███████░░░░░░░░░░░░░░░░░░  30%  Streaming frame 450/5069
  ███████░░░░░░░░░░░░░░░░░░  30%  Streaming frame 451/5069
  ███████░░░░░░░░░░░░░░░░░░  30%  Streaming frame 452/5069
  ███████░░░░░░░░░░░░░░░░░░  30%  Streaming frame 453/5069
  ███████░░░░░░░░░░░░░░░░░░  30%  Streaming frame 454/5069
  ███████░░░░░░░░░░░░░░░░░░  30%  Streaming frame 455/5069
  ███████░░░░░░░░░░░░░░░░░░  30%  Streaming frame 456/5069
  ███████░░░░░░░░░░░░░░░░░░  30%  Streaming frame 457/5069
  ███████░░░░░░░░░░░░░░░░░░  30%  Streaming frame 458/5069
  ███████░░░░░░░░░░░░░░░░░░  30%  Streaming frame 459/5069
  ███████░░░░░░░░░░░░░░░░░░  30%  Streaming frame 460/5069
  ███████░░░░░░░░░░░░░░░░░░  30%  Streaming frame 461/5069
  ███████░░░░░░░░░░░░░░░░░░  30%  Streaming frame 462/5069
  ███████░░░░░░░░░░░░░░░░░░  30%  Streaming frame 463/5069
  ███████░░░░░░░░░░░░░░░░░░  30%  Streaming frame 464/5069
  ███████░░░░░░░░░░░░░░░░░░  30%  Streaming frame 465/5069
  ███████░░░░░░░░░░░░░░░░░░  30%  Streaming frame 466/5069
  ███████░░░░░░░░░░░░░░░░░░  30%  Streaming frame 467/5069
  ███████░░░░░░░░░░░░░░░░░░  30%  Streaming frame 468/5069
  ███████░░░░░░░░░░░░░░░░░░  30%  Streaming frame 469/5069
  ███████░░░░░░░░░░░░░░░░░░  30%  Streaming frame 470/5069
  ███████░░░░░░░░░░░░░░░░░░  30%  Streaming frame 471/5069
  ███████░░░░░░░░░░░░░░░░░░  30%  Streaming frame 472/5069
  ███████░░░░░░░░░░░░░░░░░░  30%  Streaming frame 473/5069
  ███████░░░░░░░░░░░░░░░░░░  30%  Streaming frame 474/5069
  ███████░░░░░░░░░░░░░░░░░░  30%  Streaming frame 475/5069
  ███████░░░░░░░░░░░░░░░░░░  30%  Streaming frame 476/5069
  ███████░░░░░░░░░░░░░░░░░░  30%  Streaming frame 477/5069
  ███████░░░░░░░░░░░░░░░░░░  30%  Streaming frame 478/5069
  ███████░░░░░░░░░░░░░░░░░░  30%  Streaming frame 479/5069
  ███████░░░░░░░░░░░░░░░░░░  30%  Streaming frame 480/5069
  ███████░░░░░░░░░░░░░░░░░░  30%  Streaming frame 481/5069
  ███████░░░░░░░░░░░░░░░░░░  30%  Streaming frame 482/5069
  ███████░░░░░░░░░░░░░░░░░░  30%  Streaming frame 483/5069
  ███████░░░░░░░░░░░░░░░░░░  30%  Streaming frame 484/5069
  ███████░░░░░░░░░░░░░░░░░░  30%  Streaming frame 485/5069
  ███████░░░░░░░░░░░░░░░░░░  30%  Streaming frame 486/5069
  ███████░░░░░░░░░░░░░░░░░░  30%  Streaming frame 487/5069
  ███████░░░░░░░░░░░░░░░░░░  30%  Streaming frame 488/5069
  ███████░░░░░░░░░░░░░░░░░░  30%  Streaming frame 489/5069
  ███████░░░░░░░░░░░░░░░░░░  30%  Streaming frame 490/5069
  ███████░░░░░░░░░░░░░░░░░░  30%  Streaming frame 491/5069
  ███████░░░░░░░░░░░░░░░░░░  30%  Streaming frame 492/5069
  ███████░░░░░░░░░░░░░░░░░░  30%  Streaming frame 493/5069
  ███████░░░░░░░░░░░░░░░░░░  30%  Streaming frame 494/5069
  ███████░░░░░░░░░░░░░░░░░░  30%  Streaming frame 495/5069
  ███████░░░░░░░░░░░░░░░░░░  30%  Streaming frame 496/5069
  ███████░░░░░░░░░░░░░░░░░░  30%  Streaming frame 497/5069
  ███████░░░░░░░░░░░░░░░░░░  30%  Streaming frame 498/5069
  ███████░░░░░░░░░░░░░░░░░░  30%  Streaming frame 499/5069
  ███████░░░░░░░░░░░░░░░░░░  30%  Streaming frame 500/5069
  ███████░░░░░░░░░░░░░░░░░░  30%  Streaming frame 501/5069
  ███████░░░░░░░░░░░░░░░░░░  30%  Streaming frame 502/5069
  ███████░░░░░░░░░░░░░░░░░░  30%  Streaming frame 503/5069
  ███████░░░░░░░░░░░░░░░░░░  30%  Streaming frame 504/5069
  ███████░░░░░░░░░░░░░░░░░░  30%  Streaming frame 505/5069
  ███████░░░░░░░░░░░░░░░░░░  30%  Streaming frame 506/5069
  ███████░░░░░░░░░░░░░░░░░░  31%  Streaming frame 507/5069
  ███████░░░░░░░░░░░░░░░░░░  31%  Streaming frame 508/5069
  ███████░░░░░░░░░░░░░░░░░░  31%  Streaming frame 509/5069
  ███████░░░░░░░░░░░░░░░░░░  31%  Streaming frame 510/5069
  ███████░░░░░░░░░░░░░░░░░░  31%  Streaming frame 511/5069
  ███████░░░░░░░░░░░░░░░░░░  31%  Streaming frame 512/5069
  ███████░░░░░░░░░░░░░░░░░░  31%  Streaming frame 513/5069
  ███████░░░░░░░░░░░░░░░░░░  31%  Streaming frame 514/5069
  ███████░░░░░░░░░░░░░░░░░░  31%  Streaming frame 515/5069
  ███████░░░░░░░░░░░░░░░░░░  31%  Streaming frame 516/5069
  ███████░░░░░░░░░░░░░░░░░░  31%  Streaming frame 517/5069
  ███████░░░░░░░░░░░░░░░░░░  31%  Streaming frame 518/5069
  ███████░░░░░░░░░░░░░░░░░░  31%  Streaming frame 519/5069
  ███████░░░░░░░░░░░░░░░░░░  31%  Streaming frame 520/5069
  ███████░░░░░░░░░░░░░░░░░░  31%  Streaming frame 521/5069
  ███████░░░░░░░░░░░░░░░░░░  31%  Streaming frame 522/5069
  ███████░░░░░░░░░░░░░░░░░░  31%  Streaming frame 523/5069
  ███████░░░░░░░░░░░░░░░░░░  31%  Streaming frame 524/5069
  ███████░░░░░░░░░░░░░░░░░░  31%  Streaming frame 525/5069
  ███████░░░░░░░░░░░░░░░░░░  31%  Streaming frame 526/5069
  ███████░░░░░░░░░░░░░░░░░░  31%  Streaming frame 527/5069
  ███████░░░░░░░░░░░░░░░░░░  31%  Streaming frame 528/5069
  ███████░░░░░░░░░░░░░░░░░░  31%  Streaming frame 529/5069
  ███████░░░░░░░░░░░░░░░░░░  31%  Streaming frame 530/5069
  ███████░░░░░░░░░░░░░░░░░░  31%  Streaming frame 531/5069
  ███████░░░░░░░░░░░░░░░░░░  31%  Streaming frame 532/5069
  ███████░░░░░░░░░░░░░░░░░░  31%  Streaming frame 533/5069
  ███████░░░░░░░░░░░░░░░░░░  31%  Streaming frame 534/5069
  ███████░░░░░░░░░░░░░░░░░░  31%  Streaming frame 535/5069
  ███████░░░░░░░░░░░░░░░░░░  31%  Streaming frame 536/5069
  ███████░░░░░░░░░░░░░░░░░░  31%  Streaming frame 537/5069
  ███████░░░░░░░░░░░░░░░░░░  31%  Streaming frame 538/5069
  ███████░░░░░░░░░░░░░░░░░░  31%  Streaming frame 539/5069
  ███████░░░░░░░░░░░░░░░░░░  31%  Streaming frame 540/5069
  ███████░░░░░░░░░░░░░░░░░░  31%  Streaming frame 541/5069
  ███████░░░░░░░░░░░░░░░░░░  31%  Streaming frame 542/5069
  ███████░░░░░░░░░░░░░░░░░░  31%  Streaming frame 543/5069
  ███████░░░░░░░░░░░░░░░░░░  31%  Streaming frame 544/5069
  ███████░░░░░░░░░░░░░░░░░░  31%  Streaming frame 545/5069
  ███████░░░░░░░░░░░░░░░░░░  31%  Streaming frame 546/5069
  ███████░░░░░░░░░░░░░░░░░░  31%  Streaming frame 547/5069
  ███████░░░░░░░░░░░░░░░░░░  31%  Streaming frame 548/5069
  ███████░░░░░░░░░░░░░░░░░░  31%  Streaming frame 549/5069
  ███████░░░░░░░░░░░░░░░░░░  31%  Streaming frame 550/5069
  ███████░░░░░░░░░░░░░░░░░░  31%  Streaming frame 551/5069
  ███████░░░░░░░░░░░░░░░░░░  31%  Streaming frame 552/5069
  ███████░░░░░░░░░░░░░░░░░░  31%  Streaming frame 553/5069
  ███████░░░░░░░░░░░░░░░░░░  31%  Streaming frame 554/5069
  ███████░░░░░░░░░░░░░░░░░░  31%  Streaming frame 555/5069
  ███████░░░░░░░░░░░░░░░░░░  31%  Streaming frame 556/5069
  ███████░░░░░░░░░░░░░░░░░░  31%  Streaming frame 557/5069
  ███████░░░░░░░░░░░░░░░░░░  31%  Streaming frame 558/5069
  ███████░░░░░░░░░░░░░░░░░░  31%  Streaming frame 559/5069
  ███████░░░░░░░░░░░░░░░░░░  31%  Streaming frame 560/5069
  ███████░░░░░░░░░░░░░░░░░░  31%  Streaming frame 561/5069
  ███████░░░░░░░░░░░░░░░░░░  31%  Streaming frame 562/5069
  ███████░░░░░░░░░░░░░░░░░░  31%  Streaming frame 563/5069
  ███████░░░░░░░░░░░░░░░░░░  31%  Streaming frame 564/5069
  ███████░░░░░░░░░░░░░░░░░░  31%  Streaming frame 565/5069
  ███████░░░░░░░░░░░░░░░░░░  31%  Streaming frame 566/5069
  ███████░░░░░░░░░░░░░░░░░░  31%  Streaming frame 567/5069
  ███████░░░░░░░░░░░░░░░░░░  31%  Streaming frame 568/5069
  ███████░░░░░░░░░░░░░░░░░░  31%  Streaming frame 569/5069
  ███████░░░░░░░░░░░░░░░░░░  31%  Streaming frame 570/5069
  ███████░░░░░░░░░░░░░░░░░░  31%  Streaming frame 571/5069
  ███████░░░░░░░░░░░░░░░░░░  31%  Streaming frame 572/5069
  ███████░░░░░░░░░░░░░░░░░░  31%  Streaming frame 573/5069
  ███████░░░░░░░░░░░░░░░░░░  31%  Streaming frame 574/5069
  ███████░░░░░░░░░░░░░░░░░░  31%  Streaming frame 575/5069
  ███████░░░░░░░░░░░░░░░░░░  31%  Streaming frame 576/5069
  ███████░░░░░░░░░░░░░░░░░░  31%  Streaming frame 577/5069
  ███████░░░░░░░░░░░░░░░░░░  31%  Streaming frame 578/5069
  ███████░░░░░░░░░░░░░░░░░░  31%  Streaming frame 579/5069
  ███████░░░░░░░░░░░░░░░░░░  31%  Streaming frame 580/5069
  ███████░░░░░░░░░░░░░░░░░░  31%  Streaming frame 581/5069
  ███████░░░░░░░░░░░░░░░░░░  31%  Streaming frame 582/5069
  ███████░░░░░░░░░░░░░░░░░░  31%  Streaming frame 583/5069
  ███████░░░░░░░░░░░░░░░░░░  31%  Streaming frame 584/5069
  ███████░░░░░░░░░░░░░░░░░░  31%  Streaming frame 585/5069
  ███████░░░░░░░░░░░░░░░░░░  31%  Streaming frame 586/5069
  ███████░░░░░░░░░░░░░░░░░░  31%  Streaming frame 587/5069
  ███████░░░░░░░░░░░░░░░░░░  31%  Streaming frame 588/5069
  ███████░░░░░░░░░░░░░░░░░░  31%  Streaming frame 589/5069
  ███████░░░░░░░░░░░░░░░░░░  31%  Streaming frame 590/5069
  ███████░░░░░░░░░░░░░░░░░░  31%  Streaming frame 591/5069
  ███████░░░░░░░░░░░░░░░░░░  31%  Streaming frame 592/5069
  ███████░░░░░░░░░░░░░░░░░░  31%  Streaming frame 593/5069
  ███████░░░░░░░░░░░░░░░░░░  31%  Streaming frame 594/5069
  ███████░░░░░░░░░░░░░░░░░░  31%  Streaming frame 595/5069
  ███████░░░░░░░░░░░░░░░░░░  31%  Streaming frame 596/5069
  ███████░░░░░░░░░░░░░░░░░░  31%  Streaming frame 597/5069
  ███████░░░░░░░░░░░░░░░░░░  31%  Streaming frame 598/5069
  ███████░░░░░░░░░░░░░░░░░░  31%  Streaming frame 599/5069
  ████████░░░░░░░░░░░░░░░░░  32%  Streaming frame 600/5069
  ████████░░░░░░░░░░░░░░░░░  32%  Streaming frame 601/5069
  ████████░░░░░░░░░░░░░░░░░  32%  Streaming frame 602/5069
  ████████░░░░░░░░░░░░░░░░░  32%  Streaming frame 603/5069
  ████████░░░░░░░░░░░░░░░░░  32%  Streaming frame 604/5069
  ████████░░░░░░░░░░░░░░░░░  32%  Streaming frame 605/5069
  ████████░░░░░░░░░░░░░░░░░  32%  Streaming frame 606/5069
  ████████░░░░░░░░░░░░░░░░░  32%  Streaming frame 607/5069
  ████████░░░░░░░░░░░░░░░░░  32%  Streaming frame 608/5069
  ████████░░░░░░░░░░░░░░░░░  32%  Streaming frame 609/5069
  ████████░░░░░░░░░░░░░░░░░  32%  Streaming frame 610/5069
  ████████░░░░░░░░░░░░░░░░░  32%  Streaming frame 611/5069
  ████████░░░░░░░░░░░░░░░░░  32%  Streaming frame 612/5069
  ████████░░░░░░░░░░░░░░░░░  32%  Streaming frame 613/5069
  ████████░░░░░░░░░░░░░░░░░  32%  Streaming frame 614/5069
  ████████░░░░░░░░░░░░░░░░░  32%  Streaming frame 615/5069
  ████████░░░░░░░░░░░░░░░░░  32%  Streaming frame 616/5069
  ████████░░░░░░░░░░░░░░░░░  32%  Streaming frame 617/5069
  ████████░░░░░░░░░░░░░░░░░  32%  Streaming frame 618/5069
  ████████░░░░░░░░░░░░░░░░░  32%  Streaming frame 619/5069
  ████████░░░░░░░░░░░░░░░░░  32%  Streaming frame 620/5069
  ████████░░░░░░░░░░░░░░░░░  32%  Streaming frame 621/5069
  ████████░░░░░░░░░░░░░░░░░  32%  Streaming frame 622/5069
  ████████░░░░░░░░░░░░░░░░░  32%  Streaming frame 623/5069
  ████████░░░░░░░░░░░░░░░░░  32%  Streaming frame 624/5069
  ████████░░░░░░░░░░░░░░░░░  32%  Streaming frame 625/5069
  ████████░░░░░░░░░░░░░░░░░  32%  Streaming frame 626/5069
  ████████░░░░░░░░░░░░░░░░░  32%  Streaming frame 627/5069
  ████████░░░░░░░░░░░░░░░░░  32%  Streaming frame 628/5069
  ████████░░░░░░░░░░░░░░░░░  32%  Streaming frame 629/5069
  ████████░░░░░░░░░░░░░░░░░  32%  Streaming frame 630/5069
  ████████░░░░░░░░░░░░░░░░░  32%  Streaming frame 631/5069
  ████████░░░░░░░░░░░░░░░░░  32%  Streaming frame 632/5069
  ████████░░░░░░░░░░░░░░░░░  32%  Streaming frame 633/5069
  ████████░░░░░░░░░░░░░░░░░  32%  Streaming frame 634/5069
  ████████░░░░░░░░░░░░░░░░░  32%  Streaming frame 635/5069
  ████████░░░░░░░░░░░░░░░░░  32%  Streaming frame 636/5069
  ████████░░░░░░░░░░░░░░░░░  32%  Streaming frame 637/5069
  ████████░░░░░░░░░░░░░░░░░  32%  Streaming frame 638/5069
  ████████░░░░░░░░░░░░░░░░░  32%  Streaming frame 639/5069
  ████████░░░░░░░░░░░░░░░░░  32%  Streaming frame 640/5069
  ████████░░░░░░░░░░░░░░░░░  32%  Streaming frame 641/5069
  ████████░░░░░░░░░░░░░░░░░  32%  Streaming frame 642/5069
  ████████░░░░░░░░░░░░░░░░░  32%  Streaming frame 643/5069
  ████████░░░░░░░░░░░░░░░░░  32%  Streaming frame 644/5069
  ████████░░░░░░░░░░░░░░░░░  32%  Streaming frame 645/5069
  ████████░░░░░░░░░░░░░░░░░  32%  Streaming frame 646/5069
  ████████░░░░░░░░░░░░░░░░░  32%  Streaming frame 647/5069
  ████████░░░░░░░░░░░░░░░░░  32%  Streaming frame 648/5069
  ████████░░░░░░░░░░░░░░░░░  32%  Streaming frame 649/5069
  ████████░░░░░░░░░░░░░░░░░  32%  Streaming frame 650/5069
  ████████░░░░░░░░░░░░░░░░░  32%  Streaming frame 651/5069
  ████████░░░░░░░░░░░░░░░░░  32%  Streaming frame 652/5069
  ████████░░░░░░░░░░░░░░░░░  32%  Streaming frame 653/5069
  ████████░░░░░░░░░░░░░░░░░  32%  Streaming frame 654/5069
  ████████░░░░░░░░░░░░░░░░░  32%  Streaming frame 655/5069
  ████████░░░░░░░░░░░░░░░░░  32%  Streaming frame 656/5069
  ████████░░░░░░░░░░░░░░░░░  32%  Streaming frame 657/5069
  ████████░░░░░░░░░░░░░░░░░  32%  Streaming frame 658/5069
  ████████░░░░░░░░░░░░░░░░░  32%  Streaming frame 659/5069
  ████████░░░░░░░░░░░░░░░░░  32%  Streaming frame 660/5069
  ████████░░░░░░░░░░░░░░░░░  32%  Streaming frame 661/5069
  ████████░░░░░░░░░░░░░░░░░  32%  Streaming frame 662/5069
  ████████░░░░░░░░░░░░░░░░░  32%  Streaming frame 663/5069
  ████████░░░░░░░░░░░░░░░░░  32%  Streaming frame 664/5069
  ████████░░░░░░░░░░░░░░░░░  32%  Streaming frame 665/5069
  ████████░░░░░░░░░░░░░░░░░  32%  Streaming frame 666/5069
  ████████░░░░░░░░░░░░░░░░░  32%  Streaming frame 667/5069
  ████████░░░░░░░░░░░░░░░░░  32%  Streaming frame 668/5069
  ████████░░░░░░░░░░░░░░░░░  32%  Streaming frame 669/5069
  ████████░░░░░░░░░░░░░░░░░  32%  Streaming frame 670/5069
  ████████░░░░░░░░░░░░░░░░░  32%  Streaming frame 671/5069
  ████████░░░░░░░░░░░░░░░░░  32%  Streaming frame 672/5069
  ████████░░░░░░░░░░░░░░░░░  32%  Streaming frame 673/5069
  ████████░░░░░░░░░░░░░░░░░  32%  Streaming frame 674/5069
  ████████░░░░░░░░░░░░░░░░░  32%  Streaming frame 675/5069
  ████████░░░░░░░░░░░░░░░░░  32%  Streaming frame 676/5069
  ████████░░░░░░░░░░░░░░░░░  32%  Streaming frame 677/5069
  ████████░░░░░░░░░░░░░░░░░  32%  Streaming frame 678/5069
  ████████░░░░░░░░░░░░░░░░░  32%  Streaming frame 679/5069
  ████████░░░░░░░░░░░░░░░░░  32%  Streaming frame 680/5069
  ████████░░░░░░░░░░░░░░░░░  32%  Streaming frame 681/5069
  ████████░░░░░░░░░░░░░░░░░  32%  Streaming frame 682/5069
  ████████░░░░░░░░░░░░░░░░░  32%  Streaming frame 683/5069
  ████████░░░░░░░░░░░░░░░░░  32%  Streaming frame 684/5069
  ████████░░░░░░░░░░░░░░░░░  32%  Streaming frame 685/5069
  ████████░░░░░░░░░░░░░░░░░  32%  Streaming frame 686/5069
  ████████░░░░░░░░░░░░░░░░░  32%  Streaming frame 687/5069
  ████████░░░░░░░░░░░░░░░░░  32%  Streaming frame 688/5069
  ████████░░░░░░░░░░░░░░░░░  32%  Streaming frame 689/5069
  ████████░░░░░░░░░░░░░░░░░  32%  Streaming frame 690/5069
  ████████░░░░░░░░░░░░░░░░░  32%  Streaming frame 691/5069
  ████████░░░░░░░░░░░░░░░░░  33%  Streaming frame 692/5069
  ████████░░░░░░░░░░░░░░░░░  33%  Streaming frame 693/5069
  ████████░░░░░░░░░░░░░░░░░  33%  Streaming frame 694/5069
  ████████░░░░░░░░░░░░░░░░░  33%  Streaming frame 695/5069
  ████████░░░░░░░░░░░░░░░░░  33%  Streaming frame 696/5069
  ████████░░░░░░░░░░░░░░░░░  33%  Streaming frame 697/5069
  ████████░░░░░░░░░░░░░░░░░  33%  Streaming frame 698/5069
  ████████░░░░░░░░░░░░░░░░░  33%  Streaming frame 699/5069
  ████████░░░░░░░░░░░░░░░░░  33%  Streaming frame 700/5069
  ████████░░░░░░░░░░░░░░░░░  33%  Streaming frame 701/5069
  ████████░░░░░░░░░░░░░░░░░  33%  Streaming frame 702/5069
  ████████░░░░░░░░░░░░░░░░░  33%  Streaming frame 703/5069
  ████████░░░░░░░░░░░░░░░░░  33%  Streaming frame 704/5069
  ████████░░░░░░░░░░░░░░░░░  33%  Streaming frame 705/5069
  ████████░░░░░░░░░░░░░░░░░  33%  Streaming frame 706/5069
  ████████░░░░░░░░░░░░░░░░░  33%  Streaming frame 707/5069
  ████████░░░░░░░░░░░░░░░░░  33%  Streaming frame 708/5069
  ████████░░░░░░░░░░░░░░░░░  33%  Streaming frame 709/5069
  ████████░░░░░░░░░░░░░░░░░  33%  Streaming frame 710/5069
  ████████░░░░░░░░░░░░░░░░░  33%  Streaming frame 711/5069
  ████████░░░░░░░░░░░░░░░░░  33%  Streaming frame 712/5069
  ████████░░░░░░░░░░░░░░░░░  33%  Streaming frame 713/5069
  ████████░░░░░░░░░░░░░░░░░  33%  Streaming frame 714/5069
  ████████░░░░░░░░░░░░░░░░░  33%  Streaming frame 715/5069
  ████████░░░░░░░░░░░░░░░░░  33%  Streaming frame 716/5069
  ████████░░░░░░░░░░░░░░░░░  33%  Streaming frame 717/5069
  ████████░░░░░░░░░░░░░░░░░  33%  Streaming frame 718/5069
  ████████░░░░░░░░░░░░░░░░░  33%  Streaming frame 719/5069
  ████████░░░░░░░░░░░░░░░░░  33%  Streaming frame 720/5069
  ████████░░░░░░░░░░░░░░░░░  33%  Streaming frame 721/5069
  ████████░░░░░░░░░░░░░░░░░  33%  Streaming frame 722/5069
  ████████░░░░░░░░░░░░░░░░░  33%  Streaming frame 723/5069
[INFO] [Render:trace] {"renderJobId":"0dd5b22e-1fca-4ee4-abf5-1b164b0ec6f4","phase":"capture_streaming","status":"checkpoint","elapsedMs":31479,"message":"stage still running","stagePhase":"capturing","workerCount":1,"forceScreenshot":false,"totalFrames":5069,"framesCompleted":723,"captureMode":"drawelement","captureOperation":"drawElement","heartbeatIndex":1,"stageElapsedMs":30002}
  ████████░░░░░░░░░░░░░░░░░  33%  Streaming frame 724/5069
  ████████░░░░░░░░░░░░░░░░░  33%  Streaming frame 725/5069
  ████████░░░░░░░░░░░░░░░░░  33%  Streaming frame 726/5069
  ████████░░░░░░░░░░░░░░░░░  33%  Streaming frame 727/5069
  ████████░░░░░░░░░░░░░░░░░  33%  Streaming frame 728/5069
  ████████░░░░░░░░░░░░░░░░░  33%  Streaming frame 729/5069
  ████████░░░░░░░░░░░░░░░░░  33%  Streaming frame 730/5069
  ████████░░░░░░░░░░░░░░░░░  33%  Streaming frame 731/5069
  ████████░░░░░░░░░░░░░░░░░  33%  Streaming frame 732/5069
  ████████░░░░░░░░░░░░░░░░░  33%  Streaming frame 733/5069
  ████████░░░░░░░░░░░░░░░░░  33%  Streaming frame 734/5069
  ████████░░░░░░░░░░░░░░░░░  33%  Streaming frame 735/5069
  ████████░░░░░░░░░░░░░░░░░  33%  Streaming frame 736/5069
  ████████░░░░░░░░░░░░░░░░░  33%  Streaming frame 737/5069
  ████████░░░░░░░░░░░░░░░░░  33%  Streaming frame 738/5069
  ████████░░░░░░░░░░░░░░░░░  33%  Streaming frame 739/5069
  ████████░░░░░░░░░░░░░░░░░  33%  Streaming frame 740/5069
  ████████░░░░░░░░░░░░░░░░░  33%  Streaming frame 741/5069
  ████████░░░░░░░░░░░░░░░░░  33%  Streaming frame 742/5069
  ████████░░░░░░░░░░░░░░░░░  33%  Streaming frame 743/5069
  ████████░░░░░░░░░░░░░░░░░  33%  Streaming frame 744/5069
  ████████░░░░░░░░░░░░░░░░░  33%  Streaming frame 745/5069
  ████████░░░░░░░░░░░░░░░░░  33%  Streaming frame 746/5069
  ████████░░░░░░░░░░░░░░░░░  33%  Streaming frame 747/5069
  ████████░░░░░░░░░░░░░░░░░  33%  Streaming frame 748/5069
  ████████░░░░░░░░░░░░░░░░░  33%  Streaming frame 749/5069
  ████████░░░░░░░░░░░░░░░░░  33%  Streaming frame 750/5069
  ████████░░░░░░░░░░░░░░░░░  33%  Streaming frame 751/5069
  ████████░░░░░░░░░░░░░░░░░  33%  Streaming frame 752/5069
  ████████░░░░░░░░░░░░░░░░░  33%  Streaming frame 753/5069
  ████████░░░░░░░░░░░░░░░░░  33%  Streaming frame 754/5069
  ████████░░░░░░░░░░░░░░░░░  33%  Streaming frame 755/5069
  ████████░░░░░░░░░░░░░░░░░  33%  Streaming frame 756/5069
  ████████░░░░░░░░░░░░░░░░░  33%  Streaming frame 757/5069
  ████████░░░░░░░░░░░░░░░░░  33%  Streaming frame 758/5069
  ████████░░░░░░░░░░░░░░░░░  33%  Streaming frame 759/5069
  ████████░░░░░░░░░░░░░░░░░  33%  Streaming frame 760/5069
  ████████░░░░░░░░░░░░░░░░░  33%  Streaming frame 761/5069
  ████████░░░░░░░░░░░░░░░░░  33%  Streaming frame 762/5069
  ████████░░░░░░░░░░░░░░░░░  33%  Streaming frame 763/5069
  ████████░░░░░░░░░░░░░░░░░  33%  Streaming frame 764/5069
  ████████░░░░░░░░░░░░░░░░░  33%  Streaming frame 765/5069
  ████████░░░░░░░░░░░░░░░░░  33%  Streaming frame 766/5069
  ████████░░░░░░░░░░░░░░░░░  33%  Streaming frame 767/5069
  ████████░░░░░░░░░░░░░░░░░  33%  Streaming frame 768/5069
  ████████░░░░░░░░░░░░░░░░░  33%  Streaming frame 769/5069
  ████████░░░░░░░░░░░░░░░░░  33%  Streaming frame 770/5069
  ████████░░░░░░░░░░░░░░░░░  33%  Streaming frame 771/5069
  ████████░░░░░░░░░░░░░░░░░  33%  Streaming frame 772/5069
  ████████░░░░░░░░░░░░░░░░░  33%  Streaming frame 773/5069
  ████████░░░░░░░░░░░░░░░░░  33%  Streaming frame 774/5069
  ████████░░░░░░░░░░░░░░░░░  33%  Streaming frame 775/5069
  ████████░░░░░░░░░░░░░░░░░  33%  Streaming frame 776/5069
  ████████░░░░░░░░░░░░░░░░░  33%  Streaming frame 777/5069
  ████████░░░░░░░░░░░░░░░░░  33%  Streaming frame 778/5069
  ████████░░░░░░░░░░░░░░░░░  33%  Streaming frame 779/5069
  ████████░░░░░░░░░░░░░░░░░  33%  Streaming frame 780/5069
  ████████░░░░░░░░░░░░░░░░░  33%  Streaming frame 781/5069
  ████████░░░░░░░░░░░░░░░░░  33%  Streaming frame 782/5069
  ████████░░░░░░░░░░░░░░░░░  33%  Streaming frame 783/5069
  ████████░░░░░░░░░░░░░░░░░  34%  Streaming frame 784/5069
  ████████░░░░░░░░░░░░░░░░░  34%  Streaming frame 785/5069
  ████████░░░░░░░░░░░░░░░░░  34%  Streaming frame 786/5069
  ████████░░░░░░░░░░░░░░░░░  34%  Streaming frame 787/5069
  ████████░░░░░░░░░░░░░░░░░  34%  Streaming frame 788/5069
  ████████░░░░░░░░░░░░░░░░░  34%  Streaming frame 789/5069
  ████████░░░░░░░░░░░░░░░░░  34%  Streaming frame 790/5069
  ████████░░░░░░░░░░░░░░░░░  34%  Streaming frame 791/5069
  ████████░░░░░░░░░░░░░░░░░  34%  Streaming frame 792/5069
  ████████░░░░░░░░░░░░░░░░░  34%  Streaming frame 793/5069
  ████████░░░░░░░░░░░░░░░░░  34%  Streaming frame 794/5069
  ████████░░░░░░░░░░░░░░░░░  34%  Streaming frame 795/5069
  ████████░░░░░░░░░░░░░░░░░  34%  Streaming frame 796/5069
  ████████░░░░░░░░░░░░░░░░░  34%  Streaming frame 797/5069
  ████████░░░░░░░░░░░░░░░░░  34%  Streaming frame 798/5069
  ████████░░░░░░░░░░░░░░░░░  34%  Streaming frame 799/5069
  ████████░░░░░░░░░░░░░░░░░  34%  Streaming frame 800/5069
  ████████░░░░░░░░░░░░░░░░░  34%  Streaming frame 801/5069
  ████████░░░░░░░░░░░░░░░░░  34%  Streaming frame 802/5069
  ████████░░░░░░░░░░░░░░░░░  34%  Streaming frame 803/5069
  ████████░░░░░░░░░░░░░░░░░  34%  Streaming frame 804/5069
  ████████░░░░░░░░░░░░░░░░░  34%  Streaming frame 805/5069
  ████████░░░░░░░░░░░░░░░░░  34%  Streaming frame 806/5069
  ████████░░░░░░░░░░░░░░░░░  34%  Streaming frame 807/5069
  ████████░░░░░░░░░░░░░░░░░  34%  Streaming frame 808/5069
  ████████░░░░░░░░░░░░░░░░░  34%  Streaming frame 809/5069
  ████████░░░░░░░░░░░░░░░░░  34%  Streaming frame 810/5069
  ████████░░░░░░░░░░░░░░░░░  34%  Streaming frame 811/5069
  ████████░░░░░░░░░░░░░░░░░  34%  Streaming frame 812/5069
  ████████░░░░░░░░░░░░░░░░░  34%  Streaming frame 813/5069
  ████████░░░░░░░░░░░░░░░░░  34%  Streaming frame 814/5069
  ████████░░░░░░░░░░░░░░░░░  34%  Streaming frame 815/5069
  ████████░░░░░░░░░░░░░░░░░  34%  Streaming frame 816/5069
  ████████░░░░░░░░░░░░░░░░░  34%  Streaming frame 817/5069
  ████████░░░░░░░░░░░░░░░░░  34%  Streaming frame 818/5069
  ████████░░░░░░░░░░░░░░░░░  34%  Streaming frame 819/5069
  ████████░░░░░░░░░░░░░░░░░  34%  Streaming frame 820/5069
  ████████░░░░░░░░░░░░░░░░░  34%  Streaming frame 821/5069
  ████████░░░░░░░░░░░░░░░░░  34%  Streaming frame 822/5069
  ████████░░░░░░░░░░░░░░░░░  34%  Streaming frame 823/5069
  ████████░░░░░░░░░░░░░░░░░  34%  Streaming frame 824/5069
  ████████░░░░░░░░░░░░░░░░░  34%  Streaming frame 825/5069
  ████████░░░░░░░░░░░░░░░░░  34%  Streaming frame 826/5069
  ████████░░░░░░░░░░░░░░░░░  34%  Streaming frame 827/5069
  ████████░░░░░░░░░░░░░░░░░  34%  Streaming frame 828/5069
  ████████░░░░░░░░░░░░░░░░░  34%  Streaming frame 829/5069
  ████████░░░░░░░░░░░░░░░░░  34%  Streaming frame 830/5069
  ████████░░░░░░░░░░░░░░░░░  34%  Streaming frame 831/5069
  ████████░░░░░░░░░░░░░░░░░  34%  Streaming frame 832/5069
  ████████░░░░░░░░░░░░░░░░░  34%  Streaming frame 833/5069
  ████████░░░░░░░░░░░░░░░░░  34%  Streaming frame 834/5069
  ████████░░░░░░░░░░░░░░░░░  34%  Streaming frame 835/5069
  ████████░░░░░░░░░░░░░░░░░  34%  Streaming frame 836/5069
  ████████░░░░░░░░░░░░░░░░░  34%  Streaming frame 837/5069
  ████████░░░░░░░░░░░░░░░░░  34%  Streaming frame 838/5069
  ████████░░░░░░░░░░░░░░░░░  34%  Streaming frame 839/5069
  ████████░░░░░░░░░░░░░░░░░  34%  Streaming frame 840/5069
  ████████░░░░░░░░░░░░░░░░░  34%  Streaming frame 841/5069
  ████████░░░░░░░░░░░░░░░░░  34%  Streaming frame 842/5069
  ████████░░░░░░░░░░░░░░░░░  34%  Streaming frame 843/5069
  ████████░░░░░░░░░░░░░░░░░  34%  Streaming frame 844/5069
  ████████░░░░░░░░░░░░░░░░░  34%  Streaming frame 845/5069
  ████████░░░░░░░░░░░░░░░░░  34%  Streaming frame 846/5069
  ████████░░░░░░░░░░░░░░░░░  34%  Streaming frame 847/5069
  ████████░░░░░░░░░░░░░░░░░  34%  Streaming frame 848/5069
  ████████░░░░░░░░░░░░░░░░░  34%  Streaming frame 849/5069
  ████████░░░░░░░░░░░░░░░░░  34%  Streaming frame 850/5069
  ████████░░░░░░░░░░░░░░░░░  34%  Streaming frame 851/5069
  ████████░░░░░░░░░░░░░░░░░  34%  Streaming frame 852/5069
  ████████░░░░░░░░░░░░░░░░░  34%  Streaming frame 853/5069
  ████████░░░░░░░░░░░░░░░░░  34%  Streaming frame 854/5069
  ████████░░░░░░░░░░░░░░░░░  34%  Streaming frame 855/5069
  ████████░░░░░░░░░░░░░░░░░  34%  Streaming frame 856/5069
  ████████░░░░░░░░░░░░░░░░░  34%  Streaming frame 857/5069
  ████████░░░░░░░░░░░░░░░░░  34%  Streaming frame 858/5069
  ████████░░░░░░░░░░░░░░░░░  34%  Streaming frame 859/5069
  ████████░░░░░░░░░░░░░░░░░  34%  Streaming frame 860/5069
  ████████░░░░░░░░░░░░░░░░░  34%  Streaming frame 861/5069
  ████████░░░░░░░░░░░░░░░░░  34%  Streaming frame 862/5069
  ████████░░░░░░░░░░░░░░░░░  34%  Streaming frame 863/5069
  ████████░░░░░░░░░░░░░░░░░  34%  Streaming frame 864/5069
  ████████░░░░░░░░░░░░░░░░░  34%  Streaming frame 865/5069
  ████████░░░░░░░░░░░░░░░░░  34%  Streaming frame 866/5069
  ████████░░░░░░░░░░░░░░░░░  34%  Streaming frame 867/5069
  ████████░░░░░░░░░░░░░░░░░  34%  Streaming frame 868/5069
  ████████░░░░░░░░░░░░░░░░░  34%  Streaming frame 869/5069
  ████████░░░░░░░░░░░░░░░░░  34%  Streaming frame 870/5069
  ████████░░░░░░░░░░░░░░░░░  34%  Streaming frame 871/5069
  ████████░░░░░░░░░░░░░░░░░  34%  Streaming frame 872/5069
  ████████░░░░░░░░░░░░░░░░░  34%  Streaming frame 873/5069
  ████████░░░░░░░░░░░░░░░░░  34%  Streaming frame 874/5069
  ████████░░░░░░░░░░░░░░░░░  34%  Streaming frame 875/5069
  ████████░░░░░░░░░░░░░░░░░  35%  Streaming frame 876/5069
  ████████░░░░░░░░░░░░░░░░░  35%  Streaming frame 877/5069
  ████████░░░░░░░░░░░░░░░░░  35%  Streaming frame 878/5069
  ████████░░░░░░░░░░░░░░░░░  35%  Streaming frame 879/5069
  ████████░░░░░░░░░░░░░░░░░  35%  Streaming frame 880/5069
  ████████░░░░░░░░░░░░░░░░░  35%  Streaming frame 881/5069
  ████████░░░░░░░░░░░░░░░░░  35%  Streaming frame 882/5069
  ████████░░░░░░░░░░░░░░░░░  35%  Streaming frame 883/5069
  ████████░░░░░░░░░░░░░░░░░  35%  Streaming frame 884/5069
  ████████░░░░░░░░░░░░░░░░░  35%  Streaming frame 885/5069
  ████████░░░░░░░░░░░░░░░░░  35%  Streaming frame 886/5069
  ████████░░░░░░░░░░░░░░░░░  35%  Streaming frame 887/5069
  ████████░░░░░░░░░░░░░░░░░  35%  Streaming frame 888/5069
  ████████░░░░░░░░░░░░░░░░░  35%  Streaming frame 889/5069
  ████████░░░░░░░░░░░░░░░░░  35%  Streaming frame 890/5069
  ████████░░░░░░░░░░░░░░░░░  35%  Streaming frame 891/5069
  ████████░░░░░░░░░░░░░░░░░  35%  Streaming frame 892/5069
  ████████░░░░░░░░░░░░░░░░░  35%  Streaming frame 893/5069
  ████████░░░░░░░░░░░░░░░░░  35%  Streaming frame 894/5069
  ████████░░░░░░░░░░░░░░░░░  35%  Streaming frame 895/5069
  ████████░░░░░░░░░░░░░░░░░  35%  Streaming frame 896/5069
  ████████░░░░░░░░░░░░░░░░░  35%  Streaming frame 897/5069
  ████████░░░░░░░░░░░░░░░░░  35%  Streaming frame 898/5069
  ████████░░░░░░░░░░░░░░░░░  35%  Streaming frame 899/5069
  ████████░░░░░░░░░░░░░░░░░  35%  Streaming frame 900/5069
  ████████░░░░░░░░░░░░░░░░░  35%  Streaming frame 901/5069
  ████████░░░░░░░░░░░░░░░░░  35%  Streaming frame 902/5069
  ████████░░░░░░░░░░░░░░░░░  35%  Streaming frame 903/5069
  ████████░░░░░░░░░░░░░░░░░  35%  Streaming frame 904/5069
  ████████░░░░░░░░░░░░░░░░░  35%  Streaming frame 905/5069
  ████████░░░░░░░░░░░░░░░░░  35%  Streaming frame 906/5069
  ████████░░░░░░░░░░░░░░░░░  35%  Streaming frame 907/5069
  ████████░░░░░░░░░░░░░░░░░  35%  Streaming frame 908/5069
  ████████░░░░░░░░░░░░░░░░░  35%  Streaming frame 909/5069
  ████████░░░░░░░░░░░░░░░░░  35%  Streaming frame 910/5069
  ████████░░░░░░░░░░░░░░░░░  35%  Streaming frame 911/5069
  ████████░░░░░░░░░░░░░░░░░  35%  Streaming frame 912/5069
  ████████░░░░░░░░░░░░░░░░░  35%  Streaming frame 913/5069
  ████████░░░░░░░░░░░░░░░░░  35%  Streaming frame 914/5069
  ████████░░░░░░░░░░░░░░░░░  35%  Streaming frame 915/5069
  ████████░░░░░░░░░░░░░░░░░  35%  Streaming frame 916/5069
  ████████░░░░░░░░░░░░░░░░░  35%  Streaming frame 917/5069
  ████████░░░░░░░░░░░░░░░░░  35%  Streaming frame 918/5069
  ████████░░░░░░░░░░░░░░░░░  35%  Streaming frame 919/5069
  ████████░░░░░░░░░░░░░░░░░  35%  Streaming frame 920/5069
  ████████░░░░░░░░░░░░░░░░░  35%  Streaming frame 921/5069
  ████████░░░░░░░░░░░░░░░░░  35%  Streaming frame 922/5069
  ████████░░░░░░░░░░░░░░░░░  35%  Streaming frame 923/5069
  ████████░░░░░░░░░░░░░░░░░  35%  Streaming frame 924/5069
  ████████░░░░░░░░░░░░░░░░░  35%  Streaming frame 925/5069
  ████████░░░░░░░░░░░░░░░░░  35%  Streaming frame 926/5069
  ████████░░░░░░░░░░░░░░░░░  35%  Streaming frame 927/5069
  ████████░░░░░░░░░░░░░░░░░  35%  Streaming frame 928/5069
  ████████░░░░░░░░░░░░░░░░░  35%  Streaming frame 929/5069
  ████████░░░░░░░░░░░░░░░░░  35%  Streaming frame 930/5069
  ████████░░░░░░░░░░░░░░░░░  35%  Streaming frame 931/5069
  ████████░░░░░░░░░░░░░░░░░  35%  Streaming frame 932/5069
  ████████░░░░░░░░░░░░░░░░░  35%  Streaming frame 933/5069
  ████████░░░░░░░░░░░░░░░░░  35%  Streaming frame 934/5069
  ████████░░░░░░░░░░░░░░░░░  35%  Streaming frame 935/5069
  ████████░░░░░░░░░░░░░░░░░  35%  Streaming frame 936/5069
  ████████░░░░░░░░░░░░░░░░░  35%  Streaming frame 937/5069
  ████████░░░░░░░░░░░░░░░░░  35%  Streaming frame 938/5069
  ████████░░░░░░░░░░░░░░░░░  35%  Streaming frame 939/5069
  ████████░░░░░░░░░░░░░░░░░  35%  Streaming frame 940/5069
  ████████░░░░░░░░░░░░░░░░░  35%  Streaming frame 941/5069
  ████████░░░░░░░░░░░░░░░░░  35%  Streaming frame 942/5069
  ████████░░░░░░░░░░░░░░░░░  35%  Streaming frame 943/5069
  ████████░░░░░░░░░░░░░░░░░  35%  Streaming frame 944/5069
  ████████░░░░░░░░░░░░░░░░░  35%  Streaming frame 945/5069
  ████████░░░░░░░░░░░░░░░░░  35%  Streaming frame 946/5069
  ████████░░░░░░░░░░░░░░░░░  35%  Streaming frame 947/5069
  ████████░░░░░░░░░░░░░░░░░  35%  Streaming frame 948/5069
  ████████░░░░░░░░░░░░░░░░░  35%  Streaming frame 949/5069
  ████████░░░░░░░░░░░░░░░░░  35%  Streaming frame 950/5069
  ████████░░░░░░░░░░░░░░░░░  35%  Streaming frame 951/5069
  ████████░░░░░░░░░░░░░░░░░  35%  Streaming frame 952/5069
  ████████░░░░░░░░░░░░░░░░░  35%  Streaming frame 953/5069
  ████████░░░░░░░░░░░░░░░░░  35%  Streaming frame 954/5069
  ████████░░░░░░░░░░░░░░░░░  35%  Streaming frame 955/5069
  ████████░░░░░░░░░░░░░░░░░  35%  Streaming frame 956/5069
  ████████░░░░░░░░░░░░░░░░░  35%  Streaming frame 957/5069
  ████████░░░░░░░░░░░░░░░░░  35%  Streaming frame 958/5069
  ████████░░░░░░░░░░░░░░░░░  35%  Streaming frame 959/5069
  ████████░░░░░░░░░░░░░░░░░  35%  Streaming frame 960/5069
  ████████░░░░░░░░░░░░░░░░░  35%  Streaming frame 961/5069
  ████████░░░░░░░░░░░░░░░░░  35%  Streaming frame 962/5069
  ████████░░░░░░░░░░░░░░░░░  35%  Streaming frame 963/5069
  ████████░░░░░░░░░░░░░░░░░  35%  Streaming frame 964/5069
  ████████░░░░░░░░░░░░░░░░░  35%  Streaming frame 965/5069
  ████████░░░░░░░░░░░░░░░░░  35%  Streaming frame 966/5069
  ████████░░░░░░░░░░░░░░░░░  35%  Streaming frame 967/5069
  █████████░░░░░░░░░░░░░░░░  36%  Streaming frame 968/5069
  █████████░░░░░░░░░░░░░░░░  36%  Streaming frame 969/5069
  █████████░░░░░░░░░░░░░░░░  36%  Streaming frame 970/5069
  █████████░░░░░░░░░░░░░░░░  36%  Streaming frame 971/5069
  █████████░░░░░░░░░░░░░░░░  36%  Streaming frame 972/5069
  █████████░░░░░░░░░░░░░░░░  36%  Streaming frame 973/5069
  █████████░░░░░░░░░░░░░░░░  36%  Streaming frame 974/5069
  █████████░░░░░░░░░░░░░░░░  36%  Streaming frame 975/5069
  █████████░░░░░░░░░░░░░░░░  36%  Streaming frame 976/5069
  █████████░░░░░░░░░░░░░░░░  36%  Streaming frame 977/5069
  █████████░░░░░░░░░░░░░░░░  36%  Streaming frame 978/5069
  █████████░░░░░░░░░░░░░░░░  36%  Streaming frame 979/5069
  █████████░░░░░░░░░░░░░░░░  36%  Streaming frame 980/5069
  █████████░░░░░░░░░░░░░░░░  36%  Streaming frame 981/5069
  █████████░░░░░░░░░░░░░░░░  36%  Streaming frame 982/5069
  █████████░░░░░░░░░░░░░░░░  36%  Streaming frame 983/5069
  █████████░░░░░░░░░░░░░░░░  36%  Streaming frame 984/5069
  █████████░░░░░░░░░░░░░░░░  36%  Streaming frame 985/5069
  █████████░░░░░░░░░░░░░░░░  36%  Streaming frame 986/5069
  █████████░░░░░░░░░░░░░░░░  36%  Streaming frame 987/5069
  █████████░░░░░░░░░░░░░░░░  36%  Streaming frame 988/5069
  █████████░░░░░░░░░░░░░░░░  36%  Streaming frame 989/5069
  █████████░░░░░░░░░░░░░░░░  36%  Streaming frame 990/5069
  █████████░░░░░░░░░░░░░░░░  36%  Streaming frame 991/5069
  █████████░░░░░░░░░░░░░░░░  36%  Streaming frame 992/5069
  █████████░░░░░░░░░░░░░░░░  36%  Streaming frame 993/5069
  █████████░░░░░░░░░░░░░░░░  36%  Streaming frame 994/5069
  █████████░░░░░░░░░░░░░░░░  36%  Streaming frame 995/5069
  █████████░░░░░░░░░░░░░░░░  36%  Streaming frame 996/5069
  █████████░░░░░░░░░░░░░░░░  36%  Streaming frame 997/5069
  █████████░░░░░░░░░░░░░░░░  36%  Streaming frame 998/5069
  █████████░░░░░░░░░░░░░░░░  36%  Streaming frame 999/5069
  █████████░░░░░░░░░░░░░░░░  36%  Streaming frame 1000/5069
  █████████░░░░░░░░░░░░░░░░  36%  Streaming frame 1001/5069
  █████████░░░░░░░░░░░░░░░░  36%  Streaming frame 1002/5069
  █████████░░░░░░░░░░░░░░░░  36%  Streaming frame 1003/5069
  █████████░░░░░░░░░░░░░░░░  36%  Streaming frame 1004/5069
  █████████░░░░░░░░░░░░░░░░  36%  Streaming frame 1005/5069
  █████████░░░░░░░░░░░░░░░░  36%  Streaming frame 1006/5069
  █████████░░░░░░░░░░░░░░░░  36%  Streaming frame 1007/5069
  █████████░░░░░░░░░░░░░░░░  36%  Streaming frame 1008/5069
  █████████░░░░░░░░░░░░░░░░  36%  Streaming frame 1009/5069
  █████████░░░░░░░░░░░░░░░░  36%  Streaming frame 1010/5069
  █████████░░░░░░░░░░░░░░░░  36%  Streaming frame 1011/5069
  █████████░░░░░░░░░░░░░░░░  36%  Streaming frame 1012/5069
  █████████░░░░░░░░░░░░░░░░  36%  Streaming frame 1013/5069
  █████████░░░░░░░░░░░░░░░░  36%  Streaming frame 1014/5069
  █████████░░░░░░░░░░░░░░░░  36%  Streaming frame 1015/5069
  █████████░░░░░░░░░░░░░░░░  36%  Streaming frame 1016/5069
  █████████░░░░░░░░░░░░░░░░  36%  Streaming frame 1017/5069
  █████████░░░░░░░░░░░░░░░░  36%  Streaming frame 1018/5069
  █████████░░░░░░░░░░░░░░░░  36%  Streaming frame 1019/5069
  █████████░░░░░░░░░░░░░░░░  36%  Streaming frame 1020/5069
  █████████░░░░░░░░░░░░░░░░  36%  Streaming frame 1021/5069
  █████████░░░░░░░░░░░░░░░░  36%  Streaming frame 1022/5069
  █████████░░░░░░░░░░░░░░░░  36%  Streaming frame 1023/5069
  █████████░░░░░░░░░░░░░░░░  36%  Streaming frame 1024/5069
  █████████░░░░░░░░░░░░░░░░  36%  Streaming frame 1025/5069
  █████████░░░░░░░░░░░░░░░░  36%  Streaming frame 1026/5069
  █████████░░░░░░░░░░░░░░░░  36%  Streaming frame 1027/5069
  █████████░░░░░░░░░░░░░░░░  36%  Streaming frame 1028/5069
  █████████░░░░░░░░░░░░░░░░  36%  Streaming frame 1029/5069
  █████████░░░░░░░░░░░░░░░░  36%  Streaming frame 1030/5069
  █████████░░░░░░░░░░░░░░░░  36%  Streaming frame 1031/5069
  █████████░░░░░░░░░░░░░░░░  36%  Streaming frame 1032/5069
  █████████░░░░░░░░░░░░░░░░  36%  Streaming frame 1033/5069
  █████████░░░░░░░░░░░░░░░░  36%  Streaming frame 1034/5069
  █████████░░░░░░░░░░░░░░░░  36%  Streaming frame 1035/5069
  █████████░░░░░░░░░░░░░░░░  36%  Streaming frame 1036/5069
  █████████░░░░░░░░░░░░░░░░  36%  Streaming frame 1037/5069
  █████████░░░░░░░░░░░░░░░░  36%  Streaming frame 1038/5069
  █████████░░░░░░░░░░░░░░░░  36%  Streaming frame 1039/5069
  █████████░░░░░░░░░░░░░░░░  36%  Streaming frame 1040/5069
  █████████░░░░░░░░░░░░░░░░  36%  Streaming frame 1041/5069
  █████████░░░░░░░░░░░░░░░░  36%  Streaming frame 1042/5069
  █████████░░░░░░░░░░░░░░░░  36%  Streaming frame 1043/5069
  █████████░░░░░░░░░░░░░░░░  36%  Streaming frame 1044/5069
  █████████░░░░░░░░░░░░░░░░  36%  Streaming frame 1045/5069
  █████████░░░░░░░░░░░░░░░░  36%  Streaming frame 1046/5069
  █████████░░░░░░░░░░░░░░░░  36%  Streaming frame 1047/5069
  █████████░░░░░░░░░░░░░░░░  36%  Streaming frame 1048/5069
  █████████░░░░░░░░░░░░░░░░  36%  Streaming frame 1049/5069
  █████████░░░░░░░░░░░░░░░░  36%  Streaming frame 1050/5069
  █████████░░░░░░░░░░░░░░░░  36%  Streaming frame 1051/5069
  █████████░░░░░░░░░░░░░░░░  36%  Streaming frame 1052/5069
  █████████░░░░░░░░░░░░░░░░  36%  Streaming frame 1053/5069
  █████████░░░░░░░░░░░░░░░░  36%  Streaming frame 1054/5069
  █████████░░░░░░░░░░░░░░░░  36%  Streaming frame 1055/5069
  █████████░░░░░░░░░░░░░░░░  36%  Streaming frame 1056/5069
  █████████░░░░░░░░░░░░░░░░  36%  Streaming frame 1057/5069
  █████████░░░░░░░░░░░░░░░░  36%  Streaming frame 1058/5069
  █████████░░░░░░░░░░░░░░░░  36%  Streaming frame 1059/5069
  █████████░░░░░░░░░░░░░░░░  37%  Streaming frame 1060/5069
  █████████░░░░░░░░░░░░░░░░  37%  Streaming frame 1061/5069
  █████████░░░░░░░░░░░░░░░░  37%  Streaming frame 1062/5069
  █████████░░░░░░░░░░░░░░░░  37%  Streaming frame 1063/5069
  █████████░░░░░░░░░░░░░░░░  37%  Streaming frame 1064/5069
  █████████░░░░░░░░░░░░░░░░  37%  Streaming frame 1065/5069
  █████████░░░░░░░░░░░░░░░░  37%  Streaming frame 1066/5069
  █████████░░░░░░░░░░░░░░░░  37%  Streaming frame 1067/5069
  █████████░░░░░░░░░░░░░░░░  37%  Streaming frame 1068/5069
  █████████░░░░░░░░░░░░░░░░  37%  Streaming frame 1069/5069
  █████████░░░░░░░░░░░░░░░░  37%  Streaming frame 1070/5069
  █████████░░░░░░░░░░░░░░░░  37%  Streaming frame 1071/5069
  █████████░░░░░░░░░░░░░░░░  37%  Streaming frame 1072/5069
  █████████░░░░░░░░░░░░░░░░  37%  Streaming frame 1073/5069
  █████████░░░░░░░░░░░░░░░░  37%  Streaming frame 1074/5069
  █████████░░░░░░░░░░░░░░░░  37%  Streaming frame 1075/5069
  █████████░░░░░░░░░░░░░░░░  37%  Streaming frame 1076/5069
  █████████░░░░░░░░░░░░░░░░  37%  Streaming frame 1077/5069
  █████████░░░░░░░░░░░░░░░░  37%  Streaming frame 1078/5069
  █████████░░░░░░░░░░░░░░░░  37%  Streaming frame 1079/5069
  █████████░░░░░░░░░░░░░░░░  37%  Streaming frame 1080/5069
  █████████░░░░░░░░░░░░░░░░  37%  Streaming frame 1081/5069
  █████████░░░░░░░░░░░░░░░░  37%  Streaming frame 1082/5069
  █████████░░░░░░░░░░░░░░░░  37%  Streaming frame 1083/5069
  █████████░░░░░░░░░░░░░░░░  37%  Streaming frame 1084/5069
  █████████░░░░░░░░░░░░░░░░  37%  Streaming frame 1085/5069
  █████████░░░░░░░░░░░░░░░░  37%  Streaming frame 1086/5069
  █████████░░░░░░░░░░░░░░░░  37%  Streaming frame 1087/5069
  █████████░░░░░░░░░░░░░░░░  37%  Streaming frame 1088/5069
  █████████░░░░░░░░░░░░░░░░  37%  Streaming frame 1089/5069
  █████████░░░░░░░░░░░░░░░░  37%  Streaming frame 1090/5069
  █████████░░░░░░░░░░░░░░░░  37%  Streaming frame 1091/5069
  █████████░░░░░░░░░░░░░░░░  37%  Streaming frame 1092/5069
  █████████░░░░░░░░░░░░░░░░  37%  Streaming frame 1093/5069
  █████████░░░░░░░░░░░░░░░░  37%  Streaming frame 1094/5069
  █████████░░░░░░░░░░░░░░░░  37%  Streaming frame 1095/5069
  █████████░░░░░░░░░░░░░░░░  37%  Streaming frame 1096/5069
  █████████░░░░░░░░░░░░░░░░  37%  Streaming frame 1097/5069
  █████████░░░░░░░░░░░░░░░░  37%  Streaming frame 1098/5069
  █████████░░░░░░░░░░░░░░░░  37%  Streaming frame 1099/5069
  █████████░░░░░░░░░░░░░░░░  37%  Streaming frame 1100/5069
  █████████░░░░░░░░░░░░░░░░  37%  Streaming frame 1101/5069
  █████████░░░░░░░░░░░░░░░░  37%  Streaming frame 1102/5069
  █████████░░░░░░░░░░░░░░░░  37%  Streaming frame 1103/5069
  █████████░░░░░░░░░░░░░░░░  37%  Streaming frame 1104/5069
  █████████░░░░░░░░░░░░░░░░  37%  Streaming frame 1105/5069
  █████████░░░░░░░░░░░░░░░░  37%  Streaming frame 1106/5069
  █████████░░░░░░░░░░░░░░░░  37%  Streaming frame 1107/5069
  █████████░░░░░░░░░░░░░░░░  37%  Streaming frame 1108/5069
  █████████░░░░░░░░░░░░░░░░  37%  Streaming frame 1109/5069
  █████████░░░░░░░░░░░░░░░░  37%  Streaming frame 1110/5069
  █████████░░░░░░░░░░░░░░░░  37%  Streaming frame 1111/5069
  █████████░░░░░░░░░░░░░░░░  37%  Streaming frame 1112/5069
  █████████░░░░░░░░░░░░░░░░  37%  Streaming frame 1113/5069
  █████████░░░░░░░░░░░░░░░░  37%  Streaming frame 1114/5069
  █████████░░░░░░░░░░░░░░░░  37%  Streaming frame 1115/5069
  █████████░░░░░░░░░░░░░░░░  37%  Streaming frame 1116/5069
  █████████░░░░░░░░░░░░░░░░  37%  Streaming frame 1117/5069
  █████████░░░░░░░░░░░░░░░░  37%  Streaming frame 1118/5069
  █████████░░░░░░░░░░░░░░░░  37%  Streaming frame 1119/5069
  █████████░░░░░░░░░░░░░░░░  37%  Streaming frame 1120/5069
  █████████░░░░░░░░░░░░░░░░  37%  Streaming frame 1121/5069
  █████████░░░░░░░░░░░░░░░░  37%  Streaming frame 1122/5069
  █████████░░░░░░░░░░░░░░░░  37%  Streaming frame 1123/5069
  █████████░░░░░░░░░░░░░░░░  37%  Streaming frame 1124/5069
  █████████░░░░░░░░░░░░░░░░  37%  Streaming frame 1125/5069
  █████████░░░░░░░░░░░░░░░░  37%  Streaming frame 1126/5069
  █████████░░░░░░░░░░░░░░░░  37%  Streaming frame 1127/5069
  █████████░░░░░░░░░░░░░░░░  37%  Streaming frame 1128/5069
  █████████░░░░░░░░░░░░░░░░  37%  Streaming frame 1129/5069
  █████████░░░░░░░░░░░░░░░░  37%  Streaming frame 1130/5069
  █████████░░░░░░░░░░░░░░░░  37%  Streaming frame 1131/5069
  █████████░░░░░░░░░░░░░░░░  37%  Streaming frame 1132/5069
  █████████░░░░░░░░░░░░░░░░  37%  Streaming frame 1133/5069
  █████████░░░░░░░░░░░░░░░░  37%  Streaming frame 1134/5069
  █████████░░░░░░░░░░░░░░░░  37%  Streaming frame 1135/5069
  █████████░░░░░░░░░░░░░░░░  37%  Streaming frame 1136/5069
  █████████░░░░░░░░░░░░░░░░  37%  Streaming frame 1137/5069
  █████████░░░░░░░░░░░░░░░░  37%  Streaming frame 1138/5069
  █████████░░░░░░░░░░░░░░░░  37%  Streaming frame 1139/5069
  █████████░░░░░░░░░░░░░░░░  37%  Streaming frame 1140/5069
  █████████░░░░░░░░░░░░░░░░  37%  Streaming frame 1141/5069
  █████████░░░░░░░░░░░░░░░░  37%  Streaming frame 1142/5069
  █████████░░░░░░░░░░░░░░░░  37%  Streaming frame 1143/5069
  █████████░░░░░░░░░░░░░░░░  37%  Streaming frame 1144/5069
  █████████░░░░░░░░░░░░░░░░  37%  Streaming frame 1145/5069
  █████████░░░░░░░░░░░░░░░░  37%  Streaming frame 1146/5069
  █████████░░░░░░░░░░░░░░░░  37%  Streaming frame 1147/5069
  █████████░░░░░░░░░░░░░░░░  37%  Streaming frame 1148/5069
  █████████░░░░░░░░░░░░░░░░  37%  Streaming frame 1149/5069
  █████████░░░░░░░░░░░░░░░░  37%  Streaming frame 1150/5069
  █████████░░░░░░░░░░░░░░░░  37%  Streaming frame 1151/5069
  █████████░░░░░░░░░░░░░░░░  37%  Streaming frame 1152/5069
  █████████░░░░░░░░░░░░░░░░  38%  Streaming frame 1153/5069
  █████████░░░░░░░░░░░░░░░░  38%  Streaming frame 1154/5069
  █████████░░░░░░░░░░░░░░░░  38%  Streaming frame 1155/5069
  █████████░░░░░░░░░░░░░░░░  38%  Streaming frame 1156/5069
  █████████░░░░░░░░░░░░░░░░  38%  Streaming frame 1157/5069
  █████████░░░░░░░░░░░░░░░░  38%  Streaming frame 1158/5069
  █████████░░░░░░░░░░░░░░░░  38%  Streaming frame 1159/5069
  █████████░░░░░░░░░░░░░░░░  38%  Streaming frame 1160/5069
  █████████░░░░░░░░░░░░░░░░  38%  Streaming frame 1161/5069
  █████████░░░░░░░░░░░░░░░░  38%  Streaming frame 1162/5069
  █████████░░░░░░░░░░░░░░░░  38%  Streaming frame 1163/5069
  █████████░░░░░░░░░░░░░░░░  38%  Streaming frame 1164/5069
  █████████░░░░░░░░░░░░░░░░  38%  Streaming frame 1165/5069
  █████████░░░░░░░░░░░░░░░░  38%  Streaming frame 1166/5069
  █████████░░░░░░░░░░░░░░░░  38%  Streaming frame 1167/5069
  █████████░░░░░░░░░░░░░░░░  38%  Streaming frame 1168/5069
  █████████░░░░░░░░░░░░░░░░  38%  Streaming frame 1169/5069
  █████████░░░░░░░░░░░░░░░░  38%  Streaming frame 1170/5069
  █████████░░░░░░░░░░░░░░░░  38%  Streaming frame 1171/5069
  █████████░░░░░░░░░░░░░░░░  38%  Streaming frame 1172/5069
  █████████░░░░░░░░░░░░░░░░  38%  Streaming frame 1173/5069
  █████████░░░░░░░░░░░░░░░░  38%  Streaming frame 1174/5069
  █████████░░░░░░░░░░░░░░░░  38%  Streaming frame 1175/5069
  █████████░░░░░░░░░░░░░░░░  38%  Streaming frame 1176/5069
  █████████░░░░░░░░░░░░░░░░  38%  Streaming frame 1177/5069
  █████████░░░░░░░░░░░░░░░░  38%  Streaming frame 1178/5069
  █████████░░░░░░░░░░░░░░░░  38%  Streaming frame 1179/5069
  █████████░░░░░░░░░░░░░░░░  38%  Streaming frame 1180/5069
  █████████░░░░░░░░░░░░░░░░  38%  Streaming frame 1181/5069
  █████████░░░░░░░░░░░░░░░░  38%  Streaming frame 1182/5069
  █████████░░░░░░░░░░░░░░░░  38%  Streaming frame 1183/5069
  █████████░░░░░░░░░░░░░░░░  38%  Streaming frame 1184/5069
  █████████░░░░░░░░░░░░░░░░  38%  Streaming frame 1185/5069
  █████████░░░░░░░░░░░░░░░░  38%  Streaming frame 1186/5069
  █████████░░░░░░░░░░░░░░░░  38%  Streaming frame 1187/5069
  █████████░░░░░░░░░░░░░░░░  38%  Streaming frame 1188/5069
  █████████░░░░░░░░░░░░░░░░  38%  Streaming frame 1189/5069
  █████████░░░░░░░░░░░░░░░░  38%  Streaming frame 1190/5069
  █████████░░░░░░░░░░░░░░░░  38%  Streaming frame 1191/5069
  █████████░░░░░░░░░░░░░░░░  38%  Streaming frame 1192/5069
  █████████░░░░░░░░░░░░░░░░  38%  Streaming frame 1193/5069
  █████████░░░░░░░░░░░░░░░░  38%  Streaming frame 1194/5069
  █████████░░░░░░░░░░░░░░░░  38%  Streaming frame 1195/5069
  █████████░░░░░░░░░░░░░░░░  38%  Streaming frame 1196/5069
  █████████░░░░░░░░░░░░░░░░  38%  Streaming frame 1197/5069
  █████████░░░░░░░░░░░░░░░░  38%  Streaming frame 1198/5069
  █████████░░░░░░░░░░░░░░░░  38%  Streaming frame 1199/5069
  █████████░░░░░░░░░░░░░░░░  38%  Streaming frame 1200/5069
  █████████░░░░░░░░░░░░░░░░  38%  Streaming frame 1201/5069
  █████████░░░░░░░░░░░░░░░░  38%  Streaming frame 1202/5069
  █████████░░░░░░░░░░░░░░░░  38%  Streaming frame 1203/5069
  █████████░░░░░░░░░░░░░░░░  38%  Streaming frame 1204/5069
  █████████░░░░░░░░░░░░░░░░  38%  Streaming frame 1205/5069
  █████████░░░░░░░░░░░░░░░░  38%  Streaming frame 1206/5069
  █████████░░░░░░░░░░░░░░░░  38%  Streaming frame 1207/5069
  █████████░░░░░░░░░░░░░░░░  38%  Streaming frame 1208/5069
  █████████░░░░░░░░░░░░░░░░  38%  Streaming frame 1209/5069
  █████████░░░░░░░░░░░░░░░░  38%  Streaming frame 1210/5069
  █████████░░░░░░░░░░░░░░░░  38%  Streaming frame 1211/5069
  █████████░░░░░░░░░░░░░░░░  38%  Streaming frame 1212/5069
  █████████░░░░░░░░░░░░░░░░  38%  Streaming frame 1213/5069
  █████████░░░░░░░░░░░░░░░░  38%  Streaming frame 1214/5069
  █████████░░░░░░░░░░░░░░░░  38%  Streaming frame 1215/5069
  █████████░░░░░░░░░░░░░░░░  38%  Streaming frame 1216/5069
  █████████░░░░░░░░░░░░░░░░  38%  Streaming frame 1217/5069
  █████████░░░░░░░░░░░░░░░░  38%  Streaming frame 1218/5069
  █████████░░░░░░░░░░░░░░░░  38%  Streaming frame 1219/5069
  █████████░░░░░░░░░░░░░░░░  38%  Streaming frame 1220/5069
  █████████░░░░░░░░░░░░░░░░  38%  Streaming frame 1221/5069
  █████████░░░░░░░░░░░░░░░░  38%  Streaming frame 1222/5069
  █████████░░░░░░░░░░░░░░░░  38%  Streaming frame 1223/5069
  █████████░░░░░░░░░░░░░░░░  38%  Streaming frame 1224/5069
  █████████░░░░░░░░░░░░░░░░  38%  Streaming frame 1225/5069
  █████████░░░░░░░░░░░░░░░░  38%  Streaming frame 1226/5069
  █████████░░░░░░░░░░░░░░░░  38%  Streaming frame 1227/5069
  █████████░░░░░░░░░░░░░░░░  38%  Streaming frame 1228/5069
  █████████░░░░░░░░░░░░░░░░  38%  Streaming frame 1229/5069
  █████████░░░░░░░░░░░░░░░░  38%  Streaming frame 1230/5069
  █████████░░░░░░░░░░░░░░░░  38%  Streaming frame 1231/5069
  █████████░░░░░░░░░░░░░░░░  38%  Streaming frame 1232/5069
  █████████░░░░░░░░░░░░░░░░  38%  Streaming frame 1233/5069
  █████████░░░░░░░░░░░░░░░░  38%  Streaming frame 1234/5069
  █████████░░░░░░░░░░░░░░░░  38%  Streaming frame 1235/5069
  █████████░░░░░░░░░░░░░░░░  38%  Streaming frame 1236/5069
  █████████░░░░░░░░░░░░░░░░  38%  Streaming frame 1237/5069
  █████████░░░░░░░░░░░░░░░░  38%  Streaming frame 1238/5069
  █████████░░░░░░░░░░░░░░░░  38%  Streaming frame 1239/5069
  █████████░░░░░░░░░░░░░░░░  38%  Streaming frame 1240/5069
  █████████░░░░░░░░░░░░░░░░  38%  Streaming frame 1241/5069
  █████████░░░░░░░░░░░░░░░░  38%  Streaming frame 1242/5069
  █████████░░░░░░░░░░░░░░░░  38%  Streaming frame 1243/5069
  █████████░░░░░░░░░░░░░░░░  38%  Streaming frame 1244/5069
  █████████░░░░░░░░░░░░░░░░  39%  Streaming frame 1245/5069
  █████████░░░░░░░░░░░░░░░░  39%  Streaming frame 1246/5069
  █████████░░░░░░░░░░░░░░░░  39%  Streaming frame 1247/5069
  █████████░░░░░░░░░░░░░░░░  39%  Streaming frame 1248/5069
  █████████░░░░░░░░░░░░░░░░  39%  Streaming frame 1249/5069
  █████████░░░░░░░░░░░░░░░░  39%  Streaming frame 1250/5069
  █████████░░░░░░░░░░░░░░░░  39%  Streaming frame 1251/5069
  █████████░░░░░░░░░░░░░░░░  39%  Streaming frame 1252/5069
  █████████░░░░░░░░░░░░░░░░  39%  Streaming frame 1253/5069
  █████████░░░░░░░░░░░░░░░░  39%  Streaming frame 1254/5069
  █████████░░░░░░░░░░░░░░░░  39%  Streaming frame 1255/5069
  █████████░░░░░░░░░░░░░░░░  39%  Streaming frame 1256/5069
  █████████░░░░░░░░░░░░░░░░  39%  Streaming frame 1257/5069
  █████████░░░░░░░░░░░░░░░░  39%  Streaming frame 1258/5069
  █████████░░░░░░░░░░░░░░░░  39%  Streaming frame 1259/5069
  █████████░░░░░░░░░░░░░░░░  39%  Streaming frame 1260/5069
  █████████░░░░░░░░░░░░░░░░  39%  Streaming frame 1261/5069
  █████████░░░░░░░░░░░░░░░░  39%  Streaming frame 1262/5069
  █████████░░░░░░░░░░░░░░░░  39%  Streaming frame 1263/5069
  █████████░░░░░░░░░░░░░░░░  39%  Streaming frame 1264/5069
  █████████░░░░░░░░░░░░░░░░  39%  Streaming frame 1265/5069
  █████████░░░░░░░░░░░░░░░░  39%  Streaming frame 1266/5069
  █████████░░░░░░░░░░░░░░░░  39%  Streaming frame 1267/5069
  █████████░░░░░░░░░░░░░░░░  39%  Streaming frame 1268/5069
  █████████░░░░░░░░░░░░░░░░  39%  Streaming frame 1269/5069
  █████████░░░░░░░░░░░░░░░░  39%  Streaming frame 1270/5069
  █████████░░░░░░░░░░░░░░░░  39%  Streaming frame 1271/5069
  █████████░░░░░░░░░░░░░░░░  39%  Streaming frame 1272/5069
  █████████░░░░░░░░░░░░░░░░  39%  Streaming frame 1273/5069
  █████████░░░░░░░░░░░░░░░░  39%  Streaming frame 1274/5069
  █████████░░░░░░░░░░░░░░░░  39%  Streaming frame 1275/5069
  █████████░░░░░░░░░░░░░░░░  39%  Streaming frame 1276/5069
  █████████░░░░░░░░░░░░░░░░  39%  Streaming frame 1277/5069
  █████████░░░░░░░░░░░░░░░░  39%  Streaming frame 1278/5069
  █████████░░░░░░░░░░░░░░░░  39%  Streaming frame 1279/5069
  █████████░░░░░░░░░░░░░░░░  39%  Streaming frame 1280/5069
  █████████░░░░░░░░░░░░░░░░  39%  Streaming frame 1281/5069
  █████████░░░░░░░░░░░░░░░░  39%  Streaming frame 1282/5069
  █████████░░░░░░░░░░░░░░░░  39%  Streaming frame 1283/5069
  █████████░░░░░░░░░░░░░░░░  39%  Streaming frame 1284/5069
  █████████░░░░░░░░░░░░░░░░  39%  Streaming frame 1285/5069
  █████████░░░░░░░░░░░░░░░░  39%  Streaming frame 1286/5069
  █████████░░░░░░░░░░░░░░░░  39%  Streaming frame 1287/5069
  █████████░░░░░░░░░░░░░░░░  39%  Streaming frame 1288/5069
  █████████░░░░░░░░░░░░░░░░  39%  Streaming frame 1289/5069
  █████████░░░░░░░░░░░░░░░░  39%  Streaming frame 1290/5069
  █████████░░░░░░░░░░░░░░░░  39%  Streaming frame 1291/5069
  █████████░░░░░░░░░░░░░░░░  39%  Streaming frame 1292/5069
  █████████░░░░░░░░░░░░░░░░  39%  Streaming frame 1293/5069
  █████████░░░░░░░░░░░░░░░░  39%  Streaming frame 1294/5069
  █████████░░░░░░░░░░░░░░░░  39%  Streaming frame 1295/5069
  █████████░░░░░░░░░░░░░░░░  39%  Streaming frame 1296/5069
  █████████░░░░░░░░░░░░░░░░  39%  Streaming frame 1297/5069
  █████████░░░░░░░░░░░░░░░░  39%  Streaming frame 1298/5069
  █████████░░░░░░░░░░░░░░░░  39%  Streaming frame 1299/5069
  █████████░░░░░░░░░░░░░░░░  39%  Streaming frame 1300/5069
  █████████░░░░░░░░░░░░░░░░  39%  Streaming frame 1301/5069
  █████████░░░░░░░░░░░░░░░░  39%  Streaming frame 1302/5069
  █████████░░░░░░░░░░░░░░░░  39%  Streaming frame 1303/5069
  █████████░░░░░░░░░░░░░░░░  39%  Streaming frame 1304/5069
  █████████░░░░░░░░░░░░░░░░  39%  Streaming frame 1305/5069
  █████████░░░░░░░░░░░░░░░░  39%  Streaming frame 1306/5069
  █████████░░░░░░░░░░░░░░░░  39%  Streaming frame 1307/5069
  █████████░░░░░░░░░░░░░░░░  39%  Streaming frame 1308/5069
  █████████░░░░░░░░░░░░░░░░  39%  Streaming frame 1309/5069
  █████████░░░░░░░░░░░░░░░░  39%  Streaming frame 1310/5069
  █████████░░░░░░░░░░░░░░░░  39%  Streaming frame 1311/5069
  █████████░░░░░░░░░░░░░░░░  39%  Streaming frame 1312/5069
  █████████░░░░░░░░░░░░░░░░  39%  Streaming frame 1313/5069
  █████████░░░░░░░░░░░░░░░░  39%  Streaming frame 1314/5069
  █████████░░░░░░░░░░░░░░░░  39%  Streaming frame 1315/5069
  █████████░░░░░░░░░░░░░░░░  39%  Streaming frame 1316/5069
  █████████░░░░░░░░░░░░░░░░  39%  Streaming frame 1317/5069
  █████████░░░░░░░░░░░░░░░░  39%  Streaming frame 1318/5069
  █████████░░░░░░░░░░░░░░░░  39%  Streaming frame 1319/5069
  █████████░░░░░░░░░░░░░░░░  39%  Streaming frame 1320/5069
  █████████░░░░░░░░░░░░░░░░  39%  Streaming frame 1321/5069
  █████████░░░░░░░░░░░░░░░░  39%  Streaming frame 1322/5069
  █████████░░░░░░░░░░░░░░░░  39%  Streaming frame 1323/5069
  █████████░░░░░░░░░░░░░░░░  39%  Streaming frame 1324/5069
  █████████░░░░░░░░░░░░░░░░  39%  Streaming frame 1325/5069
  █████████░░░░░░░░░░░░░░░░  39%  Streaming frame 1326/5069
  █████████░░░░░░░░░░░░░░░░  39%  Streaming frame 1327/5069
  █████████░░░░░░░░░░░░░░░░  39%  Streaming frame 1328/5069
  █████████░░░░░░░░░░░░░░░░  39%  Streaming frame 1329/5069
  █████████░░░░░░░░░░░░░░░░  39%  Streaming frame 1330/5069
  █████████░░░░░░░░░░░░░░░░  39%  Streaming frame 1331/5069
  █████████░░░░░░░░░░░░░░░░  39%  Streaming frame 1332/5069
  █████████░░░░░░░░░░░░░░░░  39%  Streaming frame 1333/5069
  █████████░░░░░░░░░░░░░░░░  39%  Streaming frame 1334/5069
  █████████░░░░░░░░░░░░░░░░  39%  Streaming frame 1335/5069
  █████████░░░░░░░░░░░░░░░░  39%  Streaming frame 1336/5069
  ██████████░░░░░░░░░░░░░░░  40%  Streaming frame 1337/5069
  ██████████░░░░░░░░░░░░░░░  40%  Streaming frame 1338/5069
  ██████████░░░░░░░░░░░░░░░  40%  Streaming frame 1339/5069
  ██████████░░░░░░░░░░░░░░░  40%  Streaming frame 1340/5069
  ██████████░░░░░░░░░░░░░░░  40%  Streaming frame 1341/5069
  ██████████░░░░░░░░░░░░░░░  40%  Streaming frame 1342/5069
  ██████████░░░░░░░░░░░░░░░  40%  Streaming frame 1343/5069
  ██████████░░░░░░░░░░░░░░░  40%  Streaming frame 1344/5069
  ██████████░░░░░░░░░░░░░░░  40%  Streaming frame 1345/5069
  ██████████░░░░░░░░░░░░░░░  40%  Streaming frame 1346/5069
  ██████████░░░░░░░░░░░░░░░  40%  Streaming frame 1347/5069
  ██████████░░░░░░░░░░░░░░░  40%  Streaming frame 1348/5069
  ██████████░░░░░░░░░░░░░░░  40%  Streaming frame 1349/5069
  ██████████░░░░░░░░░░░░░░░  40%  Streaming frame 1350/5069
  ██████████░░░░░░░░░░░░░░░  40%  Streaming frame 1351/5069
  ██████████░░░░░░░░░░░░░░░  40%  Streaming frame 1352/5069
  ██████████░░░░░░░░░░░░░░░  40%  Streaming frame 1353/5069
  ██████████░░░░░░░░░░░░░░░  40%  Streaming frame 1354/5069
  ██████████░░░░░░░░░░░░░░░  40%  Streaming frame 1355/5069
  ██████████░░░░░░░░░░░░░░░  40%  Streaming frame 1356/5069
  ██████████░░░░░░░░░░░░░░░  40%  Streaming frame 1357/5069
  ██████████░░░░░░░░░░░░░░░  40%  Streaming frame 1358/5069
  ██████████░░░░░░░░░░░░░░░  40%  Streaming frame 1359/5069
  ██████████░░░░░░░░░░░░░░░  40%  Streaming frame 1360/5069
  ██████████░░░░░░░░░░░░░░░  40%  Streaming frame 1361/5069
  ██████████░░░░░░░░░░░░░░░  40%  Streaming frame 1362/5069
  ██████████░░░░░░░░░░░░░░░  40%  Streaming frame 1363/5069
  ██████████░░░░░░░░░░░░░░░  40%  Streaming frame 1364/5069
  ██████████░░░░░░░░░░░░░░░  40%  Streaming frame 1365/5069
  ██████████░░░░░░░░░░░░░░░  40%  Streaming frame 1366/5069
  ██████████░░░░░░░░░░░░░░░  40%  Streaming frame 1367/5069
  ██████████░░░░░░░░░░░░░░░  40%  Streaming frame 1368/5069
  ██████████░░░░░░░░░░░░░░░  40%  Streaming frame 1369/5069
  ██████████░░░░░░░░░░░░░░░  40%  Streaming frame 1370/5069
  ██████████░░░░░░░░░░░░░░░  40%  Streaming frame 1371/5069
  ██████████░░░░░░░░░░░░░░░  40%  Streaming frame 1372/5069
  ██████████░░░░░░░░░░░░░░░  40%  Streaming frame 1373/5069
  ██████████░░░░░░░░░░░░░░░  40%  Streaming frame 1374/5069
  ██████████░░░░░░░░░░░░░░░  40%  Streaming frame 1375/5069
  ██████████░░░░░░░░░░░░░░░  40%  Streaming frame 1376/5069
  ██████████░░░░░░░░░░░░░░░  40%  Streaming frame 1377/5069
  ██████████░░░░░░░░░░░░░░░  40%  Streaming frame 1378/5069
  ██████████░░░░░░░░░░░░░░░  40%  Streaming frame 1379/5069
  ██████████░░░░░░░░░░░░░░░  40%  Streaming frame 1380/5069
  ██████████░░░░░░░░░░░░░░░  40%  Streaming frame 1381/5069
  ██████████░░░░░░░░░░░░░░░  40%  Streaming frame 1382/5069
  ██████████░░░░░░░░░░░░░░░  40%  Streaming frame 1383/5069
  ██████████░░░░░░░░░░░░░░░  40%  Streaming frame 1384/5069
  ██████████░░░░░░░░░░░░░░░  40%  Streaming frame 1385/5069
  ██████████░░░░░░░░░░░░░░░  40%  Streaming frame 1386/5069
  ██████████░░░░░░░░░░░░░░░  40%  Streaming frame 1387/5069
  ██████████░░░░░░░░░░░░░░░  40%  Streaming frame 1388/5069
  ██████████░░░░░░░░░░░░░░░  40%  Streaming frame 1389/5069
  ██████████░░░░░░░░░░░░░░░  40%  Streaming frame 1390/5069
  ██████████░░░░░░░░░░░░░░░  40%  Streaming frame 1391/5069
  ██████████░░░░░░░░░░░░░░░  40%  Streaming frame 1392/5069
  ██████████░░░░░░░░░░░░░░░  40%  Streaming frame 1393/5069
  ██████████░░░░░░░░░░░░░░░  40%  Streaming frame 1394/5069
  ██████████░░░░░░░░░░░░░░░  40%  Streaming frame 1395/5069
  ██████████░░░░░░░░░░░░░░░  40%  Streaming frame 1396/5069
  ██████████░░░░░░░░░░░░░░░  40%  Streaming frame 1397/5069
  ██████████░░░░░░░░░░░░░░░  40%  Streaming frame 1398/5069
  ██████████░░░░░░░░░░░░░░░  40%  Streaming frame 1399/5069
  ██████████░░░░░░░░░░░░░░░  40%  Streaming frame 1400/5069
  ██████████░░░░░░░░░░░░░░░  40%  Streaming frame 1401/5069
  ██████████░░░░░░░░░░░░░░░  40%  Streaming frame 1402/5069
  ██████████░░░░░░░░░░░░░░░  40%  Streaming frame 1403/5069
  ██████████░░░░░░░░░░░░░░░  40%  Streaming frame 1404/5069
  ██████████░░░░░░░░░░░░░░░  40%  Streaming frame 1405/5069
  ██████████░░░░░░░░░░░░░░░  40%  Streaming frame 1406/5069
  ██████████░░░░░░░░░░░░░░░  40%  Streaming frame 1407/5069
  ██████████░░░░░░░░░░░░░░░  40%  Streaming frame 1408/5069
  ██████████░░░░░░░░░░░░░░░  40%  Streaming frame 1409/5069
  ██████████░░░░░░░░░░░░░░░  40%  Streaming frame 1410/5069
  ██████████░░░░░░░░░░░░░░░  40%  Streaming frame 1411/5069
  ██████████░░░░░░░░░░░░░░░  40%  Streaming frame 1412/5069
  ██████████░░░░░░░░░░░░░░░  40%  Streaming frame 1413/5069
  ██████████░░░░░░░░░░░░░░░  40%  Streaming frame 1414/5069
  ██████████░░░░░░░░░░░░░░░  40%  Streaming frame 1415/5069
  ██████████░░░░░░░░░░░░░░░  40%  Streaming frame 1416/5069
  ██████████░░░░░░░░░░░░░░░  40%  Streaming frame 1417/5069
  ██████████░░░░░░░░░░░░░░░  40%  Streaming frame 1418/5069
  ██████████░░░░░░░░░░░░░░░  40%  Streaming frame 1419/5069
  ██████████░░░░░░░░░░░░░░░  40%  Streaming frame 1420/5069
  ██████████░░░░░░░░░░░░░░░  40%  Streaming frame 1421/5069
  ██████████░░░░░░░░░░░░░░░  40%  Streaming frame 1422/5069
  ██████████░░░░░░░░░░░░░░░  40%  Streaming frame 1423/5069
  ██████████░░░░░░░░░░░░░░░  40%  Streaming frame 1424/5069
  ██████████░░░░░░░░░░░░░░░  40%  Streaming frame 1425/5069
  ██████████░░░░░░░░░░░░░░░  40%  Streaming frame 1426/5069
  ██████████░░░░░░░░░░░░░░░  40%  Streaming frame 1427/5069
  ██████████░░░░░░░░░░░░░░░  40%  Streaming frame 1428/5069
  ██████████░░░░░░░░░░░░░░░  41%  Streaming frame 1429/5069
  ██████████░░░░░░░░░░░░░░░  41%  Streaming frame 1430/5069
  ██████████░░░░░░░░░░░░░░░  41%  Streaming frame 1431/5069
  ██████████░░░░░░░░░░░░░░░  41%  Streaming frame 1432/5069
  ██████████░░░░░░░░░░░░░░░  41%  Streaming frame 1433/5069
  ██████████░░░░░░░░░░░░░░░  41%  Streaming frame 1434/5069
  ██████████░░░░░░░░░░░░░░░  41%  Streaming frame 1435/5069
  ██████████░░░░░░░░░░░░░░░  41%  Streaming frame 1436/5069
  ██████████░░░░░░░░░░░░░░░  41%  Streaming frame 1437/5069
  ██████████░░░░░░░░░░░░░░░  41%  Streaming frame 1438/5069
  ██████████░░░░░░░░░░░░░░░  41%  Streaming frame 1439/5069
  ██████████░░░░░░░░░░░░░░░  41%  Streaming frame 1440/5069
  ██████████░░░░░░░░░░░░░░░  41%  Streaming frame 1441/5069
  ██████████░░░░░░░░░░░░░░░  41%  Streaming frame 1442/5069
  ██████████░░░░░░░░░░░░░░░  41%  Streaming frame 1443/5069
  ██████████░░░░░░░░░░░░░░░  41%  Streaming frame 1444/5069
  ██████████░░░░░░░░░░░░░░░  41%  Streaming frame 1445/5069
  ██████████░░░░░░░░░░░░░░░  41%  Streaming frame 1446/5069
  ██████████░░░░░░░░░░░░░░░  41%  Streaming frame 1447/5069
  ██████████░░░░░░░░░░░░░░░  41%  Streaming frame 1448/5069
  ██████████░░░░░░░░░░░░░░░  41%  Streaming frame 1449/5069
  ██████████░░░░░░░░░░░░░░░  41%  Streaming frame 1450/5069
  ██████████░░░░░░░░░░░░░░░  41%  Streaming frame 1451/5069
  ██████████░░░░░░░░░░░░░░░  41%  Streaming frame 1452/5069
  ██████████░░░░░░░░░░░░░░░  41%  Streaming frame 1453/5069
  ██████████░░░░░░░░░░░░░░░  41%  Streaming frame 1454/5069
  ██████████░░░░░░░░░░░░░░░  41%  Streaming frame 1455/5069
  ██████████░░░░░░░░░░░░░░░  41%  Streaming frame 1456/5069
  ██████████░░░░░░░░░░░░░░░  41%  Streaming frame 1457/5069
  ██████████░░░░░░░░░░░░░░░  41%  Streaming frame 1458/5069
  ██████████░░░░░░░░░░░░░░░  41%  Streaming frame 1459/5069
  ██████████░░░░░░░░░░░░░░░  41%  Streaming frame 1460/5069
  ██████████░░░░░░░░░░░░░░░  41%  Streaming frame 1461/5069
  ██████████░░░░░░░░░░░░░░░  41%  Streaming frame 1462/5069
  ██████████░░░░░░░░░░░░░░░  41%  Streaming frame 1463/5069
  ██████████░░░░░░░░░░░░░░░  41%  Streaming frame 1464/5069
  ██████████░░░░░░░░░░░░░░░  41%  Streaming frame 1465/5069
  ██████████░░░░░░░░░░░░░░░  41%  Streaming frame 1466/5069
  ██████████░░░░░░░░░░░░░░░  41%  Streaming frame 1467/5069
  ██████████░░░░░░░░░░░░░░░  41%  Streaming frame 1468/5069
  ██████████░░░░░░░░░░░░░░░  41%  Streaming frame 1469/5069
  ██████████░░░░░░░░░░░░░░░  41%  Streaming frame 1470/5069
  ██████████░░░░░░░░░░░░░░░  41%  Streaming frame 1471/5069
  ██████████░░░░░░░░░░░░░░░  41%  Streaming frame 1472/5069
  ██████████░░░░░░░░░░░░░░░  41%  Streaming frame 1473/5069
  ██████████░░░░░░░░░░░░░░░  41%  Streaming frame 1474/5069
  ██████████░░░░░░░░░░░░░░░  41%  Streaming frame 1475/5069
  ██████████░░░░░░░░░░░░░░░  41%  Streaming frame 1476/5069
  ██████████░░░░░░░░░░░░░░░  41%  Streaming frame 1477/5069
  ██████████░░░░░░░░░░░░░░░  41%  Streaming frame 1478/5069
  ██████████░░░░░░░░░░░░░░░  41%  Streaming frame 1479/5069
  ██████████░░░░░░░░░░░░░░░  41%  Streaming frame 1480/5069
  ██████████░░░░░░░░░░░░░░░  41%  Streaming frame 1481/5069
  ██████████░░░░░░░░░░░░░░░  41%  Streaming frame 1482/5069
  ██████████░░░░░░░░░░░░░░░  41%  Streaming frame 1483/5069
  ██████████░░░░░░░░░░░░░░░  41%  Streaming frame 1484/5069
  ██████████░░░░░░░░░░░░░░░  41%  Streaming frame 1485/5069
  ██████████░░░░░░░░░░░░░░░  41%  Streaming frame 1486/5069
  ██████████░░░░░░░░░░░░░░░  41%  Streaming frame 1487/5069
  ██████████░░░░░░░░░░░░░░░  41%  Streaming frame 1488/5069
  ██████████░░░░░░░░░░░░░░░  41%  Streaming frame 1489/5069
  ██████████░░░░░░░░░░░░░░░  41%  Streaming frame 1490/5069
  ██████████░░░░░░░░░░░░░░░  41%  Streaming frame 1491/5069
  ██████████░░░░░░░░░░░░░░░  41%  Streaming frame 1492/5069
[INFO] [Render:trace] {"renderJobId":"0dd5b22e-1fca-4ee4-abf5-1b164b0ec6f4","phase":"capture_streaming","status":"checkpoint","elapsedMs":61482,"message":"stage still running","stagePhase":"capturing","workerCount":1,"forceScreenshot":false,"totalFrames":5069,"framesCompleted":1492,"captureMode":"drawelement","captureOperation":"drawElement","heartbeatIndex":2,"stageElapsedMs":60005}
  ██████████░░░░░░░░░░░░░░░  41%  Streaming frame 1493/5069
  ██████████░░░░░░░░░░░░░░░  41%  Streaming frame 1494/5069
  ██████████░░░░░░░░░░░░░░░  41%  Streaming frame 1495/5069
  ██████████░░░░░░░░░░░░░░░  41%  Streaming frame 1496/5069
  ██████████░░░░░░░░░░░░░░░  41%  Streaming frame 1497/5069
  ██████████░░░░░░░░░░░░░░░  41%  Streaming frame 1498/5069
  ██████████░░░░░░░░░░░░░░░  41%  Streaming frame 1499/5069
  ██████████░░░░░░░░░░░░░░░  41%  Streaming frame 1500/5069
  ██████████░░░░░░░░░░░░░░░  41%  Streaming frame 1501/5069
  ██████████░░░░░░░░░░░░░░░  41%  Streaming frame 1502/5069
  ██████████░░░░░░░░░░░░░░░  41%  Streaming frame 1503/5069
  ██████████░░░░░░░░░░░░░░░  41%  Streaming frame 1504/5069
  ██████████░░░░░░░░░░░░░░░  41%  Streaming frame 1505/5069
  ██████████░░░░░░░░░░░░░░░  41%  Streaming frame 1506/5069
  ██████████░░░░░░░░░░░░░░░  41%  Streaming frame 1507/5069
  ██████████░░░░░░░░░░░░░░░  41%  Streaming frame 1508/5069
  ██████████░░░░░░░░░░░░░░░  41%  Streaming frame 1509/5069
  ██████████░░░░░░░░░░░░░░░  41%  Streaming frame 1510/5069
  ██████████░░░░░░░░░░░░░░░  41%  Streaming frame 1511/5069
  ██████████░░░░░░░░░░░░░░░  41%  Streaming frame 1512/5069
  ██████████░░░░░░░░░░░░░░░  41%  Streaming frame 1513/5069
  ██████████░░░░░░░░░░░░░░░  41%  Streaming frame 1514/5069
  ██████████░░░░░░░░░░░░░░░  41%  Streaming frame 1515/5069
  ██████████░░░░░░░░░░░░░░░  41%  Streaming frame 1516/5069
  ██████████░░░░░░░░░░░░░░░  41%  Streaming frame 1517/5069
  ██████████░░░░░░░░░░░░░░░  41%  Streaming frame 1518/5069
  ██████████░░░░░░░░░░░░░░░  41%  Streaming frame 1519/5069
  ██████████░░░░░░░░░░░░░░░  41%  Streaming frame 1520/5069
  ██████████░░░░░░░░░░░░░░░  42%  Streaming frame 1521/5069
  ██████████░░░░░░░░░░░░░░░  42%  Streaming frame 1522/5069
  ██████████░░░░░░░░░░░░░░░  42%  Streaming frame 1523/5069
  ██████████░░░░░░░░░░░░░░░  42%  Streaming frame 1524/5069
  ██████████░░░░░░░░░░░░░░░  42%  Streaming frame 1525/5069
  ██████████░░░░░░░░░░░░░░░  42%  Streaming frame 1526/5069
  ██████████░░░░░░░░░░░░░░░  42%  Streaming frame 1527/5069
  ██████████░░░░░░░░░░░░░░░  42%  Streaming frame 1528/5069
  ██████████░░░░░░░░░░░░░░░  42%  Streaming frame 1529/5069
  ██████████░░░░░░░░░░░░░░░  42%  Streaming frame 1530/5069
  ██████████░░░░░░░░░░░░░░░  42%  Streaming frame 1531/5069
  ██████████░░░░░░░░░░░░░░░  42%  Streaming frame 1532/5069
  ██████████░░░░░░░░░░░░░░░  42%  Streaming frame 1533/5069
  ██████████░░░░░░░░░░░░░░░  42%  Streaming frame 1534/5069
  ██████████░░░░░░░░░░░░░░░  42%  Streaming frame 1535/5069
  ██████████░░░░░░░░░░░░░░░  42%  Streaming frame 1536/5069
  ██████████░░░░░░░░░░░░░░░  42%  Streaming frame 1537/5069
  ██████████░░░░░░░░░░░░░░░  42%  Streaming frame 1538/5069
  ██████████░░░░░░░░░░░░░░░  42%  Streaming frame 1539/5069
  ██████████░░░░░░░░░░░░░░░  42%  Streaming frame 1540/5069
  ██████████░░░░░░░░░░░░░░░  42%  Streaming frame 1541/5069
  ██████████░░░░░░░░░░░░░░░  42%  Streaming frame 1542/5069
  ██████████░░░░░░░░░░░░░░░  42%  Streaming frame 1543/5069
  ██████████░░░░░░░░░░░░░░░  42%  Streaming frame 1544/5069
  ██████████░░░░░░░░░░░░░░░  42%  Streaming frame 1545/5069
  ██████████░░░░░░░░░░░░░░░  42%  Streaming frame 1546/5069
  ██████████░░░░░░░░░░░░░░░  42%  Streaming frame 1547/5069
  ██████████░░░░░░░░░░░░░░░  42%  Streaming frame 1548/5069
  ██████████░░░░░░░░░░░░░░░  42%  Streaming frame 1549/5069
  ██████████░░░░░░░░░░░░░░░  42%  Streaming frame 1550/5069
  ██████████░░░░░░░░░░░░░░░  42%  Streaming frame 1551/5069
  ██████████░░░░░░░░░░░░░░░  42%  Streaming frame 1552/5069
  ██████████░░░░░░░░░░░░░░░  42%  Streaming frame 1553/5069
  ██████████░░░░░░░░░░░░░░░  42%  Streaming frame 1554/5069
  ██████████░░░░░░░░░░░░░░░  42%  Streaming frame 1555/5069
  ██████████░░░░░░░░░░░░░░░  42%  Streaming frame 1556/5069
  ██████████░░░░░░░░░░░░░░░  42%  Streaming frame 1557/5069
  ██████████░░░░░░░░░░░░░░░  42%  Streaming frame 1558/5069
  ██████████░░░░░░░░░░░░░░░  42%  Streaming frame 1559/5069
  ██████████░░░░░░░░░░░░░░░  42%  Streaming frame 1560/5069
  ██████████░░░░░░░░░░░░░░░  42%  Streaming frame 1561/5069
  ██████████░░░░░░░░░░░░░░░  42%  Streaming frame 1562/5069
  ██████████░░░░░░░░░░░░░░░  42%  Streaming frame 1563/5069
  ██████████░░░░░░░░░░░░░░░  42%  Streaming frame 1564/5069
  ██████████░░░░░░░░░░░░░░░  42%  Streaming frame 1565/5069
  ██████████░░░░░░░░░░░░░░░  42%  Streaming frame 1566/5069
  ██████████░░░░░░░░░░░░░░░  42%  Streaming frame 1567/5069
  ██████████░░░░░░░░░░░░░░░  42%  Streaming frame 1568/5069
  ██████████░░░░░░░░░░░░░░░  42%  Streaming frame 1569/5069
  ██████████░░░░░░░░░░░░░░░  42%  Streaming frame 1570/5069
  ██████████░░░░░░░░░░░░░░░  42%  Streaming frame 1571/5069
  ██████████░░░░░░░░░░░░░░░  42%  Streaming frame 1572/5069
  ██████████░░░░░░░░░░░░░░░  42%  Streaming frame 1573/5069
  ██████████░░░░░░░░░░░░░░░  42%  Streaming frame 1574/5069
  ██████████░░░░░░░░░░░░░░░  42%  Streaming frame 1575/5069
  ██████████░░░░░░░░░░░░░░░  42%  Streaming frame 1576/5069
  ██████████░░░░░░░░░░░░░░░  42%  Streaming frame 1577/5069
  ██████████░░░░░░░░░░░░░░░  42%  Streaming frame 1578/5069
  ██████████░░░░░░░░░░░░░░░  42%  Streaming frame 1579/5069
  ██████████░░░░░░░░░░░░░░░  42%  Streaming frame 1580/5069
  ██████████░░░░░░░░░░░░░░░  42%  Streaming frame 1581/5069
  ██████████░░░░░░░░░░░░░░░  42%  Streaming frame 1582/5069
  ██████████░░░░░░░░░░░░░░░  42%  Streaming frame 1583/5069
  ██████████░░░░░░░░░░░░░░░  42%  Streaming frame 1584/5069
  ██████████░░░░░░░░░░░░░░░  42%  Streaming frame 1585/5069
  ██████████░░░░░░░░░░░░░░░  42%  Streaming frame 1586/5069
  ██████████░░░░░░░░░░░░░░░  42%  Streaming frame 1587/5069
  ██████████░░░░░░░░░░░░░░░  42%  Streaming frame 1588/5069
  ██████████░░░░░░░░░░░░░░░  42%  Streaming frame 1589/5069
  ██████████░░░░░░░░░░░░░░░  42%  Streaming frame 1590/5069
  ██████████░░░░░░░░░░░░░░░  42%  Streaming frame 1591/5069
  ██████████░░░░░░░░░░░░░░░  42%  Streaming frame 1592/5069
  ██████████░░░░░░░░░░░░░░░  42%  Streaming frame 1593/5069
  ██████████░░░░░░░░░░░░░░░  42%  Streaming frame 1594/5069
  ██████████░░░░░░░░░░░░░░░  42%  Streaming frame 1595/5069
  ██████████░░░░░░░░░░░░░░░  42%  Streaming frame 1596/5069
  ██████████░░░░░░░░░░░░░░░  42%  Streaming frame 1597/5069
  ██████████░░░░░░░░░░░░░░░  42%  Streaming frame 1598/5069
  ██████████░░░░░░░░░░░░░░░  42%  Streaming frame 1599/5069
  ██████████░░░░░░░░░░░░░░░  42%  Streaming frame 1600/5069
  ██████████░░░░░░░░░░░░░░░  42%  Streaming frame 1601/5069
  ██████████░░░░░░░░░░░░░░░  42%  Streaming frame 1602/5069
  ██████████░░░░░░░░░░░░░░░  42%  Streaming frame 1603/5069
  ██████████░░░░░░░░░░░░░░░  42%  Streaming frame 1604/5069
  ██████████░░░░░░░░░░░░░░░  42%  Streaming frame 1605/5069
  ██████████░░░░░░░░░░░░░░░  42%  Streaming frame 1606/5069
  ██████████░░░░░░░░░░░░░░░  42%  Streaming frame 1607/5069
  ██████████░░░░░░░░░░░░░░░  42%  Streaming frame 1608/5069
  ██████████░░░░░░░░░░░░░░░  42%  Streaming frame 1609/5069
  ██████████░░░░░░░░░░░░░░░  42%  Streaming frame 1610/5069
  ██████████░░░░░░░░░░░░░░░  42%  Streaming frame 1611/5069
  ██████████░░░░░░░░░░░░░░░  42%  Streaming frame 1612/5069
  ██████████░░░░░░░░░░░░░░░  43%  Streaming frame 1613/5069
  ██████████░░░░░░░░░░░░░░░  43%  Streaming frame 1614/5069
  ██████████░░░░░░░░░░░░░░░  43%  Streaming frame 1615/5069
  ██████████░░░░░░░░░░░░░░░  43%  Streaming frame 1616/5069
  ██████████░░░░░░░░░░░░░░░  43%  Streaming frame 1617/5069
  ██████████░░░░░░░░░░░░░░░  43%  Streaming frame 1618/5069
  ██████████░░░░░░░░░░░░░░░  43%  Streaming frame 1619/5069
  ██████████░░░░░░░░░░░░░░░  43%  Streaming frame 1620/5069
  ██████████░░░░░░░░░░░░░░░  43%  Streaming frame 1621/5069
  ██████████░░░░░░░░░░░░░░░  43%  Streaming frame 1622/5069
  ██████████░░░░░░░░░░░░░░░  43%  Streaming frame 1623/5069
  ██████████░░░░░░░░░░░░░░░  43%  Streaming frame 1624/5069
  ██████████░░░░░░░░░░░░░░░  43%  Streaming frame 1625/5069
  ██████████░░░░░░░░░░░░░░░  43%  Streaming frame 1626/5069
  ██████████░░░░░░░░░░░░░░░  43%  Streaming frame 1627/5069
  ██████████░░░░░░░░░░░░░░░  43%  Streaming frame 1628/5069
  ██████████░░░░░░░░░░░░░░░  43%  Streaming frame 1629/5069
  ██████████░░░░░░░░░░░░░░░  43%  Streaming frame 1630/5069
  ██████████░░░░░░░░░░░░░░░  43%  Streaming frame 1631/5069
  ██████████░░░░░░░░░░░░░░░  43%  Streaming frame 1632/5069
  ██████████░░░░░░░░░░░░░░░  43%  Streaming frame 1633/5069
  ██████████░░░░░░░░░░░░░░░  43%  Streaming frame 1634/5069
  ██████████░░░░░░░░░░░░░░░  43%  Streaming frame 1635/5069
  ██████████░░░░░░░░░░░░░░░  43%  Streaming frame 1636/5069
  ██████████░░░░░░░░░░░░░░░  43%  Streaming frame 1637/5069
  ██████████░░░░░░░░░░░░░░░  43%  Streaming frame 1638/5069
  ██████████░░░░░░░░░░░░░░░  43%  Streaming frame 1639/5069
  ██████████░░░░░░░░░░░░░░░  43%  Streaming frame 1640/5069
  ██████████░░░░░░░░░░░░░░░  43%  Streaming frame 1641/5069
  ██████████░░░░░░░░░░░░░░░  43%  Streaming frame 1642/5069
  ██████████░░░░░░░░░░░░░░░  43%  Streaming frame 1643/5069
  ██████████░░░░░░░░░░░░░░░  43%  Streaming frame 1644/5069
  ██████████░░░░░░░░░░░░░░░  43%  Streaming frame 1645/5069
  ██████████░░░░░░░░░░░░░░░  43%  Streaming frame 1646/5069
  ██████████░░░░░░░░░░░░░░░  43%  Streaming frame 1647/5069
  ██████████░░░░░░░░░░░░░░░  43%  Streaming frame 1648/5069
  ██████████░░░░░░░░░░░░░░░  43%  Streaming frame 1649/5069
  ██████████░░░░░░░░░░░░░░░  43%  Streaming frame 1650/5069
  ██████████░░░░░░░░░░░░░░░  43%  Streaming frame 1651/5069
  ██████████░░░░░░░░░░░░░░░  43%  Streaming frame 1652/5069
  ██████████░░░░░░░░░░░░░░░  43%  Streaming frame 1653/5069
  ██████████░░░░░░░░░░░░░░░  43%  Streaming frame 1654/5069
  ██████████░░░░░░░░░░░░░░░  43%  Streaming frame 1655/5069
  ██████████░░░░░░░░░░░░░░░  43%  Streaming frame 1656/5069
  ██████████░░░░░░░░░░░░░░░  43%  Streaming frame 1657/5069
  ██████████░░░░░░░░░░░░░░░  43%  Streaming frame 1658/5069
  ██████████░░░░░░░░░░░░░░░  43%  Streaming frame 1659/5069
  ██████████░░░░░░░░░░░░░░░  43%  Streaming frame 1660/5069
  ██████████░░░░░░░░░░░░░░░  43%  Streaming frame 1661/5069
  ██████████░░░░░░░░░░░░░░░  43%  Streaming frame 1662/5069
  ██████████░░░░░░░░░░░░░░░  43%  Streaming frame 1663/5069
  ██████████░░░░░░░░░░░░░░░  43%  Streaming frame 1664/5069
  ██████████░░░░░░░░░░░░░░░  43%  Streaming frame 1665/5069
  ██████████░░░░░░░░░░░░░░░  43%  Streaming frame 1666/5069
  ██████████░░░░░░░░░░░░░░░  43%  Streaming frame 1667/5069
  ██████████░░░░░░░░░░░░░░░  43%  Streaming frame 1668/5069
  ██████████░░░░░░░░░░░░░░░  43%  Streaming frame 1669/5069
  ██████████░░░░░░░░░░░░░░░  43%  Streaming frame 1670/5069
  ██████████░░░░░░░░░░░░░░░  43%  Streaming frame 1671/5069
  ██████████░░░░░░░░░░░░░░░  43%  Streaming frame 1672/5069
  ██████████░░░░░░░░░░░░░░░  43%  Streaming frame 1673/5069
  ██████████░░░░░░░░░░░░░░░  43%  Streaming frame 1674/5069
  ██████████░░░░░░░░░░░░░░░  43%  Streaming frame 1675/5069
  ██████████░░░░░░░░░░░░░░░  43%  Streaming frame 1676/5069
  ██████████░░░░░░░░░░░░░░░  43%  Streaming frame 1677/5069
  ██████████░░░░░░░░░░░░░░░  43%  Streaming frame 1678/5069
  ██████████░░░░░░░░░░░░░░░  43%  Streaming frame 1679/5069
  ██████████░░░░░░░░░░░░░░░  43%  Streaming frame 1680/5069
  ██████████░░░░░░░░░░░░░░░  43%  Streaming frame 1681/5069
  ██████████░░░░░░░░░░░░░░░  43%  Streaming frame 1682/5069
  ██████████░░░░░░░░░░░░░░░  43%  Streaming frame 1683/5069
  ██████████░░░░░░░░░░░░░░░  43%  Streaming frame 1684/5069
  ██████████░░░░░░░░░░░░░░░  43%  Streaming frame 1685/5069
  ██████████░░░░░░░░░░░░░░░  43%  Streaming frame 1686/5069
  ██████████░░░░░░░░░░░░░░░  43%  Streaming frame 1687/5069
  ██████████░░░░░░░░░░░░░░░  43%  Streaming frame 1688/5069
  ██████████░░░░░░░░░░░░░░░  43%  Streaming frame 1689/5069
  ██████████░░░░░░░░░░░░░░░  43%  Streaming frame 1690/5069
  ██████████░░░░░░░░░░░░░░░  43%  Streaming frame 1691/5069
  ██████████░░░░░░░░░░░░░░░  43%  Streaming frame 1692/5069
  ██████████░░░░░░░░░░░░░░░  43%  Streaming frame 1693/5069
  ██████████░░░░░░░░░░░░░░░  43%  Streaming frame 1694/5069
  ██████████░░░░░░░░░░░░░░░  43%  Streaming frame 1695/5069
  ██████████░░░░░░░░░░░░░░░  43%  Streaming frame 1696/5069
  ██████████░░░░░░░░░░░░░░░  43%  Streaming frame 1697/5069
  ██████████░░░░░░░░░░░░░░░  43%  Streaming frame 1698/5069
  ██████████░░░░░░░░░░░░░░░  43%  Streaming frame 1699/5069
  ██████████░░░░░░░░░░░░░░░  43%  Streaming frame 1700/5069
  ██████████░░░░░░░░░░░░░░░  43%  Streaming frame 1701/5069
  ██████████░░░░░░░░░░░░░░░  43%  Streaming frame 1702/5069
  ██████████░░░░░░░░░░░░░░░  43%  Streaming frame 1703/5069
  ██████████░░░░░░░░░░░░░░░  43%  Streaming frame 1704/5069
  ██████████░░░░░░░░░░░░░░░  43%  Streaming frame 1705/5069
  ███████████░░░░░░░░░░░░░░  44%  Streaming frame 1706/5069
  ███████████░░░░░░░░░░░░░░  44%  Streaming frame 1707/5069
  ███████████░░░░░░░░░░░░░░  44%  Streaming frame 1708/5069
  ███████████░░░░░░░░░░░░░░  44%  Streaming frame 1709/5069
  ███████████░░░░░░░░░░░░░░  44%  Streaming frame 1710/5069
  ███████████░░░░░░░░░░░░░░  44%  Streaming frame 1711/5069
  ███████████░░░░░░░░░░░░░░  44%  Streaming frame 1712/5069
  ███████████░░░░░░░░░░░░░░  44%  Streaming frame 1713/5069
  ███████████░░░░░░░░░░░░░░  44%  Streaming frame 1714/5069
  ███████████░░░░░░░░░░░░░░  44%  Streaming frame 1715/5069
  ███████████░░░░░░░░░░░░░░  44%  Streaming frame 1716/5069
  ███████████░░░░░░░░░░░░░░  44%  Streaming frame 1717/5069
  ███████████░░░░░░░░░░░░░░  44%  Streaming frame 1718/5069
  ███████████░░░░░░░░░░░░░░  44%  Streaming frame 1719/5069
  ███████████░░░░░░░░░░░░░░  44%  Streaming frame 1720/5069
  ███████████░░░░░░░░░░░░░░  44%  Streaming frame 1721/5069
  ███████████░░░░░░░░░░░░░░  44%  Streaming frame 1722/5069
  ███████████░░░░░░░░░░░░░░  44%  Streaming frame 1723/5069
  ███████████░░░░░░░░░░░░░░  44%  Streaming frame 1724/5069
  ███████████░░░░░░░░░░░░░░  44%  Streaming frame 1725/5069
  ███████████░░░░░░░░░░░░░░  44%  Streaming frame 1726/5069
  ███████████░░░░░░░░░░░░░░  44%  Streaming frame 1727/5069
  ███████████░░░░░░░░░░░░░░  44%  Streaming frame 1728/5069
  ███████████░░░░░░░░░░░░░░  44%  Streaming frame 1729/5069
  ███████████░░░░░░░░░░░░░░  44%  Streaming frame 1730/5069
  ███████████░░░░░░░░░░░░░░  44%  Streaming frame 1731/5069
  ███████████░░░░░░░░░░░░░░  44%  Streaming frame 1732/5069
  ███████████░░░░░░░░░░░░░░  44%  Streaming frame 1733/5069
  ███████████░░░░░░░░░░░░░░  44%  Streaming frame 1734/5069
  ███████████░░░░░░░░░░░░░░  44%  Streaming frame 1735/5069
  ███████████░░░░░░░░░░░░░░  44%  Streaming frame 1736/5069
  ███████████░░░░░░░░░░░░░░  44%  Streaming frame 1737/5069
  ███████████░░░░░░░░░░░░░░  44%  Streaming frame 1738/5069
  ███████████░░░░░░░░░░░░░░  44%  Streaming frame 1739/5069
  ███████████░░░░░░░░░░░░░░  44%  Streaming frame 1740/5069
  ███████████░░░░░░░░░░░░░░  44%  Streaming frame 1741/5069
  ███████████░░░░░░░░░░░░░░  44%  Streaming frame 1742/5069
  ███████████░░░░░░░░░░░░░░  44%  Streaming frame 1743/5069
  ███████████░░░░░░░░░░░░░░  44%  Streaming frame 1744/5069
  ███████████░░░░░░░░░░░░░░  44%  Streaming frame 1745/5069
  ███████████░░░░░░░░░░░░░░  44%  Streaming frame 1746/5069
  ███████████░░░░░░░░░░░░░░  44%  Streaming frame 1747/5069
  ███████████░░░░░░░░░░░░░░  44%  Streaming frame 1748/5069
  ███████████░░░░░░░░░░░░░░  44%  Streaming frame 1749/5069
  ███████████░░░░░░░░░░░░░░  44%  Streaming frame 1750/5069
  ███████████░░░░░░░░░░░░░░  44%  Streaming frame 1751/5069
  ███████████░░░░░░░░░░░░░░  44%  Streaming frame 1752/5069
  ███████████░░░░░░░░░░░░░░  44%  Streaming frame 1753/5069
  ███████████░░░░░░░░░░░░░░  44%  Streaming frame 1754/5069
  ███████████░░░░░░░░░░░░░░  44%  Streaming frame 1755/5069
  ███████████░░░░░░░░░░░░░░  44%  Streaming frame 1756/5069
  ███████████░░░░░░░░░░░░░░  44%  Streaming frame 1757/5069
  ███████████░░░░░░░░░░░░░░  44%  Streaming frame 1758/5069
  ███████████░░░░░░░░░░░░░░  44%  Streaming frame 1759/5069
  ███████████░░░░░░░░░░░░░░  44%  Streaming frame 1760/5069
  ███████████░░░░░░░░░░░░░░  44%  Streaming frame 1761/5069
  ███████████░░░░░░░░░░░░░░  44%  Streaming frame 1762/5069
  ███████████░░░░░░░░░░░░░░  44%  Streaming frame 1763/5069
  ███████████░░░░░░░░░░░░░░  44%  Streaming frame 1764/5069
  ███████████░░░░░░░░░░░░░░  44%  Streaming frame 1765/5069
  ███████████░░░░░░░░░░░░░░  44%  Streaming frame 1766/5069
  ███████████░░░░░░░░░░░░░░  44%  Streaming frame 1767/5069
  ███████████░░░░░░░░░░░░░░  44%  Streaming frame 1768/5069
  ███████████░░░░░░░░░░░░░░  44%  Streaming frame 1769/5069
  ███████████░░░░░░░░░░░░░░  44%  Streaming frame 1770/5069
  ███████████░░░░░░░░░░░░░░  44%  Streaming frame 1771/5069
  ███████████░░░░░░░░░░░░░░  44%  Streaming frame 1772/5069
  ███████████░░░░░░░░░░░░░░  44%  Streaming frame 1773/5069
  ███████████░░░░░░░░░░░░░░  44%  Streaming frame 1774/5069
  ███████████░░░░░░░░░░░░░░  44%  Streaming frame 1775/5069
  ███████████░░░░░░░░░░░░░░  44%  Streaming frame 1776/5069
  ███████████░░░░░░░░░░░░░░  44%  Streaming frame 1777/5069
  ███████████░░░░░░░░░░░░░░  44%  Streaming frame 1778/5069
  ███████████░░░░░░░░░░░░░░  44%  Streaming frame 1779/5069
  ███████████░░░░░░░░░░░░░░  44%  Streaming frame 1780/5069
  ███████████░░░░░░░░░░░░░░  44%  Streaming frame 1781/5069
  ███████████░░░░░░░░░░░░░░  44%  Streaming frame 1782/5069
  ███████████░░░░░░░░░░░░░░  44%  Streaming frame 1783/5069
  ███████████░░░░░░░░░░░░░░  44%  Streaming frame 1784/5069
  ███████████░░░░░░░░░░░░░░  44%  Streaming frame 1785/5069
  ███████████░░░░░░░░░░░░░░  44%  Streaming frame 1786/5069
  ███████████░░░░░░░░░░░░░░  44%  Streaming frame 1787/5069
  ███████████░░░░░░░░░░░░░░  44%  Streaming frame 1788/5069
  ███████████░░░░░░░░░░░░░░  44%  Streaming frame 1789/5069
  ███████████░░░░░░░░░░░░░░  44%  Streaming frame 1790/5069
  ███████████░░░░░░░░░░░░░░  44%  Streaming frame 1791/5069
  ███████████░░░░░░░░░░░░░░  44%  Streaming frame 1792/5069
  ███████████░░░░░░░░░░░░░░  44%  Streaming frame 1793/5069
  ███████████░░░░░░░░░░░░░░  44%  Streaming frame 1794/5069
  ███████████░░░░░░░░░░░░░░  44%  Streaming frame 1795/5069
  ███████████░░░░░░░░░░░░░░  44%  Streaming frame 1796/5069
  ███████████░░░░░░░░░░░░░░  44%  Streaming frame 1797/5069
  ███████████░░░░░░░░░░░░░░  45%  Streaming frame 1798/5069
  ███████████░░░░░░░░░░░░░░  45%  Streaming frame 1799/5069
  ███████████░░░░░░░░░░░░░░  45%  Streaming frame 1800/5069
  ███████████░░░░░░░░░░░░░░  45%  Streaming frame 1801/5069
  ███████████░░░░░░░░░░░░░░  45%  Streaming frame 1802/5069
  ███████████░░░░░░░░░░░░░░  45%  Streaming frame 1803/5069
  ███████████░░░░░░░░░░░░░░  45%  Streaming frame 1804/5069
  ███████████░░░░░░░░░░░░░░  45%  Streaming frame 1805/5069
  ███████████░░░░░░░░░░░░░░  45%  Streaming frame 1806/5069
  ███████████░░░░░░░░░░░░░░  45%  Streaming frame 1807/5069
  ███████████░░░░░░░░░░░░░░  45%  Streaming frame 1808/5069
  ███████████░░░░░░░░░░░░░░  45%  Streaming frame 1809/5069
  ███████████░░░░░░░░░░░░░░  45%  Streaming frame 1810/5069
  ███████████░░░░░░░░░░░░░░  45%  Streaming frame 1811/5069
  ███████████░░░░░░░░░░░░░░  45%  Streaming frame 1812/5069
  ███████████░░░░░░░░░░░░░░  45%  Streaming frame 1813/5069
  ███████████░░░░░░░░░░░░░░  45%  Streaming frame 1814/5069
  ███████████░░░░░░░░░░░░░░  45%  Streaming frame 1815/5069
  ███████████░░░░░░░░░░░░░░  45%  Streaming frame 1816/5069
  ███████████░░░░░░░░░░░░░░  45%  Streaming frame 1817/5069
  ███████████░░░░░░░░░░░░░░  45%  Streaming frame 1818/5069
  ███████████░░░░░░░░░░░░░░  45%  Streaming frame 1819/5069
  ███████████░░░░░░░░░░░░░░  45%  Streaming frame 1820/5069
  ███████████░░░░░░░░░░░░░░  45%  Streaming frame 1821/5069
  ███████████░░░░░░░░░░░░░░  45%  Streaming frame 1822/5069
  ███████████░░░░░░░░░░░░░░  45%  Streaming frame 1823/5069
  ███████████░░░░░░░░░░░░░░  45%  Streaming frame 1824/5069
  ███████████░░░░░░░░░░░░░░  45%  Streaming frame 1825/5069
  ███████████░░░░░░░░░░░░░░  45%  Streaming frame 1826/5069
  ███████████░░░░░░░░░░░░░░  45%  Streaming frame 1827/5069
  ███████████░░░░░░░░░░░░░░  45%  Streaming frame 1828/5069
  ███████████░░░░░░░░░░░░░░  45%  Streaming frame 1829/5069
  ███████████░░░░░░░░░░░░░░  45%  Streaming frame 1830/5069
  ███████████░░░░░░░░░░░░░░  45%  Streaming frame 1831/5069
  ███████████░░░░░░░░░░░░░░  45%  Streaming frame 1832/5069
  ███████████░░░░░░░░░░░░░░  45%  Streaming frame 1833/5069
  ███████████░░░░░░░░░░░░░░  45%  Streaming frame 1834/5069
  ███████████░░░░░░░░░░░░░░  45%  Streaming frame 1835/5069
  ███████████░░░░░░░░░░░░░░  45%  Streaming frame 1836/5069
  ███████████░░░░░░░░░░░░░░  45%  Streaming frame 1837/5069
  ███████████░░░░░░░░░░░░░░  45%  Streaming frame 1838/5069
  ███████████░░░░░░░░░░░░░░  45%  Streaming frame 1839/5069
  ███████████░░░░░░░░░░░░░░  45%  Streaming frame 1840/5069
  ███████████░░░░░░░░░░░░░░  45%  Streaming frame 1841/5069
  ███████████░░░░░░░░░░░░░░  45%  Streaming frame 1842/5069
  ███████████░░░░░░░░░░░░░░  45%  Streaming frame 1843/5069
  ███████████░░░░░░░░░░░░░░  45%  Streaming frame 1844/5069
  ███████████░░░░░░░░░░░░░░  45%  Streaming frame 1845/5069
  ███████████░░░░░░░░░░░░░░  45%  Streaming frame 1846/5069
  ███████████░░░░░░░░░░░░░░  45%  Streaming frame 1847/5069
  ███████████░░░░░░░░░░░░░░  45%  Streaming frame 1848/5069
  ███████████░░░░░░░░░░░░░░  45%  Streaming frame 1849/5069
  ███████████░░░░░░░░░░░░░░  45%  Streaming frame 1850/5069
  ███████████░░░░░░░░░░░░░░  45%  Streaming frame 1851/5069
  ███████████░░░░░░░░░░░░░░  45%  Streaming frame 1852/5069
  ███████████░░░░░░░░░░░░░░  45%  Streaming frame 1853/5069
  ███████████░░░░░░░░░░░░░░  45%  Streaming frame 1854/5069
  ███████████░░░░░░░░░░░░░░  45%  Streaming frame 1855/5069
  ███████████░░░░░░░░░░░░░░  45%  Streaming frame 1856/5069
  ███████████░░░░░░░░░░░░░░  45%  Streaming frame 1857/5069
  ███████████░░░░░░░░░░░░░░  45%  Streaming frame 1858/5069
  ███████████░░░░░░░░░░░░░░  45%  Streaming frame 1859/5069
  ███████████░░░░░░░░░░░░░░  45%  Streaming frame 1860/5069
  ███████████░░░░░░░░░░░░░░  45%  Streaming frame 1861/5069
  ███████████░░░░░░░░░░░░░░  45%  Streaming frame 1862/5069
  ███████████░░░░░░░░░░░░░░  45%  Streaming frame 1863/5069
  ███████████░░░░░░░░░░░░░░  45%  Streaming frame 1864/5069
  ███████████░░░░░░░░░░░░░░  45%  Streaming frame 1865/5069
  ███████████░░░░░░░░░░░░░░  45%  Streaming frame 1866/5069
  ███████████░░░░░░░░░░░░░░  45%  Streaming frame 1867/5069
  ███████████░░░░░░░░░░░░░░  45%  Streaming frame 1868/5069
  ███████████░░░░░░░░░░░░░░  45%  Streaming frame 1869/5069
  ███████████░░░░░░░░░░░░░░  45%  Streaming frame 1870/5069
  ███████████░░░░░░░░░░░░░░  45%  Streaming frame 1871/5069
  ███████████░░░░░░░░░░░░░░  45%  Streaming frame 1872/5069
  ███████████░░░░░░░░░░░░░░  45%  Streaming frame 1873/5069
  ███████████░░░░░░░░░░░░░░  45%  Streaming frame 1874/5069
  ███████████░░░░░░░░░░░░░░  45%  Streaming frame 1875/5069
  ███████████░░░░░░░░░░░░░░  45%  Streaming frame 1876/5069
  ███████████░░░░░░░░░░░░░░  45%  Streaming frame 1877/5069
  ███████████░░░░░░░░░░░░░░  45%  Streaming frame 1878/5069
  ███████████░░░░░░░░░░░░░░  45%  Streaming frame 1879/5069
  ███████████░░░░░░░░░░░░░░  45%  Streaming frame 1880/5069
  ███████████░░░░░░░░░░░░░░  45%  Streaming frame 1881/5069
  ███████████░░░░░░░░░░░░░░  45%  Streaming frame 1882/5069
  ███████████░░░░░░░░░░░░░░  45%  Streaming frame 1883/5069
  ███████████░░░░░░░░░░░░░░  45%  Streaming frame 1884/5069
  ███████████░░░░░░░░░░░░░░  45%  Streaming frame 1885/5069
  ███████████░░░░░░░░░░░░░░  45%  Streaming frame 1886/5069
  ███████████░░░░░░░░░░░░░░  45%  Streaming frame 1887/5069
  ███████████░░░░░░░░░░░░░░  45%  Streaming frame 1888/5069
  ███████████░░░░░░░░░░░░░░  45%  Streaming frame 1889/5069
  ███████████░░░░░░░░░░░░░░  46%  Streaming frame 1890/5069
  ███████████░░░░░░░░░░░░░░  46%  Streaming frame 1891/5069
  ███████████░░░░░░░░░░░░░░  46%  Streaming frame 1892/5069
  ███████████░░░░░░░░░░░░░░  46%  Streaming frame 1893/5069
  ███████████░░░░░░░░░░░░░░  46%  Streaming frame 1894/5069
  ███████████░░░░░░░░░░░░░░  46%  Streaming frame 1895/5069
  ███████████░░░░░░░░░░░░░░  46%  Streaming frame 1896/5069
  ███████████░░░░░░░░░░░░░░  46%  Streaming frame 1897/5069
  ███████████░░░░░░░░░░░░░░  46%  Streaming frame 1898/5069
  ███████████░░░░░░░░░░░░░░  46%  Streaming frame 1899/5069
  ███████████░░░░░░░░░░░░░░  46%  Streaming frame 1900/5069
  ███████████░░░░░░░░░░░░░░  46%  Streaming frame 1901/5069
  ███████████░░░░░░░░░░░░░░  46%  Streaming frame 1902/5069
  ███████████░░░░░░░░░░░░░░  46%  Streaming frame 1903/5069
  ███████████░░░░░░░░░░░░░░  46%  Streaming frame 1904/5069
  ███████████░░░░░░░░░░░░░░  46%  Streaming frame 1905/5069
  ███████████░░░░░░░░░░░░░░  46%  Streaming frame 1906/5069
  ███████████░░░░░░░░░░░░░░  46%  Streaming frame 1907/5069
  ███████████░░░░░░░░░░░░░░  46%  Streaming frame 1908/5069
  ███████████░░░░░░░░░░░░░░  46%  Streaming frame 1909/5069
  ███████████░░░░░░░░░░░░░░  46%  Streaming frame 1910/5069
  ███████████░░░░░░░░░░░░░░  46%  Streaming frame 1911/5069
  ███████████░░░░░░░░░░░░░░  46%  Streaming frame 1912/5069
  ███████████░░░░░░░░░░░░░░  46%  Streaming frame 1913/5069
  ███████████░░░░░░░░░░░░░░  46%  Streaming frame 1914/5069
  ███████████░░░░░░░░░░░░░░  46%  Streaming frame 1915/5069
  ███████████░░░░░░░░░░░░░░  46%  Streaming frame 1916/5069
  ███████████░░░░░░░░░░░░░░  46%  Streaming frame 1917/5069
  ███████████░░░░░░░░░░░░░░  46%  Streaming frame 1918/5069
  ███████████░░░░░░░░░░░░░░  46%  Streaming frame 1919/5069
  ███████████░░░░░░░░░░░░░░  46%  Streaming frame 1920/5069
  ███████████░░░░░░░░░░░░░░  46%  Streaming frame 1921/5069
  ███████████░░░░░░░░░░░░░░  46%  Streaming frame 1922/5069
  ███████████░░░░░░░░░░░░░░  46%  Streaming frame 1923/5069
  ███████████░░░░░░░░░░░░░░  46%  Streaming frame 1924/5069
  ███████████░░░░░░░░░░░░░░  46%  Streaming frame 1925/5069
  ███████████░░░░░░░░░░░░░░  46%  Streaming frame 1926/5069
  ███████████░░░░░░░░░░░░░░  46%  Streaming frame 1927/5069
  ███████████░░░░░░░░░░░░░░  46%  Streaming frame 1928/5069
  ███████████░░░░░░░░░░░░░░  46%  Streaming frame 1929/5069
  ███████████░░░░░░░░░░░░░░  46%  Streaming frame 1930/5069
  ███████████░░░░░░░░░░░░░░  46%  Streaming frame 1931/5069
  ███████████░░░░░░░░░░░░░░  46%  Streaming frame 1932/5069
  ███████████░░░░░░░░░░░░░░  46%  Streaming frame 1933/5069
  ███████████░░░░░░░░░░░░░░  46%  Streaming frame 1934/5069
  ███████████░░░░░░░░░░░░░░  46%  Streaming frame 1935/5069
  ███████████░░░░░░░░░░░░░░  46%  Streaming frame 1936/5069
  ███████████░░░░░░░░░░░░░░  46%  Streaming frame 1937/5069
  ███████████░░░░░░░░░░░░░░  46%  Streaming frame 1938/5069
  ███████████░░░░░░░░░░░░░░  46%  Streaming frame 1939/5069
  ███████████░░░░░░░░░░░░░░  46%  Streaming frame 1940/5069
  ███████████░░░░░░░░░░░░░░  46%  Streaming frame 1941/5069
  ███████████░░░░░░░░░░░░░░  46%  Streaming frame 1942/5069
  ███████████░░░░░░░░░░░░░░  46%  Streaming frame 1943/5069
  ███████████░░░░░░░░░░░░░░  46%  Streaming frame 1944/5069
  ███████████░░░░░░░░░░░░░░  46%  Streaming frame 1945/5069
  ███████████░░░░░░░░░░░░░░  46%  Streaming frame 1946/5069
  ███████████░░░░░░░░░░░░░░  46%  Streaming frame 1947/5069
  ███████████░░░░░░░░░░░░░░  46%  Streaming frame 1948/5069
  ███████████░░░░░░░░░░░░░░  46%  Streaming frame 1949/5069
  ███████████░░░░░░░░░░░░░░  46%  Streaming frame 1950/5069
  ███████████░░░░░░░░░░░░░░  46%  Streaming frame 1951/5069
  ███████████░░░░░░░░░░░░░░  46%  Streaming frame 1952/5069
  ███████████░░░░░░░░░░░░░░  46%  Streaming frame 1953/5069
  ███████████░░░░░░░░░░░░░░  46%  Streaming frame 1954/5069
  ███████████░░░░░░░░░░░░░░  46%  Streaming frame 1955/5069
  ███████████░░░░░░░░░░░░░░  46%  Streaming frame 1956/5069
  ███████████░░░░░░░░░░░░░░  46%  Streaming frame 1957/5069
  ███████████░░░░░░░░░░░░░░  46%  Streaming frame 1958/5069
  ███████████░░░░░░░░░░░░░░  46%  Streaming frame 1959/5069
  ███████████░░░░░░░░░░░░░░  46%  Streaming frame 1960/5069
  ███████████░░░░░░░░░░░░░░  46%  Streaming frame 1961/5069
  ███████████░░░░░░░░░░░░░░  46%  Streaming frame 1962/5069
  ███████████░░░░░░░░░░░░░░  46%  Streaming frame 1963/5069
  ███████████░░░░░░░░░░░░░░  46%  Streaming frame 1964/5069
  ███████████░░░░░░░░░░░░░░  46%  Streaming frame 1965/5069
  ███████████░░░░░░░░░░░░░░  46%  Streaming frame 1966/5069
  ███████████░░░░░░░░░░░░░░  46%  Streaming frame 1967/5069
  ███████████░░░░░░░░░░░░░░  46%  Streaming frame 1968/5069
  ███████████░░░░░░░░░░░░░░  46%  Streaming frame 1969/5069
  ███████████░░░░░░░░░░░░░░  46%  Streaming frame 1970/5069
  ███████████░░░░░░░░░░░░░░  46%  Streaming frame 1971/5069
  ███████████░░░░░░░░░░░░░░  46%  Streaming frame 1972/5069
  ███████████░░░░░░░░░░░░░░  46%  Streaming frame 1973/5069
  ███████████░░░░░░░░░░░░░░  46%  Streaming frame 1974/5069
  ███████████░░░░░░░░░░░░░░  46%  Streaming frame 1975/5069
  ███████████░░░░░░░░░░░░░░  46%  Streaming frame 1976/5069
  ███████████░░░░░░░░░░░░░░  46%  Streaming frame 1977/5069
  ███████████░░░░░░░░░░░░░░  46%  Streaming frame 1978/5069
  ███████████░░░░░░░░░░░░░░  46%  Streaming frame 1979/5069
  ███████████░░░░░░░░░░░░░░  46%  Streaming frame 1980/5069
  ███████████░░░░░░░░░░░░░░  46%  Streaming frame 1981/5069
  ███████████░░░░░░░░░░░░░░  47%  Streaming frame 1982/5069
  ███████████░░░░░░░░░░░░░░  47%  Streaming frame 1983/5069
  ███████████░░░░░░░░░░░░░░  47%  Streaming frame 1984/5069
  ███████████░░░░░░░░░░░░░░  47%  Streaming frame 1985/5069
  ███████████░░░░░░░░░░░░░░  47%  Streaming frame 1986/5069
  ███████████░░░░░░░░░░░░░░  47%  Streaming frame 1987/5069
  ███████████░░░░░░░░░░░░░░  47%  Streaming frame 1988/5069
  ███████████░░░░░░░░░░░░░░  47%  Streaming frame 1989/5069
  ███████████░░░░░░░░░░░░░░  47%  Streaming frame 1990/5069
  ███████████░░░░░░░░░░░░░░  47%  Streaming frame 1991/5069
  ███████████░░░░░░░░░░░░░░  47%  Streaming frame 1992/5069
  ███████████░░░░░░░░░░░░░░  47%  Streaming frame 1993/5069
  ███████████░░░░░░░░░░░░░░  47%  Streaming frame 1994/5069
  ███████████░░░░░░░░░░░░░░  47%  Streaming frame 1995/5069
  ███████████░░░░░░░░░░░░░░  47%  Streaming frame 1996/5069
  ███████████░░░░░░░░░░░░░░  47%  Streaming frame 1997/5069
  ███████████░░░░░░░░░░░░░░  47%  Streaming frame 1998/5069
  ███████████░░░░░░░░░░░░░░  47%  Streaming frame 1999/5069
  ███████████░░░░░░░░░░░░░░  47%  Streaming frame 2000/5069
  ███████████░░░░░░░░░░░░░░  47%  Streaming frame 2001/5069
  ███████████░░░░░░░░░░░░░░  47%  Streaming frame 2002/5069
  ███████████░░░░░░░░░░░░░░  47%  Streaming frame 2003/5069
  ███████████░░░░░░░░░░░░░░  47%  Streaming frame 2004/5069
  ███████████░░░░░░░░░░░░░░  47%  Streaming frame 2005/5069
  ███████████░░░░░░░░░░░░░░  47%  Streaming frame 2006/5069
  ███████████░░░░░░░░░░░░░░  47%  Streaming frame 2007/5069
  ███████████░░░░░░░░░░░░░░  47%  Streaming frame 2008/5069
  ███████████░░░░░░░░░░░░░░  47%  Streaming frame 2009/5069
  ███████████░░░░░░░░░░░░░░  47%  Streaming frame 2010/5069
  ███████████░░░░░░░░░░░░░░  47%  Streaming frame 2011/5069
  ███████████░░░░░░░░░░░░░░  47%  Streaming frame 2012/5069
  ███████████░░░░░░░░░░░░░░  47%  Streaming frame 2013/5069
  ███████████░░░░░░░░░░░░░░  47%  Streaming frame 2014/5069
  ███████████░░░░░░░░░░░░░░  47%  Streaming frame 2015/5069
  ███████████░░░░░░░░░░░░░░  47%  Streaming frame 2016/5069
  ███████████░░░░░░░░░░░░░░  47%  Streaming frame 2017/5069
  ███████████░░░░░░░░░░░░░░  47%  Streaming frame 2018/5069
  ███████████░░░░░░░░░░░░░░  47%  Streaming frame 2019/5069
  ███████████░░░░░░░░░░░░░░  47%  Streaming frame 2020/5069
  ███████████░░░░░░░░░░░░░░  47%  Streaming frame 2021/5069
  ███████████░░░░░░░░░░░░░░  47%  Streaming frame 2022/5069
  ███████████░░░░░░░░░░░░░░  47%  Streaming frame 2023/5069
  ███████████░░░░░░░░░░░░░░  47%  Streaming frame 2024/5069
  ███████████░░░░░░░░░░░░░░  47%  Streaming frame 2025/5069
  ███████████░░░░░░░░░░░░░░  47%  Streaming frame 2026/5069
  ███████████░░░░░░░░░░░░░░  47%  Streaming frame 2027/5069
  ███████████░░░░░░░░░░░░░░  47%  Streaming frame 2028/5069
  ███████████░░░░░░░░░░░░░░  47%  Streaming frame 2029/5069
  ███████████░░░░░░░░░░░░░░  47%  Streaming frame 2030/5069
  ███████████░░░░░░░░░░░░░░  47%  Streaming frame 2031/5069
  ███████████░░░░░░░░░░░░░░  47%  Streaming frame 2032/5069
  ███████████░░░░░░░░░░░░░░  47%  Streaming frame 2033/5069
  ███████████░░░░░░░░░░░░░░  47%  Streaming frame 2034/5069
  ███████████░░░░░░░░░░░░░░  47%  Streaming frame 2035/5069
  ███████████░░░░░░░░░░░░░░  47%  Streaming frame 2036/5069
  ███████████░░░░░░░░░░░░░░  47%  Streaming frame 2037/5069
  ███████████░░░░░░░░░░░░░░  47%  Streaming frame 2038/5069
  ███████████░░░░░░░░░░░░░░  47%  Streaming frame 2039/5069
  ███████████░░░░░░░░░░░░░░  47%  Streaming frame 2040/5069
  ███████████░░░░░░░░░░░░░░  47%  Streaming frame 2041/5069
  ███████████░░░░░░░░░░░░░░  47%  Streaming frame 2042/5069
  ███████████░░░░░░░░░░░░░░  47%  Streaming frame 2043/5069
  ███████████░░░░░░░░░░░░░░  47%  Streaming frame 2044/5069
  ███████████░░░░░░░░░░░░░░  47%  Streaming frame 2045/5069
  ███████████░░░░░░░░░░░░░░  47%  Streaming frame 2046/5069
  ███████████░░░░░░░░░░░░░░  47%  Streaming frame 2047/5069
  ███████████░░░░░░░░░░░░░░  47%  Streaming frame 2048/5069
  ███████████░░░░░░░░░░░░░░  47%  Streaming frame 2049/5069
  ███████████░░░░░░░░░░░░░░  47%  Streaming frame 2050/5069
  ███████████░░░░░░░░░░░░░░  47%  Streaming frame 2051/5069
  ███████████░░░░░░░░░░░░░░  47%  Streaming frame 2052/5069
  ███████████░░░░░░░░░░░░░░  47%  Streaming frame 2053/5069
  ███████████░░░░░░░░░░░░░░  47%  Streaming frame 2054/5069
  ███████████░░░░░░░░░░░░░░  47%  Streaming frame 2055/5069
  ███████████░░░░░░░░░░░░░░  47%  Streaming frame 2056/5069
  ███████████░░░░░░░░░░░░░░  47%  Streaming frame 2057/5069
  ███████████░░░░░░░░░░░░░░  47%  Streaming frame 2058/5069
  ███████████░░░░░░░░░░░░░░  47%  Streaming frame 2059/5069
  ███████████░░░░░░░░░░░░░░  47%  Streaming frame 2060/5069
  ███████████░░░░░░░░░░░░░░  47%  Streaming frame 2061/5069
  ███████████░░░░░░░░░░░░░░  47%  Streaming frame 2062/5069
  ███████████░░░░░░░░░░░░░░  47%  Streaming frame 2063/5069
  ███████████░░░░░░░░░░░░░░  47%  Streaming frame 2064/5069
  ███████████░░░░░░░░░░░░░░  47%  Streaming frame 2065/5069
  ███████████░░░░░░░░░░░░░░  47%  Streaming frame 2066/5069
  ███████████░░░░░░░░░░░░░░  47%  Streaming frame 2067/5069
  ███████████░░░░░░░░░░░░░░  47%  Streaming frame 2068/5069
  ███████████░░░░░░░░░░░░░░  47%  Streaming frame 2069/5069
  ███████████░░░░░░░░░░░░░░  47%  Streaming frame 2070/5069
  ███████████░░░░░░░░░░░░░░  47%  Streaming frame 2071/5069
  ███████████░░░░░░░░░░░░░░  47%  Streaming frame 2072/5069
  ███████████░░░░░░░░░░░░░░  47%  Streaming frame 2073/5069
  ████████████░░░░░░░░░░░░░  48%  Streaming frame 2074/5069
  ████████████░░░░░░░░░░░░░  48%  Streaming frame 2075/5069
  ████████████░░░░░░░░░░░░░  48%  Streaming frame 2076/5069
  ████████████░░░░░░░░░░░░░  48%  Streaming frame 2077/5069
  ████████████░░░░░░░░░░░░░  48%  Streaming frame 2078/5069
  ████████████░░░░░░░░░░░░░  48%  Streaming frame 2079/5069
  ████████████░░░░░░░░░░░░░  48%  Streaming frame 2080/5069
  ████████████░░░░░░░░░░░░░  48%  Streaming frame 2081/5069
  ████████████░░░░░░░░░░░░░  48%  Streaming frame 2082/5069
  ████████████░░░░░░░░░░░░░  48%  Streaming frame 2083/5069
  ████████████░░░░░░░░░░░░░  48%  Streaming frame 2084/5069
  ████████████░░░░░░░░░░░░░  48%  Streaming frame 2085/5069
  ████████████░░░░░░░░░░░░░  48%  Streaming frame 2086/5069
  ████████████░░░░░░░░░░░░░  48%  Streaming frame 2087/5069
  ████████████░░░░░░░░░░░░░  48%  Streaming frame 2088/5069
  ████████████░░░░░░░░░░░░░  48%  Streaming frame 2089/5069
  ████████████░░░░░░░░░░░░░  48%  Streaming frame 2090/5069
  ████████████░░░░░░░░░░░░░  48%  Streaming frame 2091/5069
  ████████████░░░░░░░░░░░░░  48%  Streaming frame 2092/5069
  ████████████░░░░░░░░░░░░░  48%  Streaming frame 2093/5069
  ████████████░░░░░░░░░░░░░  48%  Streaming frame 2094/5069
  ████████████░░░░░░░░░░░░░  48%  Streaming frame 2095/5069
  ████████████░░░░░░░░░░░░░  48%  Streaming frame 2096/5069
  ████████████░░░░░░░░░░░░░  48%  Streaming frame 2097/5069
  ████████████░░░░░░░░░░░░░  48%  Streaming frame 2098/5069
  ████████████░░░░░░░░░░░░░  48%  Streaming frame 2099/5069
  ████████████░░░░░░░░░░░░░  48%  Streaming frame 2100/5069
  ████████████░░░░░░░░░░░░░  48%  Streaming frame 2101/5069
  ████████████░░░░░░░░░░░░░  48%  Streaming frame 2102/5069
  ████████████░░░░░░░░░░░░░  48%  Streaming frame 2103/5069
  ████████████░░░░░░░░░░░░░  48%  Streaming frame 2104/5069
  ████████████░░░░░░░░░░░░░  48%  Streaming frame 2105/5069
  ████████████░░░░░░░░░░░░░  48%  Streaming frame 2106/5069
  ████████████░░░░░░░░░░░░░  48%  Streaming frame 2107/5069
  ████████████░░░░░░░░░░░░░  48%  Streaming frame 2108/5069
  ████████████░░░░░░░░░░░░░  48%  Streaming frame 2109/5069
  ████████████░░░░░░░░░░░░░  48%  Streaming frame 2110/5069
  ████████████░░░░░░░░░░░░░  48%  Streaming frame 2111/5069
  ████████████░░░░░░░░░░░░░  48%  Streaming frame 2112/5069
  ████████████░░░░░░░░░░░░░  48%  Streaming frame 2113/5069
  ████████████░░░░░░░░░░░░░  48%  Streaming frame 2114/5069
  ████████████░░░░░░░░░░░░░  48%  Streaming frame 2115/5069
  ████████████░░░░░░░░░░░░░  48%  Streaming frame 2116/5069
  ████████████░░░░░░░░░░░░░  48%  Streaming frame 2117/5069
  ████████████░░░░░░░░░░░░░  48%  Streaming frame 2118/5069
  ████████████░░░░░░░░░░░░░  48%  Streaming frame 2119/5069
  ████████████░░░░░░░░░░░░░  48%  Streaming frame 2120/5069
  ████████████░░░░░░░░░░░░░  48%  Streaming frame 2121/5069
  ████████████░░░░░░░░░░░░░  48%  Streaming frame 2122/5069
  ████████████░░░░░░░░░░░░░  48%  Streaming frame 2123/5069
  ████████████░░░░░░░░░░░░░  48%  Streaming frame 2124/5069
  ████████████░░░░░░░░░░░░░  48%  Streaming frame 2125/5069
  ████████████░░░░░░░░░░░░░  48%  Streaming frame 2126/5069
  ████████████░░░░░░░░░░░░░  48%  Streaming frame 2127/5069
  ████████████░░░░░░░░░░░░░  48%  Streaming frame 2128/5069
  ████████████░░░░░░░░░░░░░  48%  Streaming frame 2129/5069
  ████████████░░░░░░░░░░░░░  48%  Streaming frame 2130/5069
  ████████████░░░░░░░░░░░░░  48%  Streaming frame 2131/5069
  ████████████░░░░░░░░░░░░░  48%  Streaming frame 2132/5069
  ████████████░░░░░░░░░░░░░  48%  Streaming frame 2133/5069
  ████████████░░░░░░░░░░░░░  48%  Streaming frame 2134/5069
  ████████████░░░░░░░░░░░░░  48%  Streaming frame 2135/5069
  ████████████░░░░░░░░░░░░░  48%  Streaming frame 2136/5069
  ████████████░░░░░░░░░░░░░  48%  Streaming frame 2137/5069
  ████████████░░░░░░░░░░░░░  48%  Streaming frame 2138/5069
  ████████████░░░░░░░░░░░░░  48%  Streaming frame 2139/5069
  ████████████░░░░░░░░░░░░░  48%  Streaming frame 2140/5069
  ████████████░░░░░░░░░░░░░  48%  Streaming frame 2141/5069
  ████████████░░░░░░░░░░░░░  48%  Streaming frame 2142/5069
  ████████████░░░░░░░░░░░░░  48%  Streaming frame 2143/5069
  ████████████░░░░░░░░░░░░░  48%  Streaming frame 2144/5069
  ████████████░░░░░░░░░░░░░  48%  Streaming frame 2145/5069
  ████████████░░░░░░░░░░░░░  48%  Streaming frame 2146/5069
  ████████████░░░░░░░░░░░░░  48%  Streaming frame 2147/5069
  ████████████░░░░░░░░░░░░░  48%  Streaming frame 2148/5069
  ████████████░░░░░░░░░░░░░  48%  Streaming frame 2149/5069
  ████████████░░░░░░░░░░░░░  48%  Streaming frame 2150/5069
  ████████████░░░░░░░░░░░░░  48%  Streaming frame 2151/5069
  ████████████░░░░░░░░░░░░░  48%  Streaming frame 2152/5069
  ████████████░░░░░░░░░░░░░  48%  Streaming frame 2153/5069
  ████████████░░░░░░░░░░░░░  48%  Streaming frame 2154/5069
  ████████████░░░░░░░░░░░░░  48%  Streaming frame 2155/5069
  ████████████░░░░░░░░░░░░░  48%  Streaming frame 2156/5069
  ████████████░░░░░░░░░░░░░  48%  Streaming frame 2157/5069
  ████████████░░░░░░░░░░░░░  48%  Streaming frame 2158/5069
  ████████████░░░░░░░░░░░░░  48%  Streaming frame 2159/5069
  ████████████░░░░░░░░░░░░░  48%  Streaming frame 2160/5069
  ████████████░░░░░░░░░░░░░  48%  Streaming frame 2161/5069
  ████████████░░░░░░░░░░░░░  48%  Streaming frame 2162/5069
  ████████████░░░░░░░░░░░░░  48%  Streaming frame 2163/5069
  ████████████░░░░░░░░░░░░░  48%  Streaming frame 2164/5069
  ████████████░░░░░░░░░░░░░  48%  Streaming frame 2165/5069
  ████████████░░░░░░░░░░░░░  49%  Streaming frame 2166/5069
  ████████████░░░░░░░░░░░░░  49%  Streaming frame 2167/5069
  ████████████░░░░░░░░░░░░░  49%  Streaming frame 2168/5069
  ████████████░░░░░░░░░░░░░  49%  Streaming frame 2169/5069
  ████████████░░░░░░░░░░░░░  49%  Streaming frame 2170/5069
  ████████████░░░░░░░░░░░░░  49%  Streaming frame 2171/5069
  ████████████░░░░░░░░░░░░░  49%  Streaming frame 2172/5069
  ████████████░░░░░░░░░░░░░  49%  Streaming frame 2173/5069
  ████████████░░░░░░░░░░░░░  49%  Streaming frame 2174/5069
  ████████████░░░░░░░░░░░░░  49%  Streaming frame 2175/5069
  ████████████░░░░░░░░░░░░░  49%  Streaming frame 2176/5069
  ████████████░░░░░░░░░░░░░  49%  Streaming frame 2177/5069
  ████████████░░░░░░░░░░░░░  49%  Streaming frame 2178/5069
  ████████████░░░░░░░░░░░░░  49%  Streaming frame 2179/5069
  ████████████░░░░░░░░░░░░░  49%  Streaming frame 2180/5069
  ████████████░░░░░░░░░░░░░  49%  Streaming frame 2181/5069
  ████████████░░░░░░░░░░░░░  49%  Streaming frame 2182/5069
  ████████████░░░░░░░░░░░░░  49%  Streaming frame 2183/5069
  ████████████░░░░░░░░░░░░░  49%  Streaming frame 2184/5069
  ████████████░░░░░░░░░░░░░  49%  Streaming frame 2185/5069
  ████████████░░░░░░░░░░░░░  49%  Streaming frame 2186/5069
  ████████████░░░░░░░░░░░░░  49%  Streaming frame 2187/5069
  ████████████░░░░░░░░░░░░░  49%  Streaming frame 2188/5069
  ████████████░░░░░░░░░░░░░  49%  Streaming frame 2189/5069
  ████████████░░░░░░░░░░░░░  49%  Streaming frame 2190/5069
  ████████████░░░░░░░░░░░░░  49%  Streaming frame 2191/5069
  ████████████░░░░░░░░░░░░░  49%  Streaming frame 2192/5069
  ████████████░░░░░░░░░░░░░  49%  Streaming frame 2193/5069
  ████████████░░░░░░░░░░░░░  49%  Streaming frame 2194/5069
  ████████████░░░░░░░░░░░░░  49%  Streaming frame 2195/5069
  ████████████░░░░░░░░░░░░░  49%  Streaming frame 2196/5069
  ████████████░░░░░░░░░░░░░  49%  Streaming frame 2197/5069
  ████████████░░░░░░░░░░░░░  49%  Streaming frame 2198/5069
  ████████████░░░░░░░░░░░░░  49%  Streaming frame 2199/5069
  ████████████░░░░░░░░░░░░░  49%  Streaming frame 2200/5069
  ████████████░░░░░░░░░░░░░  49%  Streaming frame 2201/5069
  ████████████░░░░░░░░░░░░░  49%  Streaming frame 2202/5069
  ████████████░░░░░░░░░░░░░  49%  Streaming frame 2203/5069
  ████████████░░░░░░░░░░░░░  49%  Streaming frame 2204/5069
  ████████████░░░░░░░░░░░░░  49%  Streaming frame 2205/5069
  ████████████░░░░░░░░░░░░░  49%  Streaming frame 2206/5069
  ████████████░░░░░░░░░░░░░  49%  Streaming frame 2207/5069
  ████████████░░░░░░░░░░░░░  49%  Streaming frame 2208/5069
  ████████████░░░░░░░░░░░░░  49%  Streaming frame 2209/5069
  ████████████░░░░░░░░░░░░░  49%  Streaming frame 2210/5069
  ████████████░░░░░░░░░░░░░  49%  Streaming frame 2211/5069
  ████████████░░░░░░░░░░░░░  49%  Streaming frame 2212/5069
  ████████████░░░░░░░░░░░░░  49%  Streaming frame 2213/5069
  ████████████░░░░░░░░░░░░░  49%  Streaming frame 2214/5069
  ████████████░░░░░░░░░░░░░  49%  Streaming frame 2215/5069
  ████████████░░░░░░░░░░░░░  49%  Streaming frame 2216/5069
  ████████████░░░░░░░░░░░░░  49%  Streaming frame 2217/5069
  ████████████░░░░░░░░░░░░░  49%  Streaming frame 2218/5069
  ████████████░░░░░░░░░░░░░  49%  Streaming frame 2219/5069
  ████████████░░░░░░░░░░░░░  49%  Streaming frame 2220/5069
  ████████████░░░░░░░░░░░░░  49%  Streaming frame 2221/5069
  ████████████░░░░░░░░░░░░░  49%  Streaming frame 2222/5069
  ████████████░░░░░░░░░░░░░  49%  Streaming frame 2223/5069
  ████████████░░░░░░░░░░░░░  49%  Streaming frame 2224/5069
  ████████████░░░░░░░░░░░░░  49%  Streaming frame 2225/5069
  ████████████░░░░░░░░░░░░░  49%  Streaming frame 2226/5069
  ████████████░░░░░░░░░░░░░  49%  Streaming frame 2227/5069
  ████████████░░░░░░░░░░░░░  49%  Streaming frame 2228/5069
  ████████████░░░░░░░░░░░░░  49%  Streaming frame 2229/5069
  ████████████░░░░░░░░░░░░░  49%  Streaming frame 2230/5069
  ████████████░░░░░░░░░░░░░  49%  Streaming frame 2231/5069
  ████████████░░░░░░░░░░░░░  49%  Streaming frame 2232/5069
  ████████████░░░░░░░░░░░░░  49%  Streaming frame 2233/5069
  ████████████░░░░░░░░░░░░░  49%  Streaming frame 2234/5069
  ████████████░░░░░░░░░░░░░  49%  Streaming frame 2235/5069
  ████████████░░░░░░░░░░░░░  49%  Streaming frame 2236/5069
  ████████████░░░░░░░░░░░░░  49%  Streaming frame 2237/5069
  ████████████░░░░░░░░░░░░░  49%  Streaming frame 2238/5069
  ████████████░░░░░░░░░░░░░  49%  Streaming frame 2239/5069
  ████████████░░░░░░░░░░░░░  49%  Streaming frame 2240/5069
  ████████████░░░░░░░░░░░░░  49%  Streaming frame 2241/5069
  ████████████░░░░░░░░░░░░░  49%  Streaming frame 2242/5069
  ████████████░░░░░░░░░░░░░  49%  Streaming frame 2243/5069
  ████████████░░░░░░░░░░░░░  49%  Streaming frame 2244/5069
  ████████████░░░░░░░░░░░░░  49%  Streaming frame 2245/5069
  ████████████░░░░░░░░░░░░░  49%  Streaming frame 2246/5069
  ████████████░░░░░░░░░░░░░  49%  Streaming frame 2247/5069
  ████████████░░░░░░░░░░░░░  49%  Streaming frame 2248/5069
  ████████████░░░░░░░░░░░░░  49%  Streaming frame 2249/5069
  ████████████░░░░░░░░░░░░░  49%  Streaming frame 2250/5069
  ████████████░░░░░░░░░░░░░  49%  Streaming frame 2251/5069
  ████████████░░░░░░░░░░░░░  49%  Streaming frame 2252/5069
  ████████████░░░░░░░░░░░░░  49%  Streaming frame 2253/5069
  ████████████░░░░░░░░░░░░░  49%  Streaming frame 2254/5069
  ████████████░░░░░░░░░░░░░  49%  Streaming frame 2255/5069
  ████████████░░░░░░░░░░░░░  49%  Streaming frame 2256/5069
  ████████████░░░░░░░░░░░░░  49%  Streaming frame 2257/5069
  ████████████░░░░░░░░░░░░░  49%  Streaming frame 2258/5069
  ████████████░░░░░░░░░░░░░  50%  Streaming frame 2259/5069
  ████████████░░░░░░░░░░░░░  50%  Streaming frame 2260/5069
  ████████████░░░░░░░░░░░░░  50%  Streaming frame 2261/5069
  ████████████░░░░░░░░░░░░░  50%  Streaming frame 2262/5069
  ████████████░░░░░░░░░░░░░  50%  Streaming frame 2263/5069
  ████████████░░░░░░░░░░░░░  50%  Streaming frame 2264/5069
  ████████████░░░░░░░░░░░░░  50%  Streaming frame 2265/5069
  ████████████░░░░░░░░░░░░░  50%  Streaming frame 2266/5069
  ████████████░░░░░░░░░░░░░  50%  Streaming frame 2267/5069
  ████████████░░░░░░░░░░░░░  50%  Streaming frame 2268/5069
  ████████████░░░░░░░░░░░░░  50%  Streaming frame 2269/5069
  ████████████░░░░░░░░░░░░░  50%  Streaming frame 2270/5069
  ████████████░░░░░░░░░░░░░  50%  Streaming frame 2271/5069
  ████████████░░░░░░░░░░░░░  50%  Streaming frame 2272/5069
  ████████████░░░░░░░░░░░░░  50%  Streaming frame 2273/5069
  ████████████░░░░░░░░░░░░░  50%  Streaming frame 2274/5069
  ████████████░░░░░░░░░░░░░  50%  Streaming frame 2275/5069
  ████████████░░░░░░░░░░░░░  50%  Streaming frame 2276/5069
  ████████████░░░░░░░░░░░░░  50%  Streaming frame 2277/5069
  ████████████░░░░░░░░░░░░░  50%  Streaming frame 2278/5069
  ████████████░░░░░░░░░░░░░  50%  Streaming frame 2279/5069
  ████████████░░░░░░░░░░░░░  50%  Streaming frame 2280/5069
  ████████████░░░░░░░░░░░░░  50%  Streaming frame 2281/5069
  ████████████░░░░░░░░░░░░░  50%  Streaming frame 2282/5069
  ████████████░░░░░░░░░░░░░  50%  Streaming frame 2283/5069
  ████████████░░░░░░░░░░░░░  50%  Streaming frame 2284/5069
  ████████████░░░░░░░░░░░░░  50%  Streaming frame 2285/5069
  ████████████░░░░░░░░░░░░░  50%  Streaming frame 2286/5069
  ████████████░░░░░░░░░░░░░  50%  Streaming frame 2287/5069
  ████████████░░░░░░░░░░░░░  50%  Streaming frame 2288/5069
  ████████████░░░░░░░░░░░░░  50%  Streaming frame 2289/5069
  ████████████░░░░░░░░░░░░░  50%  Streaming frame 2290/5069
  ████████████░░░░░░░░░░░░░  50%  Streaming frame 2291/5069
  ████████████░░░░░░░░░░░░░  50%  Streaming frame 2292/5069
  ████████████░░░░░░░░░░░░░  50%  Streaming frame 2293/5069
  ████████████░░░░░░░░░░░░░  50%  Streaming frame 2294/5069
  ████████████░░░░░░░░░░░░░  50%  Streaming frame 2295/5069
  ████████████░░░░░░░░░░░░░  50%  Streaming frame 2296/5069
  ████████████░░░░░░░░░░░░░  50%  Streaming frame 2297/5069
  ████████████░░░░░░░░░░░░░  50%  Streaming frame 2298/5069
  ████████████░░░░░░░░░░░░░  50%  Streaming frame 2299/5069
  ████████████░░░░░░░░░░░░░  50%  Streaming frame 2300/5069
  ████████████░░░░░░░░░░░░░  50%  Streaming frame 2301/5069
  ████████████░░░░░░░░░░░░░  50%  Streaming frame 2302/5069
  ████████████░░░░░░░░░░░░░  50%  Streaming frame 2303/5069
  ████████████░░░░░░░░░░░░░  50%  Streaming frame 2304/5069
  ████████████░░░░░░░░░░░░░  50%  Streaming frame 2305/5069
  ████████████░░░░░░░░░░░░░  50%  Streaming frame 2306/5069
  ████████████░░░░░░░░░░░░░  50%  Streaming frame 2307/5069
  ████████████░░░░░░░░░░░░░  50%  Streaming frame 2308/5069
  ████████████░░░░░░░░░░░░░  50%  Streaming frame 2309/5069
  ████████████░░░░░░░░░░░░░  50%  Streaming frame 2310/5069
  ████████████░░░░░░░░░░░░░  50%  Streaming frame 2311/5069
  ████████████░░░░░░░░░░░░░  50%  Streaming frame 2312/5069
  ████████████░░░░░░░░░░░░░  50%  Streaming frame 2313/5069
  ████████████░░░░░░░░░░░░░  50%  Streaming frame 2314/5069
  ████████████░░░░░░░░░░░░░  50%  Streaming frame 2315/5069
  ████████████░░░░░░░░░░░░░  50%  Streaming frame 2316/5069
  ████████████░░░░░░░░░░░░░  50%  Streaming frame 2317/5069
  ████████████░░░░░░░░░░░░░  50%  Streaming frame 2318/5069
  ████████████░░░░░░░░░░░░░  50%  Streaming frame 2319/5069
  ████████████░░░░░░░░░░░░░  50%  Streaming frame 2320/5069
  ████████████░░░░░░░░░░░░░  50%  Streaming frame 2321/5069
  ████████████░░░░░░░░░░░░░  50%  Streaming frame 2322/5069
  ████████████░░░░░░░░░░░░░  50%  Streaming frame 2323/5069
  ████████████░░░░░░░░░░░░░  50%  Streaming frame 2324/5069
  ████████████░░░░░░░░░░░░░  50%  Streaming frame 2325/5069
  ████████████░░░░░░░░░░░░░  50%  Streaming frame 2326/5069
  ████████████░░░░░░░░░░░░░  50%  Streaming frame 2327/5069
  ████████████░░░░░░░░░░░░░  50%  Streaming frame 2328/5069
  ████████████░░░░░░░░░░░░░  50%  Streaming frame 2329/5069
  ████████████░░░░░░░░░░░░░  50%  Streaming frame 2330/5069
  ████████████░░░░░░░░░░░░░  50%  Streaming frame 2331/5069
  ████████████░░░░░░░░░░░░░  50%  Streaming frame 2332/5069
  ████████████░░░░░░░░░░░░░  50%  Streaming frame 2333/5069
  ████████████░░░░░░░░░░░░░  50%  Streaming frame 2334/5069
  ████████████░░░░░░░░░░░░░  50%  Streaming frame 2335/5069
  ████████████░░░░░░░░░░░░░  50%  Streaming frame 2336/5069
  ████████████░░░░░░░░░░░░░  50%  Streaming frame 2337/5069
  ████████████░░░░░░░░░░░░░  50%  Streaming frame 2338/5069
  ████████████░░░░░░░░░░░░░  50%  Streaming frame 2339/5069
  ████████████░░░░░░░░░░░░░  50%  Streaming frame 2340/5069
  ████████████░░░░░░░░░░░░░  50%  Streaming frame 2341/5069
  ████████████░░░░░░░░░░░░░  50%  Streaming frame 2342/5069
  ████████████░░░░░░░░░░░░░  50%  Streaming frame 2343/5069
  ████████████░░░░░░░░░░░░░  50%  Streaming frame 2344/5069
  ████████████░░░░░░░░░░░░░  50%  Streaming frame 2345/5069
  ████████████░░░░░░░░░░░░░  50%  Streaming frame 2346/5069
  ████████████░░░░░░░░░░░░░  50%  Streaming frame 2347/5069
  ████████████░░░░░░░░░░░░░  50%  Streaming frame 2348/5069
  ████████████░░░░░░░░░░░░░  50%  Streaming frame 2349/5069
  ████████████░░░░░░░░░░░░░  50%  Streaming frame 2350/5069
  ████████████░░░░░░░░░░░░░  51%  Streaming frame 2351/5069
  ████████████░░░░░░░░░░░░░  51%  Streaming frame 2352/5069
  ████████████░░░░░░░░░░░░░  51%  Streaming frame 2353/5069
  ████████████░░░░░░░░░░░░░  51%  Streaming frame 2354/5069
  ████████████░░░░░░░░░░░░░  51%  Streaming frame 2355/5069
  ████████████░░░░░░░░░░░░░  51%  Streaming frame 2356/5069
  ████████████░░░░░░░░░░░░░  51%  Streaming frame 2357/5069
  ████████████░░░░░░░░░░░░░  51%  Streaming frame 2358/5069
  ████████████░░░░░░░░░░░░░  51%  Streaming frame 2359/5069
  ████████████░░░░░░░░░░░░░  51%  Streaming frame 2360/5069
  ████████████░░░░░░░░░░░░░  51%  Streaming frame 2361/5069
  ████████████░░░░░░░░░░░░░  51%  Streaming frame 2362/5069
  ████████████░░░░░░░░░░░░░  51%  Streaming frame 2363/5069
  ████████████░░░░░░░░░░░░░  51%  Streaming frame 2364/5069
  ████████████░░░░░░░░░░░░░  51%  Streaming frame 2365/5069
  ████████████░░░░░░░░░░░░░  51%  Streaming frame 2366/5069
  ████████████░░░░░░░░░░░░░  51%  Streaming frame 2367/5069
  ████████████░░░░░░░░░░░░░  51%  Streaming frame 2368/5069
  ████████████░░░░░░░░░░░░░  51%  Streaming frame 2369/5069
  ████████████░░░░░░░░░░░░░  51%  Streaming frame 2370/5069
  ████████████░░░░░░░░░░░░░  51%  Streaming frame 2371/5069
  ████████████░░░░░░░░░░░░░  51%  Streaming frame 2372/5069
  ████████████░░░░░░░░░░░░░  51%  Streaming frame 2373/5069
  ████████████░░░░░░░░░░░░░  51%  Streaming frame 2374/5069
  ████████████░░░░░░░░░░░░░  51%  Streaming frame 2375/5069
  ████████████░░░░░░░░░░░░░  51%  Streaming frame 2376/5069
  ████████████░░░░░░░░░░░░░  51%  Streaming frame 2377/5069
  ████████████░░░░░░░░░░░░░  51%  Streaming frame 2378/5069
  ████████████░░░░░░░░░░░░░  51%  Streaming frame 2379/5069
  ████████████░░░░░░░░░░░░░  51%  Streaming frame 2380/5069
  ████████████░░░░░░░░░░░░░  51%  Streaming frame 2381/5069
  ████████████░░░░░░░░░░░░░  51%  Streaming frame 2382/5069
  ████████████░░░░░░░░░░░░░  51%  Streaming frame 2383/5069
  ████████████░░░░░░░░░░░░░  51%  Streaming frame 2384/5069
  ████████████░░░░░░░░░░░░░  51%  Streaming frame 2385/5069
  ████████████░░░░░░░░░░░░░  51%  Streaming frame 2386/5069
  ████████████░░░░░░░░░░░░░  51%  Streaming frame 2387/5069
  ████████████░░░░░░░░░░░░░  51%  Streaming frame 2388/5069
  ████████████░░░░░░░░░░░░░  51%  Streaming frame 2389/5069
  ████████████░░░░░░░░░░░░░  51%  Streaming frame 2390/5069
  ████████████░░░░░░░░░░░░░  51%  Streaming frame 2391/5069
  ████████████░░░░░░░░░░░░░  51%  Streaming frame 2392/5069
  ████████████░░░░░░░░░░░░░  51%  Streaming frame 2393/5069
  ████████████░░░░░░░░░░░░░  51%  Streaming frame 2394/5069
  ████████████░░░░░░░░░░░░░  51%  Streaming frame 2395/5069
  ████████████░░░░░░░░░░░░░  51%  Streaming frame 2396/5069
  ████████████░░░░░░░░░░░░░  51%  Streaming frame 2397/5069
  ████████████░░░░░░░░░░░░░  51%  Streaming frame 2398/5069
  ████████████░░░░░░░░░░░░░  51%  Streaming frame 2399/5069
  ████████████░░░░░░░░░░░░░  51%  Streaming frame 2400/5069
  ████████████░░░░░░░░░░░░░  51%  Streaming frame 2401/5069
  ████████████░░░░░░░░░░░░░  51%  Streaming frame 2402/5069
  ████████████░░░░░░░░░░░░░  51%  Streaming frame 2403/5069
  ████████████░░░░░░░░░░░░░  51%  Streaming frame 2404/5069
  ████████████░░░░░░░░░░░░░  51%  Streaming frame 2405/5069
  ████████████░░░░░░░░░░░░░  51%  Streaming frame 2406/5069
  ████████████░░░░░░░░░░░░░  51%  Streaming frame 2407/5069
  ████████████░░░░░░░░░░░░░  51%  Streaming frame 2408/5069
  ████████████░░░░░░░░░░░░░  51%  Streaming frame 2409/5069
  ████████████░░░░░░░░░░░░░  51%  Streaming frame 2410/5069
  ████████████░░░░░░░░░░░░░  51%  Streaming frame 2411/5069
  ████████████░░░░░░░░░░░░░  51%  Streaming frame 2412/5069
  ████████████░░░░░░░░░░░░░  51%  Streaming frame 2413/5069
  ████████████░░░░░░░░░░░░░  51%  Streaming frame 2414/5069
  ████████████░░░░░░░░░░░░░  51%  Streaming frame 2415/5069
  ████████████░░░░░░░░░░░░░  51%  Streaming frame 2416/5069
  ████████████░░░░░░░░░░░░░  51%  Streaming frame 2417/5069
  ████████████░░░░░░░░░░░░░  51%  Streaming frame 2418/5069
  ████████████░░░░░░░░░░░░░  51%  Streaming frame 2419/5069
  ████████████░░░░░░░░░░░░░  51%  Streaming frame 2420/5069
  ████████████░░░░░░░░░░░░░  51%  Streaming frame 2421/5069
  ████████████░░░░░░░░░░░░░  51%  Streaming frame 2422/5069
  ████████████░░░░░░░░░░░░░  51%  Streaming frame 2423/5069
  ████████████░░░░░░░░░░░░░  51%  Streaming frame 2424/5069
  ████████████░░░░░░░░░░░░░  51%  Streaming frame 2425/5069
  ████████████░░░░░░░░░░░░░  51%  Streaming frame 2426/5069
  ████████████░░░░░░░░░░░░░  51%  Streaming frame 2427/5069
  ████████████░░░░░░░░░░░░░  51%  Streaming frame 2428/5069
  ████████████░░░░░░░░░░░░░  51%  Streaming frame 2429/5069
  ████████████░░░░░░░░░░░░░  51%  Streaming frame 2430/5069
  ████████████░░░░░░░░░░░░░  51%  Streaming frame 2431/5069
  ████████████░░░░░░░░░░░░░  51%  Streaming frame 2432/5069
  ████████████░░░░░░░░░░░░░  51%  Streaming frame 2433/5069
  ████████████░░░░░░░░░░░░░  51%  Streaming frame 2434/5069
  ████████████░░░░░░░░░░░░░  51%  Streaming frame 2435/5069
  ████████████░░░░░░░░░░░░░  51%  Streaming frame 2436/5069
  ████████████░░░░░░░░░░░░░  51%  Streaming frame 2437/5069
  ████████████░░░░░░░░░░░░░  51%  Streaming frame 2438/5069
  ████████████░░░░░░░░░░░░░  51%  Streaming frame 2439/5069
  ████████████░░░░░░░░░░░░░  51%  Streaming frame 2440/5069
  ████████████░░░░░░░░░░░░░  51%  Streaming frame 2441/5069
  ████████████░░░░░░░░░░░░░  51%  Streaming frame 2442/5069
  █████████████░░░░░░░░░░░░  52%  Streaming frame 2443/5069
  █████████████░░░░░░░░░░░░  52%  Streaming frame 2444/5069
  █████████████░░░░░░░░░░░░  52%  Streaming frame 2445/5069
  █████████████░░░░░░░░░░░░  52%  Streaming frame 2446/5069
  █████████████░░░░░░░░░░░░  52%  Streaming frame 2447/5069
  █████████████░░░░░░░░░░░░  52%  Streaming frame 2448/5069
  █████████████░░░░░░░░░░░░  52%  Streaming frame 2449/5069
  █████████████░░░░░░░░░░░░  52%  Streaming frame 2450/5069
  █████████████░░░░░░░░░░░░  52%  Streaming frame 2451/5069
  █████████████░░░░░░░░░░░░  52%  Streaming frame 2452/5069
  █████████████░░░░░░░░░░░░  52%  Streaming frame 2453/5069
  █████████████░░░░░░░░░░░░  52%  Streaming frame 2454/5069
  █████████████░░░░░░░░░░░░  52%  Streaming frame 2455/5069
  █████████████░░░░░░░░░░░░  52%  Streaming frame 2456/5069
  █████████████░░░░░░░░░░░░  52%  Streaming frame 2457/5069
  █████████████░░░░░░░░░░░░  52%  Streaming frame 2458/5069
  █████████████░░░░░░░░░░░░  52%  Streaming frame 2459/5069
  █████████████░░░░░░░░░░░░  52%  Streaming frame 2460/5069
  █████████████░░░░░░░░░░░░  52%  Streaming frame 2461/5069
  █████████████░░░░░░░░░░░░  52%  Streaming frame 2462/5069
  █████████████░░░░░░░░░░░░  52%  Streaming frame 2463/5069
  █████████████░░░░░░░░░░░░  52%  Streaming frame 2464/5069
  █████████████░░░░░░░░░░░░  52%  Streaming frame 2465/5069
  █████████████░░░░░░░░░░░░  52%  Streaming frame 2466/5069
  █████████████░░░░░░░░░░░░  52%  Streaming frame 2467/5069
  █████████████░░░░░░░░░░░░  52%  Streaming frame 2468/5069
  █████████████░░░░░░░░░░░░  52%  Streaming frame 2469/5069
  █████████████░░░░░░░░░░░░  52%  Streaming frame 2470/5069
  █████████████░░░░░░░░░░░░  52%  Streaming frame 2471/5069
  █████████████░░░░░░░░░░░░  52%  Streaming frame 2472/5069
  █████████████░░░░░░░░░░░░  52%  Streaming frame 2473/5069
  █████████████░░░░░░░░░░░░  52%  Streaming frame 2474/5069
  █████████████░░░░░░░░░░░░  52%  Streaming frame 2475/5069
  █████████████░░░░░░░░░░░░  52%  Streaming frame 2476/5069
  █████████████░░░░░░░░░░░░  52%  Streaming frame 2477/5069
  █████████████░░░░░░░░░░░░  52%  Streaming frame 2478/5069
  █████████████░░░░░░░░░░░░  52%  Streaming frame 2479/5069
  █████████████░░░░░░░░░░░░  52%  Streaming frame 2480/5069
  █████████████░░░░░░░░░░░░  52%  Streaming frame 2481/5069
  █████████████░░░░░░░░░░░░  52%  Streaming frame 2482/5069
  █████████████░░░░░░░░░░░░  52%  Streaming frame 2483/5069
  █████████████░░░░░░░░░░░░  52%  Streaming frame 2484/5069
  █████████████░░░░░░░░░░░░  52%  Streaming frame 2485/5069
  █████████████░░░░░░░░░░░░  52%  Streaming frame 2486/5069
  █████████████░░░░░░░░░░░░  52%  Streaming frame 2487/5069
  █████████████░░░░░░░░░░░░  52%  Streaming frame 2488/5069
  █████████████░░░░░░░░░░░░  52%  Streaming frame 2489/5069
  █████████████░░░░░░░░░░░░  52%  Streaming frame 2490/5069
  █████████████░░░░░░░░░░░░  52%  Streaming frame 2491/5069
  █████████████░░░░░░░░░░░░  52%  Streaming frame 2492/5069
  █████████████░░░░░░░░░░░░  52%  Streaming frame 2493/5069
  █████████████░░░░░░░░░░░░  52%  Streaming frame 2494/5069
  █████████████░░░░░░░░░░░░  52%  Streaming frame 2495/5069
  █████████████░░░░░░░░░░░░  52%  Streaming frame 2496/5069
  █████████████░░░░░░░░░░░░  52%  Streaming frame 2497/5069
  █████████████░░░░░░░░░░░░  52%  Streaming frame 2498/5069
  █████████████░░░░░░░░░░░░  52%  Streaming frame 2499/5069
  █████████████░░░░░░░░░░░░  52%  Streaming frame 2500/5069
  █████████████░░░░░░░░░░░░  52%  Streaming frame 2501/5069
  █████████████░░░░░░░░░░░░  52%  Streaming frame 2502/5069
  █████████████░░░░░░░░░░░░  52%  Streaming frame 2503/5069
  █████████████░░░░░░░░░░░░  52%  Streaming frame 2504/5069
  █████████████░░░░░░░░░░░░  52%  Streaming frame 2505/5069
  █████████████░░░░░░░░░░░░  52%  Streaming frame 2506/5069
  █████████████░░░░░░░░░░░░  52%  Streaming frame 2507/5069
  █████████████░░░░░░░░░░░░  52%  Streaming frame 2508/5069
  █████████████░░░░░░░░░░░░  52%  Streaming frame 2509/5069
  █████████████░░░░░░░░░░░░  52%  Streaming frame 2510/5069
  █████████████░░░░░░░░░░░░  52%  Streaming frame 2511/5069
  █████████████░░░░░░░░░░░░  52%  Streaming frame 2512/5069
  █████████████░░░░░░░░░░░░  52%  Streaming frame 2513/5069
  █████████████░░░░░░░░░░░░  52%  Streaming frame 2514/5069
  █████████████░░░░░░░░░░░░  52%  Streaming frame 2515/5069
  █████████████░░░░░░░░░░░░  52%  Streaming frame 2516/5069
  █████████████░░░░░░░░░░░░  52%  Streaming frame 2517/5069
  █████████████░░░░░░░░░░░░  52%  Streaming frame 2518/5069
  █████████████░░░░░░░░░░░░  52%  Streaming frame 2519/5069
  █████████████░░░░░░░░░░░░  52%  Streaming frame 2520/5069
  █████████████░░░░░░░░░░░░  52%  Streaming frame 2521/5069
  █████████████░░░░░░░░░░░░  52%  Streaming frame 2522/5069
  █████████████░░░░░░░░░░░░  52%  Streaming frame 2523/5069
  █████████████░░░░░░░░░░░░  52%  Streaming frame 2524/5069
  █████████████░░░░░░░░░░░░  52%  Streaming frame 2525/5069
  █████████████░░░░░░░░░░░░  52%  Streaming frame 2526/5069
  █████████████░░░░░░░░░░░░  52%  Streaming frame 2527/5069
  █████████████░░░░░░░░░░░░  52%  Streaming frame 2528/5069
  █████████████░░░░░░░░░░░░  52%  Streaming frame 2529/5069
  █████████████░░░░░░░░░░░░  52%  Streaming frame 2530/5069
  █████████████░░░░░░░░░░░░  52%  Streaming frame 2531/5069
  █████████████░░░░░░░░░░░░  52%  Streaming frame 2532/5069
  █████████████░░░░░░░░░░░░  52%  Streaming frame 2533/5069
  █████████████░░░░░░░░░░░░  52%  Streaming frame 2534/5069
  █████████████░░░░░░░░░░░░  53%  Streaming frame 2535/5069
  █████████████░░░░░░░░░░░░  53%  Streaming frame 2536/5069
  █████████████░░░░░░░░░░░░  53%  Streaming frame 2537/5069
  █████████████░░░░░░░░░░░░  53%  Streaming frame 2538/5069
  █████████████░░░░░░░░░░░░  53%  Streaming frame 2539/5069
  █████████████░░░░░░░░░░░░  53%  Streaming frame 2540/5069
  █████████████░░░░░░░░░░░░  53%  Streaming frame 2541/5069
  █████████████░░░░░░░░░░░░  53%  Streaming frame 2542/5069
  █████████████░░░░░░░░░░░░  53%  Streaming frame 2543/5069
  █████████████░░░░░░░░░░░░  53%  Streaming frame 2544/5069
  █████████████░░░░░░░░░░░░  53%  Streaming frame 2545/5069
  █████████████░░░░░░░░░░░░  53%  Streaming frame 2546/5069
  █████████████░░░░░░░░░░░░  53%  Streaming frame 2547/5069
  █████████████░░░░░░░░░░░░  53%  Streaming frame 2548/5069
  █████████████░░░░░░░░░░░░  53%  Streaming frame 2549/5069
  █████████████░░░░░░░░░░░░  53%  Streaming frame 2550/5069
  █████████████░░░░░░░░░░░░  53%  Streaming frame 2551/5069
  █████████████░░░░░░░░░░░░  53%  Streaming frame 2552/5069
  █████████████░░░░░░░░░░░░  53%  Streaming frame 2553/5069
  █████████████░░░░░░░░░░░░  53%  Streaming frame 2554/5069
  █████████████░░░░░░░░░░░░  53%  Streaming frame 2555/5069
  █████████████░░░░░░░░░░░░  53%  Streaming frame 2556/5069
  █████████████░░░░░░░░░░░░  53%  Streaming frame 2557/5069
  █████████████░░░░░░░░░░░░  53%  Streaming frame 2558/5069
  █████████████░░░░░░░░░░░░  53%  Streaming frame 2559/5069
  █████████████░░░░░░░░░░░░  53%  Streaming frame 2560/5069
  █████████████░░░░░░░░░░░░  53%  Streaming frame 2561/5069
  █████████████░░░░░░░░░░░░  53%  Streaming frame 2562/5069
  █████████████░░░░░░░░░░░░  53%  Streaming frame 2563/5069
  █████████████░░░░░░░░░░░░  53%  Streaming frame 2564/5069
  █████████████░░░░░░░░░░░░  53%  Streaming frame 2565/5069
  █████████████░░░░░░░░░░░░  53%  Streaming frame 2566/5069
  █████████████░░░░░░░░░░░░  53%  Streaming frame 2567/5069
  █████████████░░░░░░░░░░░░  53%  Streaming frame 2568/5069
  █████████████░░░░░░░░░░░░  53%  Streaming frame 2569/5069
  █████████████░░░░░░░░░░░░  53%  Streaming frame 2570/5069
  █████████████░░░░░░░░░░░░  53%  Streaming frame 2571/5069
  █████████████░░░░░░░░░░░░  53%  Streaming frame 2572/5069
  █████████████░░░░░░░░░░░░  53%  Streaming frame 2573/5069
  █████████████░░░░░░░░░░░░  53%  Streaming frame 2574/5069
  █████████████░░░░░░░░░░░░  53%  Streaming frame 2575/5069
  █████████████░░░░░░░░░░░░  53%  Streaming frame 2576/5069
  █████████████░░░░░░░░░░░░  53%  Streaming frame 2577/5069
  █████████████░░░░░░░░░░░░  53%  Streaming frame 2578/5069
  █████████████░░░░░░░░░░░░  53%  Streaming frame 2579/5069
  █████████████░░░░░░░░░░░░  53%  Streaming frame 2580/5069
  █████████████░░░░░░░░░░░░  53%  Streaming frame 2581/5069
  █████████████░░░░░░░░░░░░  53%  Streaming frame 2582/5069
  █████████████░░░░░░░░░░░░  53%  Streaming frame 2583/5069
  █████████████░░░░░░░░░░░░  53%  Streaming frame 2584/5069
  █████████████░░░░░░░░░░░░  53%  Streaming frame 2585/5069
  █████████████░░░░░░░░░░░░  53%  Streaming frame 2586/5069
  █████████████░░░░░░░░░░░░  53%  Streaming frame 2587/5069
  █████████████░░░░░░░░░░░░  53%  Streaming frame 2588/5069
  █████████████░░░░░░░░░░░░  53%  Streaming frame 2589/5069
  █████████████░░░░░░░░░░░░  53%  Streaming frame 2590/5069
  █████████████░░░░░░░░░░░░  53%  Streaming frame 2591/5069
  █████████████░░░░░░░░░░░░  53%  Streaming frame 2592/5069
  █████████████░░░░░░░░░░░░  53%  Streaming frame 2593/5069
  █████████████░░░░░░░░░░░░  53%  Streaming frame 2594/5069
  █████████████░░░░░░░░░░░░  53%  Streaming frame 2595/5069
  █████████████░░░░░░░░░░░░  53%  Streaming frame 2596/5069
  █████████████░░░░░░░░░░░░  53%  Streaming frame 2597/5069
  █████████████░░░░░░░░░░░░  53%  Streaming frame 2598/5069
  █████████████░░░░░░░░░░░░  53%  Streaming frame 2599/5069
  █████████████░░░░░░░░░░░░  53%  Streaming frame 2600/5069
  █████████████░░░░░░░░░░░░  53%  Streaming frame 2601/5069
  █████████████░░░░░░░░░░░░  53%  Streaming frame 2602/5069
  █████████████░░░░░░░░░░░░  53%  Streaming frame 2603/5069
  █████████████░░░░░░░░░░░░  53%  Streaming frame 2604/5069
  █████████████░░░░░░░░░░░░  53%  Streaming frame 2605/5069
  █████████████░░░░░░░░░░░░  53%  Streaming frame 2606/5069
  █████████████░░░░░░░░░░░░  53%  Streaming frame 2607/5069
  █████████████░░░░░░░░░░░░  53%  Streaming frame 2608/5069
  █████████████░░░░░░░░░░░░  53%  Streaming frame 2609/5069
  █████████████░░░░░░░░░░░░  53%  Streaming frame 2610/5069
  █████████████░░░░░░░░░░░░  53%  Streaming frame 2611/5069
  █████████████░░░░░░░░░░░░  53%  Streaming frame 2612/5069
  █████████████░░░░░░░░░░░░  53%  Streaming frame 2613/5069
  █████████████░░░░░░░░░░░░  53%  Streaming frame 2614/5069
  █████████████░░░░░░░░░░░░  53%  Streaming frame 2615/5069
  █████████████░░░░░░░░░░░░  53%  Streaming frame 2616/5069
  █████████████░░░░░░░░░░░░  53%  Streaming frame 2617/5069
  █████████████░░░░░░░░░░░░  53%  Streaming frame 2618/5069
  █████████████░░░░░░░░░░░░  53%  Streaming frame 2619/5069
  █████████████░░░░░░░░░░░░  53%  Streaming frame 2620/5069
  █████████████░░░░░░░░░░░░  53%  Streaming frame 2621/5069
  █████████████░░░░░░░░░░░░  53%  Streaming frame 2622/5069
  █████████████░░░░░░░░░░░░  53%  Streaming frame 2623/5069
  █████████████░░░░░░░░░░░░  53%  Streaming frame 2624/5069
  █████████████░░░░░░░░░░░░  53%  Streaming frame 2625/5069
  █████████████░░░░░░░░░░░░  53%  Streaming frame 2626/5069
  █████████████░░░░░░░░░░░░  54%  Streaming frame 2627/5069
  █████████████░░░░░░░░░░░░  54%  Streaming frame 2628/5069
  █████████████░░░░░░░░░░░░  54%  Streaming frame 2629/5069
  █████████████░░░░░░░░░░░░  54%  Streaming frame 2630/5069
  █████████████░░░░░░░░░░░░  54%  Streaming frame 2631/5069
  █████████████░░░░░░░░░░░░  54%  Streaming frame 2632/5069
  █████████████░░░░░░░░░░░░  54%  Streaming frame 2633/5069
  █████████████░░░░░░░░░░░░  54%  Streaming frame 2634/5069
  █████████████░░░░░░░░░░░░  54%  Streaming frame 2635/5069
  █████████████░░░░░░░░░░░░  54%  Streaming frame 2636/5069
  █████████████░░░░░░░░░░░░  54%  Streaming frame 2637/5069
  █████████████░░░░░░░░░░░░  54%  Streaming frame 2638/5069
  █████████████░░░░░░░░░░░░  54%  Streaming frame 2639/5069
  █████████████░░░░░░░░░░░░  54%  Streaming frame 2640/5069
  █████████████░░░░░░░░░░░░  54%  Streaming frame 2641/5069
  █████████████░░░░░░░░░░░░  54%  Streaming frame 2642/5069
  █████████████░░░░░░░░░░░░  54%  Streaming frame 2643/5069
  █████████████░░░░░░░░░░░░  54%  Streaming frame 2644/5069
  █████████████░░░░░░░░░░░░  54%  Streaming frame 2645/5069
  █████████████░░░░░░░░░░░░  54%  Streaming frame 2646/5069
  █████████████░░░░░░░░░░░░  54%  Streaming frame 2647/5069
  █████████████░░░░░░░░░░░░  54%  Streaming frame 2648/5069
  █████████████░░░░░░░░░░░░  54%  Streaming frame 2649/5069
  █████████████░░░░░░░░░░░░  54%  Streaming frame 2650/5069
  █████████████░░░░░░░░░░░░  54%  Streaming frame 2651/5069
  █████████████░░░░░░░░░░░░  54%  Streaming frame 2652/5069
  █████████████░░░░░░░░░░░░  54%  Streaming frame 2653/5069
  █████████████░░░░░░░░░░░░  54%  Streaming frame 2654/5069
  █████████████░░░░░░░░░░░░  54%  Streaming frame 2655/5069
  █████████████░░░░░░░░░░░░  54%  Streaming frame 2656/5069
  █████████████░░░░░░░░░░░░  54%  Streaming frame 2657/5069
  █████████████░░░░░░░░░░░░  54%  Streaming frame 2658/5069
  █████████████░░░░░░░░░░░░  54%  Streaming frame 2659/5069
  █████████████░░░░░░░░░░░░  54%  Streaming frame 2660/5069
  █████████████░░░░░░░░░░░░  54%  Streaming frame 2661/5069
  █████████████░░░░░░░░░░░░  54%  Streaming frame 2662/5069
  █████████████░░░░░░░░░░░░  54%  Streaming frame 2663/5069
  █████████████░░░░░░░░░░░░  54%  Streaming frame 2664/5069
  █████████████░░░░░░░░░░░░  54%  Streaming frame 2665/5069
  █████████████░░░░░░░░░░░░  54%  Streaming frame 2666/5069
  █████████████░░░░░░░░░░░░  54%  Streaming frame 2667/5069
  █████████████░░░░░░░░░░░░  54%  Streaming frame 2668/5069
  █████████████░░░░░░░░░░░░  54%  Streaming frame 2669/5069
  █████████████░░░░░░░░░░░░  54%  Streaming frame 2670/5069
  █████████████░░░░░░░░░░░░  54%  Streaming frame 2671/5069
  █████████████░░░░░░░░░░░░  54%  Streaming frame 2672/5069
  █████████████░░░░░░░░░░░░  54%  Streaming frame 2673/5069
  █████████████░░░░░░░░░░░░  54%  Streaming frame 2674/5069
  █████████████░░░░░░░░░░░░  54%  Streaming frame 2675/5069
  █████████████░░░░░░░░░░░░  54%  Streaming frame 2676/5069
  █████████████░░░░░░░░░░░░  54%  Streaming frame 2677/5069
  █████████████░░░░░░░░░░░░  54%  Streaming frame 2678/5069
  █████████████░░░░░░░░░░░░  54%  Streaming frame 2679/5069
  █████████████░░░░░░░░░░░░  54%  Streaming frame 2680/5069
  █████████████░░░░░░░░░░░░  54%  Streaming frame 2681/5069
  █████████████░░░░░░░░░░░░  54%  Streaming frame 2682/5069
  █████████████░░░░░░░░░░░░  54%  Streaming frame 2683/5069
  █████████████░░░░░░░░░░░░  54%  Streaming frame 2684/5069
  █████████████░░░░░░░░░░░░  54%  Streaming frame 2685/5069
  █████████████░░░░░░░░░░░░  54%  Streaming frame 2686/5069
  █████████████░░░░░░░░░░░░  54%  Streaming frame 2687/5069
  █████████████░░░░░░░░░░░░  54%  Streaming frame 2688/5069
  █████████████░░░░░░░░░░░░  54%  Streaming frame 2689/5069
  █████████████░░░░░░░░░░░░  54%  Streaming frame 2690/5069
  █████████████░░░░░░░░░░░░  54%  Streaming frame 2691/5069
  █████████████░░░░░░░░░░░░  54%  Streaming frame 2692/5069
  █████████████░░░░░░░░░░░░  54%  Streaming frame 2693/5069
  █████████████░░░░░░░░░░░░  54%  Streaming frame 2694/5069
  █████████████░░░░░░░░░░░░  54%  Streaming frame 2695/5069
  █████████████░░░░░░░░░░░░  54%  Streaming frame 2696/5069
  █████████████░░░░░░░░░░░░  54%  Streaming frame 2697/5069
  █████████████░░░░░░░░░░░░  54%  Streaming frame 2698/5069
  █████████████░░░░░░░░░░░░  54%  Streaming frame 2699/5069
  █████████████░░░░░░░░░░░░  54%  Streaming frame 2700/5069
  █████████████░░░░░░░░░░░░  54%  Streaming frame 2701/5069
  █████████████░░░░░░░░░░░░  54%  Streaming frame 2702/5069
  █████████████░░░░░░░░░░░░  54%  Streaming frame 2703/5069
  █████████████░░░░░░░░░░░░  54%  Streaming frame 2704/5069
  █████████████░░░░░░░░░░░░  54%  Streaming frame 2705/5069
  █████████████░░░░░░░░░░░░  54%  Streaming frame 2706/5069
  █████████████░░░░░░░░░░░░  54%  Streaming frame 2707/5069
  █████████████░░░░░░░░░░░░  54%  Streaming frame 2708/5069
  █████████████░░░░░░░░░░░░  54%  Streaming frame 2709/5069
  █████████████░░░░░░░░░░░░  54%  Streaming frame 2710/5069
  █████████████░░░░░░░░░░░░  54%  Streaming frame 2711/5069
  █████████████░░░░░░░░░░░░  54%  Streaming frame 2712/5069
  █████████████░░░░░░░░░░░░  54%  Streaming frame 2713/5069
  █████████████░░░░░░░░░░░░  54%  Streaming frame 2714/5069
  █████████████░░░░░░░░░░░░  54%  Streaming frame 2715/5069
  █████████████░░░░░░░░░░░░  54%  Streaming frame 2716/5069
  █████████████░░░░░░░░░░░░  54%  Streaming frame 2717/5069
  █████████████░░░░░░░░░░░░  54%  Streaming frame 2718/5069
  █████████████░░░░░░░░░░░░  55%  Streaming frame 2719/5069
  █████████████░░░░░░░░░░░░  55%  Streaming frame 2720/5069
  █████████████░░░░░░░░░░░░  55%  Streaming frame 2721/5069
  █████████████░░░░░░░░░░░░  55%  Streaming frame 2722/5069
  █████████████░░░░░░░░░░░░  55%  Streaming frame 2723/5069
  █████████████░░░░░░░░░░░░  55%  Streaming frame 2724/5069
  █████████████░░░░░░░░░░░░  55%  Streaming frame 2725/5069
  █████████████░░░░░░░░░░░░  55%  Streaming frame 2726/5069
  █████████████░░░░░░░░░░░░  55%  Streaming frame 2727/5069
  █████████████░░░░░░░░░░░░  55%  Streaming frame 2728/5069
  █████████████░░░░░░░░░░░░  55%  Streaming frame 2729/5069
  █████████████░░░░░░░░░░░░  55%  Streaming frame 2730/5069
  █████████████░░░░░░░░░░░░  55%  Streaming frame 2731/5069
  █████████████░░░░░░░░░░░░  55%  Streaming frame 2732/5069
  █████████████░░░░░░░░░░░░  55%  Streaming frame 2733/5069
  █████████████░░░░░░░░░░░░  55%  Streaming frame 2734/5069
  █████████████░░░░░░░░░░░░  55%  Streaming frame 2735/5069
  █████████████░░░░░░░░░░░░  55%  Streaming frame 2736/5069
  █████████████░░░░░░░░░░░░  55%  Streaming frame 2737/5069
  █████████████░░░░░░░░░░░░  55%  Streaming frame 2738/5069
  █████████████░░░░░░░░░░░░  55%  Streaming frame 2739/5069
  █████████████░░░░░░░░░░░░  55%  Streaming frame 2740/5069
  █████████████░░░░░░░░░░░░  55%  Streaming frame 2741/5069
  █████████████░░░░░░░░░░░░  55%  Streaming frame 2742/5069
  █████████████░░░░░░░░░░░░  55%  Streaming frame 2743/5069
  █████████████░░░░░░░░░░░░  55%  Streaming frame 2744/5069
  █████████████░░░░░░░░░░░░  55%  Streaming frame 2745/5069
  █████████████░░░░░░░░░░░░  55%  Streaming frame 2746/5069
  █████████████░░░░░░░░░░░░  55%  Streaming frame 2747/5069
  █████████████░░░░░░░░░░░░  55%  Streaming frame 2748/5069
  █████████████░░░░░░░░░░░░  55%  Streaming frame 2749/5069
  █████████████░░░░░░░░░░░░  55%  Streaming frame 2750/5069
  █████████████░░░░░░░░░░░░  55%  Streaming frame 2751/5069
  █████████████░░░░░░░░░░░░  55%  Streaming frame 2752/5069
  █████████████░░░░░░░░░░░░  55%  Streaming frame 2753/5069
  █████████████░░░░░░░░░░░░  55%  Streaming frame 2754/5069
  █████████████░░░░░░░░░░░░  55%  Streaming frame 2755/5069
  █████████████░░░░░░░░░░░░  55%  Streaming frame 2756/5069
  █████████████░░░░░░░░░░░░  55%  Streaming frame 2757/5069
  █████████████░░░░░░░░░░░░  55%  Streaming frame 2758/5069
  █████████████░░░░░░░░░░░░  55%  Streaming frame 2759/5069
  █████████████░░░░░░░░░░░░  55%  Streaming frame 2760/5069
  █████████████░░░░░░░░░░░░  55%  Streaming frame 2761/5069
  █████████████░░░░░░░░░░░░  55%  Streaming frame 2762/5069
  █████████████░░░░░░░░░░░░  55%  Streaming frame 2763/5069
  █████████████░░░░░░░░░░░░  55%  Streaming frame 2764/5069
  █████████████░░░░░░░░░░░░  55%  Streaming frame 2765/5069
  █████████████░░░░░░░░░░░░  55%  Streaming frame 2766/5069
  █████████████░░░░░░░░░░░░  55%  Streaming frame 2767/5069
  █████████████░░░░░░░░░░░░  55%  Streaming frame 2768/5069
  █████████████░░░░░░░░░░░░  55%  Streaming frame 2769/5069
  █████████████░░░░░░░░░░░░  55%  Streaming frame 2770/5069
  █████████████░░░░░░░░░░░░  55%  Streaming frame 2771/5069
  █████████████░░░░░░░░░░░░  55%  Streaming frame 2772/5069
  █████████████░░░░░░░░░░░░  55%  Streaming frame 2773/5069
  █████████████░░░░░░░░░░░░  55%  Streaming frame 2774/5069
  █████████████░░░░░░░░░░░░  55%  Streaming frame 2775/5069
  █████████████░░░░░░░░░░░░  55%  Streaming frame 2776/5069
  █████████████░░░░░░░░░░░░  55%  Streaming frame 2777/5069
  █████████████░░░░░░░░░░░░  55%  Streaming frame 2778/5069
  █████████████░░░░░░░░░░░░  55%  Streaming frame 2779/5069
  █████████████░░░░░░░░░░░░  55%  Streaming frame 2780/5069
  █████████████░░░░░░░░░░░░  55%  Streaming frame 2781/5069
  █████████████░░░░░░░░░░░░  55%  Streaming frame 2782/5069
  █████████████░░░░░░░░░░░░  55%  Streaming frame 2783/5069
  █████████████░░░░░░░░░░░░  55%  Streaming frame 2784/5069
  █████████████░░░░░░░░░░░░  55%  Streaming frame 2785/5069
  █████████████░░░░░░░░░░░░  55%  Streaming frame 2786/5069
  █████████████░░░░░░░░░░░░  55%  Streaming frame 2787/5069
  █████████████░░░░░░░░░░░░  55%  Streaming frame 2788/5069
  █████████████░░░░░░░░░░░░  55%  Streaming frame 2789/5069
  █████████████░░░░░░░░░░░░  55%  Streaming frame 2790/5069
  █████████████░░░░░░░░░░░░  55%  Streaming frame 2791/5069
  █████████████░░░░░░░░░░░░  55%  Streaming frame 2792/5069
  █████████████░░░░░░░░░░░░  55%  Streaming frame 2793/5069
  █████████████░░░░░░░░░░░░  55%  Streaming frame 2794/5069
  █████████████░░░░░░░░░░░░  55%  Streaming frame 2795/5069
  █████████████░░░░░░░░░░░░  55%  Streaming frame 2796/5069
  █████████████░░░░░░░░░░░░  55%  Streaming frame 2797/5069
  █████████████░░░░░░░░░░░░  55%  Streaming frame 2798/5069
  █████████████░░░░░░░░░░░░  55%  Streaming frame 2799/5069
  █████████████░░░░░░░░░░░░  55%  Streaming frame 2800/5069
  █████████████░░░░░░░░░░░░  55%  Streaming frame 2801/5069
  █████████████░░░░░░░░░░░░  55%  Streaming frame 2802/5069
  █████████████░░░░░░░░░░░░  55%  Streaming frame 2803/5069
  █████████████░░░░░░░░░░░░  55%  Streaming frame 2804/5069
  █████████████░░░░░░░░░░░░  55%  Streaming frame 2805/5069
  █████████████░░░░░░░░░░░░  55%  Streaming frame 2806/5069
  █████████████░░░░░░░░░░░░  55%  Streaming frame 2807/5069
  █████████████░░░░░░░░░░░░  55%  Streaming frame 2808/5069
  █████████████░░░░░░░░░░░░  55%  Streaming frame 2809/5069
  █████████████░░░░░░░░░░░░  55%  Streaming frame 2810/5069
  ██████████████░░░░░░░░░░░  56%  Streaming frame 2811/5069
  ██████████████░░░░░░░░░░░  56%  Streaming frame 2812/5069
  ██████████████░░░░░░░░░░░  56%  Streaming frame 2813/5069
  ██████████████░░░░░░░░░░░  56%  Streaming frame 2814/5069
  ██████████████░░░░░░░░░░░  56%  Streaming frame 2815/5069
  ██████████████░░░░░░░░░░░  56%  Streaming frame 2816/5069
  ██████████████░░░░░░░░░░░  56%  Streaming frame 2817/5069
  ██████████████░░░░░░░░░░░  56%  Streaming frame 2818/5069
  ██████████████░░░░░░░░░░░  56%  Streaming frame 2819/5069
  ██████████████░░░░░░░░░░░  56%  Streaming frame 2820/5069
  ██████████████░░░░░░░░░░░  56%  Streaming frame 2821/5069
  ██████████████░░░░░░░░░░░  56%  Streaming frame 2822/5069
  ██████████████░░░░░░░░░░░  56%  Streaming frame 2823/5069
  ██████████████░░░░░░░░░░░  56%  Streaming frame 2824/5069
  ██████████████░░░░░░░░░░░  56%  Streaming frame 2825/5069
  ██████████████░░░░░░░░░░░  56%  Streaming frame 2826/5069
  ██████████████░░░░░░░░░░░  56%  Streaming frame 2827/5069
  ██████████████░░░░░░░░░░░  56%  Streaming frame 2828/5069
  ██████████████░░░░░░░░░░░  56%  Streaming frame 2829/5069
  ██████████████░░░░░░░░░░░  56%  Streaming frame 2830/5069
  ██████████████░░░░░░░░░░░  56%  Streaming frame 2831/5069
  ██████████████░░░░░░░░░░░  56%  Streaming frame 2832/5069
  ██████████████░░░░░░░░░░░  56%  Streaming frame 2833/5069
  ██████████████░░░░░░░░░░░  56%  Streaming frame 2834/5069
  ██████████████░░░░░░░░░░░  56%  Streaming frame 2835/5069
  ██████████████░░░░░░░░░░░  56%  Streaming frame 2836/5069
  ██████████████░░░░░░░░░░░  56%  Streaming frame 2837/5069
  ██████████████░░░░░░░░░░░  56%  Streaming frame 2838/5069
  ██████████████░░░░░░░░░░░  56%  Streaming frame 2839/5069
  ██████████████░░░░░░░░░░░  56%  Streaming frame 2840/5069
  ██████████████░░░░░░░░░░░  56%  Streaming frame 2841/5069
  ██████████████░░░░░░░░░░░  56%  Streaming frame 2842/5069
  ██████████████░░░░░░░░░░░  56%  Streaming frame 2843/5069
  ██████████████░░░░░░░░░░░  56%  Streaming frame 2844/5069
  ██████████████░░░░░░░░░░░  56%  Streaming frame 2845/5069
  ██████████████░░░░░░░░░░░  56%  Streaming frame 2846/5069
  ██████████████░░░░░░░░░░░  56%  Streaming frame 2847/5069
  ██████████████░░░░░░░░░░░  56%  Streaming frame 2848/5069
  ██████████████░░░░░░░░░░░  56%  Streaming frame 2849/5069
  ██████████████░░░░░░░░░░░  56%  Streaming frame 2850/5069
  ██████████████░░░░░░░░░░░  56%  Streaming frame 2851/5069
  ██████████████░░░░░░░░░░░  56%  Streaming frame 2852/5069
  ██████████████░░░░░░░░░░░  56%  Streaming frame 2853/5069
  ██████████████░░░░░░░░░░░  56%  Streaming frame 2854/5069
  ██████████████░░░░░░░░░░░  56%  Streaming frame 2855/5069
  ██████████████░░░░░░░░░░░  56%  Streaming frame 2856/5069
  ██████████████░░░░░░░░░░░  56%  Streaming frame 2857/5069
  ██████████████░░░░░░░░░░░  56%  Streaming frame 2858/5069
  ██████████████░░░░░░░░░░░  56%  Streaming frame 2859/5069
  ██████████████░░░░░░░░░░░  56%  Streaming frame 2860/5069
  ██████████████░░░░░░░░░░░  56%  Streaming frame 2861/5069
  ██████████████░░░░░░░░░░░  56%  Streaming frame 2862/5069
  ██████████████░░░░░░░░░░░  56%  Streaming frame 2863/5069
  ██████████████░░░░░░░░░░░  56%  Streaming frame 2864/5069
  ██████████████░░░░░░░░░░░  56%  Streaming frame 2865/5069
  ██████████████░░░░░░░░░░░  56%  Streaming frame 2866/5069
  ██████████████░░░░░░░░░░░  56%  Streaming frame 2867/5069
  ██████████████░░░░░░░░░░░  56%  Streaming frame 2868/5069
  ██████████████░░░░░░░░░░░  56%  Streaming frame 2869/5069
  ██████████████░░░░░░░░░░░  56%  Streaming frame 2870/5069
  ██████████████░░░░░░░░░░░  56%  Streaming frame 2871/5069
  ██████████████░░░░░░░░░░░  56%  Streaming frame 2872/5069
  ██████████████░░░░░░░░░░░  56%  Streaming frame 2873/5069
  ██████████████░░░░░░░░░░░  56%  Streaming frame 2874/5069
  ██████████████░░░░░░░░░░░  56%  Streaming frame 2875/5069
  ██████████████░░░░░░░░░░░  56%  Streaming frame 2876/5069
  ██████████████░░░░░░░░░░░  56%  Streaming frame 2877/5069
  ██████████████░░░░░░░░░░░  56%  Streaming frame 2878/5069
  ██████████████░░░░░░░░░░░  56%  Streaming frame 2879/5069
  ██████████████░░░░░░░░░░░  56%  Streaming frame 2880/5069
  ██████████████░░░░░░░░░░░  56%  Streaming frame 2881/5069
  ██████████████░░░░░░░░░░░  56%  Streaming frame 2882/5069
  ██████████████░░░░░░░░░░░  56%  Streaming frame 2883/5069
  ██████████████░░░░░░░░░░░  56%  Streaming frame 2884/5069
  ██████████████░░░░░░░░░░░  56%  Streaming frame 2885/5069
  ██████████████░░░░░░░░░░░  56%  Streaming frame 2886/5069
  ██████████████░░░░░░░░░░░  56%  Streaming frame 2887/5069
  ██████████████░░░░░░░░░░░  56%  Streaming frame 2888/5069
  ██████████████░░░░░░░░░░░  56%  Streaming frame 2889/5069
  ██████████████░░░░░░░░░░░  56%  Streaming frame 2890/5069
  ██████████████░░░░░░░░░░░  56%  Streaming frame 2891/5069
  ██████████████░░░░░░░░░░░  56%  Streaming frame 2892/5069
  ██████████████░░░░░░░░░░░  56%  Streaming frame 2893/5069
  ██████████████░░░░░░░░░░░  56%  Streaming frame 2894/5069
  ██████████████░░░░░░░░░░░  56%  Streaming frame 2895/5069
  ██████████████░░░░░░░░░░░  56%  Streaming frame 2896/5069
  ██████████████░░░░░░░░░░░  56%  Streaming frame 2897/5069
  ██████████████░░░░░░░░░░░  56%  Streaming frame 2898/5069
  ██████████████░░░░░░░░░░░  56%  Streaming frame 2899/5069
  ██████████████░░░░░░░░░░░  56%  Streaming frame 2900/5069
  ██████████████░░░░░░░░░░░  56%  Streaming frame 2901/5069
  ██████████████░░░░░░░░░░░  56%  Streaming frame 2902/5069
  ██████████████░░░░░░░░░░░  56%  Streaming frame 2903/5069
  ██████████████░░░░░░░░░░░  57%  Streaming frame 2904/5069
  ██████████████░░░░░░░░░░░  57%  Streaming frame 2905/5069
  ██████████████░░░░░░░░░░░  57%  Streaming frame 2906/5069
  ██████████████░░░░░░░░░░░  57%  Streaming frame 2907/5069
  ██████████████░░░░░░░░░░░  57%  Streaming frame 2908/5069
  ██████████████░░░░░░░░░░░  57%  Streaming frame 2909/5069
  ██████████████░░░░░░░░░░░  57%  Streaming frame 2910/5069
  ██████████████░░░░░░░░░░░  57%  Streaming frame 2911/5069
  ██████████████░░░░░░░░░░░  57%  Streaming frame 2912/5069
  ██████████████░░░░░░░░░░░  57%  Streaming frame 2913/5069
  ██████████████░░░░░░░░░░░  57%  Streaming frame 2914/5069
  ██████████████░░░░░░░░░░░  57%  Streaming frame 2915/5069
  ██████████████░░░░░░░░░░░  57%  Streaming frame 2916/5069
  ██████████████░░░░░░░░░░░  57%  Streaming frame 2917/5069
  ██████████████░░░░░░░░░░░  57%  Streaming frame 2918/5069
  ██████████████░░░░░░░░░░░  57%  Streaming frame 2919/5069
  ██████████████░░░░░░░░░░░  57%  Streaming frame 2920/5069
  ██████████████░░░░░░░░░░░  57%  Streaming frame 2921/5069
  ██████████████░░░░░░░░░░░  57%  Streaming frame 2922/5069
  ██████████████░░░░░░░░░░░  57%  Streaming frame 2923/5069
  ██████████████░░░░░░░░░░░  57%  Streaming frame 2924/5069
  ██████████████░░░░░░░░░░░  57%  Streaming frame 2925/5069
  ██████████████░░░░░░░░░░░  57%  Streaming frame 2926/5069
  ██████████████░░░░░░░░░░░  57%  Streaming frame 2927/5069
  ██████████████░░░░░░░░░░░  57%  Streaming frame 2928/5069
  ██████████████░░░░░░░░░░░  57%  Streaming frame 2929/5069
  ██████████████░░░░░░░░░░░  57%  Streaming frame 2930/5069
  ██████████████░░░░░░░░░░░  57%  Streaming frame 2931/5069
  ██████████████░░░░░░░░░░░  57%  Streaming frame 2932/5069
  ██████████████░░░░░░░░░░░  57%  Streaming frame 2933/5069
  ██████████████░░░░░░░░░░░  57%  Streaming frame 2934/5069
  ██████████████░░░░░░░░░░░  57%  Streaming frame 2935/5069
  ██████████████░░░░░░░░░░░  57%  Streaming frame 2936/5069
  ██████████████░░░░░░░░░░░  57%  Streaming frame 2937/5069
  ██████████████░░░░░░░░░░░  57%  Streaming frame 2938/5069
  ██████████████░░░░░░░░░░░  57%  Streaming frame 2939/5069
  ██████████████░░░░░░░░░░░  57%  Streaming frame 2940/5069
  ██████████████░░░░░░░░░░░  57%  Streaming frame 2941/5069
  ██████████████░░░░░░░░░░░  57%  Streaming frame 2942/5069
  ██████████████░░░░░░░░░░░  57%  Streaming frame 2943/5069
  ██████████████░░░░░░░░░░░  57%  Streaming frame 2944/5069
  ██████████████░░░░░░░░░░░  57%  Streaming frame 2945/5069
  ██████████████░░░░░░░░░░░  57%  Streaming frame 2946/5069
  ██████████████░░░░░░░░░░░  57%  Streaming frame 2947/5069
  ██████████████░░░░░░░░░░░  57%  Streaming frame 2948/5069
  ██████████████░░░░░░░░░░░  57%  Streaming frame 2949/5069
  ██████████████░░░░░░░░░░░  57%  Streaming frame 2950/5069
  ██████████████░░░░░░░░░░░  57%  Streaming frame 2951/5069
  ██████████████░░░░░░░░░░░  57%  Streaming frame 2952/5069
  ██████████████░░░░░░░░░░░  57%  Streaming frame 2953/5069
  ██████████████░░░░░░░░░░░  57%  Streaming frame 2954/5069
  ██████████████░░░░░░░░░░░  57%  Streaming frame 2955/5069
  ██████████████░░░░░░░░░░░  57%  Streaming frame 2956/5069
  ██████████████░░░░░░░░░░░  57%  Streaming frame 2957/5069
  ██████████████░░░░░░░░░░░  57%  Streaming frame 2958/5069
  ██████████████░░░░░░░░░░░  57%  Streaming frame 2959/5069
  ██████████████░░░░░░░░░░░  57%  Streaming frame 2960/5069
  ██████████████░░░░░░░░░░░  57%  Streaming frame 2961/5069
  ██████████████░░░░░░░░░░░  57%  Streaming frame 2962/5069
  ██████████████░░░░░░░░░░░  57%  Streaming frame 2963/5069
  ██████████████░░░░░░░░░░░  57%  Streaming frame 2964/5069
  ██████████████░░░░░░░░░░░  57%  Streaming frame 2965/5069
  ██████████████░░░░░░░░░░░  57%  Streaming frame 2966/5069
  ██████████████░░░░░░░░░░░  57%  Streaming frame 2967/5069
  ██████████████░░░░░░░░░░░  57%  Streaming frame 2968/5069
  ██████████████░░░░░░░░░░░  57%  Streaming frame 2969/5069
  ██████████████░░░░░░░░░░░  57%  Streaming frame 2970/5069
  ██████████████░░░░░░░░░░░  57%  Streaming frame 2971/5069
  ██████████████░░░░░░░░░░░  57%  Streaming frame 2972/5069
  ██████████████░░░░░░░░░░░  57%  Streaming frame 2973/5069
  ██████████████░░░░░░░░░░░  57%  Streaming frame 2974/5069
  ██████████████░░░░░░░░░░░  57%  Streaming frame 2975/5069
  ██████████████░░░░░░░░░░░  57%  Streaming frame 2976/5069
  ██████████████░░░░░░░░░░░  57%  Streaming frame 2977/5069
  ██████████████░░░░░░░░░░░  57%  Streaming frame 2978/5069
  ██████████████░░░░░░░░░░░  57%  Streaming frame 2979/5069
  ██████████████░░░░░░░░░░░  57%  Streaming frame 2980/5069
  ██████████████░░░░░░░░░░░  57%  Streaming frame 2981/5069
  ██████████████░░░░░░░░░░░  57%  Streaming frame 2982/5069
  ██████████████░░░░░░░░░░░  57%  Streaming frame 2983/5069
  ██████████████░░░░░░░░░░░  57%  Streaming frame 2984/5069
  ██████████████░░░░░░░░░░░  57%  Streaming frame 2985/5069
  ██████████████░░░░░░░░░░░  57%  Streaming frame 2986/5069
  ██████████████░░░░░░░░░░░  57%  Streaming frame 2987/5069
  ██████████████░░░░░░░░░░░  57%  Streaming frame 2988/5069
  ██████████████░░░░░░░░░░░  57%  Streaming frame 2989/5069
  ██████████████░░░░░░░░░░░  57%  Streaming frame 2990/5069
  ██████████████░░░░░░░░░░░  57%  Streaming frame 2991/5069
  ██████████████░░░░░░░░░░░  57%  Streaming frame 2992/5069
  ██████████████░░░░░░░░░░░  57%  Streaming frame 2993/5069
  ██████████████░░░░░░░░░░░  57%  Streaming frame 2994/5069
  ██████████████░░░░░░░░░░░  57%  Streaming frame 2995/5069
  ██████████████░░░░░░░░░░░  58%  Streaming frame 2996/5069
  ██████████████░░░░░░░░░░░  58%  Streaming frame 2997/5069
  ██████████████░░░░░░░░░░░  58%  Streaming frame 2998/5069
  ██████████████░░░░░░░░░░░  58%  Streaming frame 2999/5069
  ██████████████░░░░░░░░░░░  58%  Streaming frame 3000/5069
  ██████████████░░░░░░░░░░░  58%  Streaming frame 3001/5069
[INFO] [Render:trace] {"renderJobId":"0dd5b22e-1fca-4ee4-abf5-1b164b0ec6f4","phase":"capture_streaming","status":"checkpoint","elapsedMs":121485,"message":"stage still running","stagePhase":"capturing","workerCount":1,"forceScreenshot":false,"totalFrames":5069,"framesCompleted":3001,"captureMode":"drawelement","captureOperation":"drawElement","heartbeatIndex":3,"stageElapsedMs":120008}
  ██████████████░░░░░░░░░░░  58%  Streaming frame 3002/5069
  ██████████████░░░░░░░░░░░  58%  Streaming frame 3003/5069
  ██████████████░░░░░░░░░░░  58%  Streaming frame 3004/5069
  ██████████████░░░░░░░░░░░  58%  Streaming frame 3005/5069
  ██████████████░░░░░░░░░░░  58%  Streaming frame 3006/5069
  ██████████████░░░░░░░░░░░  58%  Streaming frame 3007/5069
  ██████████████░░░░░░░░░░░  58%  Streaming frame 3008/5069
  ██████████████░░░░░░░░░░░  58%  Streaming frame 3009/5069
  ██████████████░░░░░░░░░░░  58%  Streaming frame 3010/5069
  ██████████████░░░░░░░░░░░  58%  Streaming frame 3011/5069
  ██████████████░░░░░░░░░░░  58%  Streaming frame 3012/5069
  ██████████████░░░░░░░░░░░  58%  Streaming frame 3013/5069
  ██████████████░░░░░░░░░░░  58%  Streaming frame 3014/5069
  ██████████████░░░░░░░░░░░  58%  Streaming frame 3015/5069
  ██████████████░░░░░░░░░░░  58%  Streaming frame 3016/5069
  ██████████████░░░░░░░░░░░  58%  Streaming frame 3017/5069
  ██████████████░░░░░░░░░░░  58%  Streaming frame 3018/5069
  ██████████████░░░░░░░░░░░  58%  Streaming frame 3019/5069
  ██████████████░░░░░░░░░░░  58%  Streaming frame 3020/5069
  ██████████████░░░░░░░░░░░  58%  Streaming frame 3021/5069
  ██████████████░░░░░░░░░░░  58%  Streaming frame 3022/5069
  ██████████████░░░░░░░░░░░  58%  Streaming frame 3023/5069
  ██████████████░░░░░░░░░░░  58%  Streaming frame 3024/5069
  ██████████████░░░░░░░░░░░  58%  Streaming frame 3025/5069
  ██████████████░░░░░░░░░░░  58%  Streaming frame 3026/5069
  ██████████████░░░░░░░░░░░  58%  Streaming frame 3027/5069
  ██████████████░░░░░░░░░░░  58%  Streaming frame 3028/5069
  ██████████████░░░░░░░░░░░  58%  Streaming frame 3029/5069
  ██████████████░░░░░░░░░░░  58%  Streaming frame 3030/5069
  ██████████████░░░░░░░░░░░  58%  Streaming frame 3031/5069
  ██████████████░░░░░░░░░░░  58%  Streaming frame 3032/5069
  ██████████████░░░░░░░░░░░  58%  Streaming frame 3033/5069
  ██████████████░░░░░░░░░░░  58%  Streaming frame 3034/5069
  ██████████████░░░░░░░░░░░  58%  Streaming frame 3035/5069
  ██████████████░░░░░░░░░░░  58%  Streaming frame 3036/5069
  ██████████████░░░░░░░░░░░  58%  Streaming frame 3037/5069
  ██████████████░░░░░░░░░░░  58%  Streaming frame 3038/5069
  ██████████████░░░░░░░░░░░  58%  Streaming frame 3039/5069
  ██████████████░░░░░░░░░░░  58%  Streaming frame 3040/5069
  ██████████████░░░░░░░░░░░  58%  Streaming frame 3041/5069
  ██████████████░░░░░░░░░░░  58%  Streaming frame 3042/5069
  ██████████████░░░░░░░░░░░  58%  Streaming frame 3043/5069
  ██████████████░░░░░░░░░░░  58%  Streaming frame 3044/5069
  ██████████████░░░░░░░░░░░  58%  Streaming frame 3045/5069
  ██████████████░░░░░░░░░░░  58%  Streaming frame 3046/5069
  ██████████████░░░░░░░░░░░  58%  Streaming frame 3047/5069
  ██████████████░░░░░░░░░░░  58%  Streaming frame 3048/5069
  ██████████████░░░░░░░░░░░  58%  Streaming frame 3049/5069
  ██████████████░░░░░░░░░░░  58%  Streaming frame 3050/5069
  ██████████████░░░░░░░░░░░  58%  Streaming frame 3051/5069
  ██████████████░░░░░░░░░░░  58%  Streaming frame 3052/5069
  ██████████████░░░░░░░░░░░  58%  Streaming frame 3053/5069
  ██████████████░░░░░░░░░░░  58%  Streaming frame 3054/5069
  ██████████████░░░░░░░░░░░  58%  Streaming frame 3055/5069
  ██████████████░░░░░░░░░░░  58%  Streaming frame 3056/5069
  ██████████████░░░░░░░░░░░  58%  Streaming frame 3057/5069
  ██████████████░░░░░░░░░░░  58%  Streaming frame 3058/5069
  ██████████████░░░░░░░░░░░  58%  Streaming frame 3059/5069
  ██████████████░░░░░░░░░░░  58%  Streaming frame 3060/5069
  ██████████████░░░░░░░░░░░  58%  Streaming frame 3061/5069
  ██████████████░░░░░░░░░░░  58%  Streaming frame 3062/5069
  ██████████████░░░░░░░░░░░  58%  Streaming frame 3063/5069
  ██████████████░░░░░░░░░░░  58%  Streaming frame 3064/5069
  ██████████████░░░░░░░░░░░  58%  Streaming frame 3065/5069
  ██████████████░░░░░░░░░░░  58%  Streaming frame 3066/5069
  ██████████████░░░░░░░░░░░  58%  Streaming frame 3067/5069
  ██████████████░░░░░░░░░░░  58%  Streaming frame 3068/5069
  ██████████████░░░░░░░░░░░  58%  Streaming frame 3069/5069
  ██████████████░░░░░░░░░░░  58%  Streaming frame 3070/5069
  ██████████████░░░░░░░░░░░  58%  Streaming frame 3071/5069
  ██████████████░░░░░░░░░░░  58%  Streaming frame 3072/5069
  ██████████████░░░░░░░░░░░  58%  Streaming frame 3073/5069
  ██████████████░░░░░░░░░░░  58%  Streaming frame 3074/5069
  ██████████████░░░░░░░░░░░  58%  Streaming frame 3075/5069
  ██████████████░░░░░░░░░░░  58%  Streaming frame 3076/5069
  ██████████████░░░░░░░░░░░  58%  Streaming frame 3077/5069
  ██████████████░░░░░░░░░░░  58%  Streaming frame 3078/5069
  ██████████████░░░░░░░░░░░  58%  Streaming frame 3079/5069
  ██████████████░░░░░░░░░░░  58%  Streaming frame 3080/5069
  ██████████████░░░░░░░░░░░  58%  Streaming frame 3081/5069
  ██████████████░░░░░░░░░░░  58%  Streaming frame 3082/5069
  ██████████████░░░░░░░░░░░  58%  Streaming frame 3083/5069
  ██████████████░░░░░░░░░░░  58%  Streaming frame 3084/5069
  ██████████████░░░░░░░░░░░  58%  Streaming frame 3085/5069
  ██████████████░░░░░░░░░░░  58%  Streaming frame 3086/5069
  ██████████████░░░░░░░░░░░  58%  Streaming frame 3087/5069
  ██████████████░░░░░░░░░░░  59%  Streaming frame 3088/5069
  ██████████████░░░░░░░░░░░  59%  Streaming frame 3089/5069
  ██████████████░░░░░░░░░░░  59%  Streaming frame 3090/5069
  ██████████████░░░░░░░░░░░  59%  Streaming frame 3091/5069
  ██████████████░░░░░░░░░░░  59%  Streaming frame 3092/5069
  ██████████████░░░░░░░░░░░  59%  Streaming frame 3093/5069
  ██████████████░░░░░░░░░░░  59%  Streaming frame 3094/5069
  ██████████████░░░░░░░░░░░  59%  Streaming frame 3095/5069
  ██████████████░░░░░░░░░░░  59%  Streaming frame 3096/5069
  ██████████████░░░░░░░░░░░  59%  Streaming frame 3097/5069
  ██████████████░░░░░░░░░░░  59%  Streaming frame 3098/5069
  ██████████████░░░░░░░░░░░  59%  Streaming frame 3099/5069
  ██████████████░░░░░░░░░░░  59%  Streaming frame 3100/5069
  ██████████████░░░░░░░░░░░  59%  Streaming frame 3101/5069
  ██████████████░░░░░░░░░░░  59%  Streaming frame 3102/5069
  ██████████████░░░░░░░░░░░  59%  Streaming frame 3103/5069
  ██████████████░░░░░░░░░░░  59%  Streaming frame 3104/5069
  ██████████████░░░░░░░░░░░  59%  Streaming frame 3105/5069
  ██████████████░░░░░░░░░░░  59%  Streaming frame 3106/5069
  ██████████████░░░░░░░░░░░  59%  Streaming frame 3107/5069
  ██████████████░░░░░░░░░░░  59%  Streaming frame 3108/5069
  ██████████████░░░░░░░░░░░  59%  Streaming frame 3109/5069
  ██████████████░░░░░░░░░░░  59%  Streaming frame 3110/5069
  ██████████████░░░░░░░░░░░  59%  Streaming frame 3111/5069
  ██████████████░░░░░░░░░░░  59%  Streaming frame 3112/5069
  ██████████████░░░░░░░░░░░  59%  Streaming frame 3113/5069
  ██████████████░░░░░░░░░░░  59%  Streaming frame 3114/5069
  ██████████████░░░░░░░░░░░  59%  Streaming frame 3115/5069
  ██████████████░░░░░░░░░░░  59%  Streaming frame 3116/5069
  ██████████████░░░░░░░░░░░  59%  Streaming frame 3117/5069
  ██████████████░░░░░░░░░░░  59%  Streaming frame 3118/5069
  ██████████████░░░░░░░░░░░  59%  Streaming frame 3119/5069
  ██████████████░░░░░░░░░░░  59%  Streaming frame 3120/5069
  ██████████████░░░░░░░░░░░  59%  Streaming frame 3121/5069
  ██████████████░░░░░░░░░░░  59%  Streaming frame 3122/5069
  ██████████████░░░░░░░░░░░  59%  Streaming frame 3123/5069
  ██████████████░░░░░░░░░░░  59%  Streaming frame 3124/5069
  ██████████████░░░░░░░░░░░  59%  Streaming frame 3125/5069
  ██████████████░░░░░░░░░░░  59%  Streaming frame 3126/5069
  ██████████████░░░░░░░░░░░  59%  Streaming frame 3127/5069
  ██████████████░░░░░░░░░░░  59%  Streaming frame 3128/5069
  ██████████████░░░░░░░░░░░  59%  Streaming frame 3129/5069
  ██████████████░░░░░░░░░░░  59%  Streaming frame 3130/5069
  ██████████████░░░░░░░░░░░  59%  Streaming frame 3131/5069
  ██████████████░░░░░░░░░░░  59%  Streaming frame 3132/5069
  ██████████████░░░░░░░░░░░  59%  Streaming frame 3133/5069
  ██████████████░░░░░░░░░░░  59%  Streaming frame 3134/5069
  ██████████████░░░░░░░░░░░  59%  Streaming frame 3135/5069
  ██████████████░░░░░░░░░░░  59%  Streaming frame 3136/5069
  ██████████████░░░░░░░░░░░  59%  Streaming frame 3137/5069
  ██████████████░░░░░░░░░░░  59%  Streaming frame 3138/5069
  ██████████████░░░░░░░░░░░  59%  Streaming frame 3139/5069
  ██████████████░░░░░░░░░░░  59%  Streaming frame 3140/5069
  ██████████████░░░░░░░░░░░  59%  Streaming frame 3141/5069
  ██████████████░░░░░░░░░░░  59%  Streaming frame 3142/5069
  ██████████████░░░░░░░░░░░  59%  Streaming frame 3143/5069
  ██████████████░░░░░░░░░░░  59%  Streaming frame 3144/5069
  ██████████████░░░░░░░░░░░  59%  Streaming frame 3145/5069
  ██████████████░░░░░░░░░░░  59%  Streaming frame 3146/5069
  ██████████████░░░░░░░░░░░  59%  Streaming frame 3147/5069
  ██████████████░░░░░░░░░░░  59%  Streaming frame 3148/5069
  ██████████████░░░░░░░░░░░  59%  Streaming frame 3149/5069
  ██████████████░░░░░░░░░░░  59%  Streaming frame 3150/5069
  ██████████████░░░░░░░░░░░  59%  Streaming frame 3151/5069
  ██████████████░░░░░░░░░░░  59%  Streaming frame 3152/5069
  ██████████████░░░░░░░░░░░  59%  Streaming frame 3153/5069
  ██████████████░░░░░░░░░░░  59%  Streaming frame 3154/5069
  ██████████████░░░░░░░░░░░  59%  Streaming frame 3155/5069
  ██████████████░░░░░░░░░░░  59%  Streaming frame 3156/5069
  ██████████████░░░░░░░░░░░  59%  Streaming frame 3157/5069
  ██████████████░░░░░░░░░░░  59%  Streaming frame 3158/5069
  ██████████████░░░░░░░░░░░  59%  Streaming frame 3159/5069
  ██████████████░░░░░░░░░░░  59%  Streaming frame 3160/5069
  ██████████████░░░░░░░░░░░  59%  Streaming frame 3161/5069
  ██████████████░░░░░░░░░░░  59%  Streaming frame 3162/5069
  ██████████████░░░░░░░░░░░  59%  Streaming frame 3163/5069
  ██████████████░░░░░░░░░░░  59%  Streaming frame 3164/5069
  ██████████████░░░░░░░░░░░  59%  Streaming frame 3165/5069
  ██████████████░░░░░░░░░░░  59%  Streaming frame 3166/5069
  ██████████████░░░░░░░░░░░  59%  Streaming frame 3167/5069
  ██████████████░░░░░░░░░░░  59%  Streaming frame 3168/5069
  ██████████████░░░░░░░░░░░  59%  Streaming frame 3169/5069
  ██████████████░░░░░░░░░░░  59%  Streaming frame 3170/5069
  ██████████████░░░░░░░░░░░  59%  Streaming frame 3171/5069
  ██████████████░░░░░░░░░░░  59%  Streaming frame 3172/5069
  ██████████████░░░░░░░░░░░  59%  Streaming frame 3173/5069
  ██████████████░░░░░░░░░░░  59%  Streaming frame 3174/5069
  ██████████████░░░░░░░░░░░  59%  Streaming frame 3175/5069
  ██████████████░░░░░░░░░░░  59%  Streaming frame 3176/5069
  ██████████████░░░░░░░░░░░  59%  Streaming frame 3177/5069
  ██████████████░░░░░░░░░░░  59%  Streaming frame 3178/5069
  ██████████████░░░░░░░░░░░  59%  Streaming frame 3179/5069
  ███████████████░░░░░░░░░░  60%  Streaming frame 3180/5069
  ███████████████░░░░░░░░░░  60%  Streaming frame 3181/5069
  ███████████████░░░░░░░░░░  60%  Streaming frame 3182/5069
  ███████████████░░░░░░░░░░  60%  Streaming frame 3183/5069
  ███████████████░░░░░░░░░░  60%  Streaming frame 3184/5069
  ███████████████░░░░░░░░░░  60%  Streaming frame 3185/5069
  ███████████████░░░░░░░░░░  60%  Streaming frame 3186/5069
  ███████████████░░░░░░░░░░  60%  Streaming frame 3187/5069
  ███████████████░░░░░░░░░░  60%  Streaming frame 3188/5069
  ███████████████░░░░░░░░░░  60%  Streaming frame 3189/5069
  ███████████████░░░░░░░░░░  60%  Streaming frame 3190/5069
  ███████████████░░░░░░░░░░  60%  Streaming frame 3191/5069
  ███████████████░░░░░░░░░░  60%  Streaming frame 3192/5069
  ███████████████░░░░░░░░░░  60%  Streaming frame 3193/5069
  ███████████████░░░░░░░░░░  60%  Streaming frame 3194/5069
  ███████████████░░░░░░░░░░  60%  Streaming frame 3195/5069
  ███████████████░░░░░░░░░░  60%  Streaming frame 3196/5069
  ███████████████░░░░░░░░░░  60%  Streaming frame 3197/5069
  ███████████████░░░░░░░░░░  60%  Streaming frame 3198/5069
  ███████████████░░░░░░░░░░  60%  Streaming frame 3199/5069
  ███████████████░░░░░░░░░░  60%  Streaming frame 3200/5069
  ███████████████░░░░░░░░░░  60%  Streaming frame 3201/5069
  ███████████████░░░░░░░░░░  60%  Streaming frame 3202/5069
  ███████████████░░░░░░░░░░  60%  Streaming frame 3203/5069
  ███████████████░░░░░░░░░░  60%  Streaming frame 3204/5069
  ███████████████░░░░░░░░░░  60%  Streaming frame 3205/5069
  ███████████████░░░░░░░░░░  60%  Streaming frame 3206/5069
  ███████████████░░░░░░░░░░  60%  Streaming frame 3207/5069
  ███████████████░░░░░░░░░░  60%  Streaming frame 3208/5069
  ███████████████░░░░░░░░░░  60%  Streaming frame 3209/5069
  ███████████████░░░░░░░░░░  60%  Streaming frame 3210/5069
  ███████████████░░░░░░░░░░  60%  Streaming frame 3211/5069
  ███████████████░░░░░░░░░░  60%  Streaming frame 3212/5069
  ███████████████░░░░░░░░░░  60%  Streaming frame 3213/5069
  ███████████████░░░░░░░░░░  60%  Streaming frame 3214/5069
  ███████████████░░░░░░░░░░  60%  Streaming frame 3215/5069
  ███████████████░░░░░░░░░░  60%  Streaming frame 3216/5069
  ███████████████░░░░░░░░░░  60%  Streaming frame 3217/5069
  ███████████████░░░░░░░░░░  60%  Streaming frame 3218/5069
  ███████████████░░░░░░░░░░  60%  Streaming frame 3219/5069
  ███████████████░░░░░░░░░░  60%  Streaming frame 3220/5069
  ███████████████░░░░░░░░░░  60%  Streaming frame 3221/5069
  ███████████████░░░░░░░░░░  60%  Streaming frame 3222/5069
  ███████████████░░░░░░░░░░  60%  Streaming frame 3223/5069
  ███████████████░░░░░░░░░░  60%  Streaming frame 3224/5069
  ███████████████░░░░░░░░░░  60%  Streaming frame 3225/5069
  ███████████████░░░░░░░░░░  60%  Streaming frame 3226/5069
  ███████████████░░░░░░░░░░  60%  Streaming frame 3227/5069
  ███████████████░░░░░░░░░░  60%  Streaming frame 3228/5069
  ███████████████░░░░░░░░░░  60%  Streaming frame 3229/5069
  ███████████████░░░░░░░░░░  60%  Streaming frame 3230/5069
  ███████████████░░░░░░░░░░  60%  Streaming frame 3231/5069
  ███████████████░░░░░░░░░░  60%  Streaming frame 3232/5069
  ███████████████░░░░░░░░░░  60%  Streaming frame 3233/5069
  ███████████████░░░░░░░░░░  60%  Streaming frame 3234/5069
  ███████████████░░░░░░░░░░  60%  Streaming frame 3235/5069
  ███████████████░░░░░░░░░░  60%  Streaming frame 3236/5069
  ███████████████░░░░░░░░░░  60%  Streaming frame 3237/5069
  ███████████████░░░░░░░░░░  60%  Streaming frame 3238/5069
  ███████████████░░░░░░░░░░  60%  Streaming frame 3239/5069
  ███████████████░░░░░░░░░░  60%  Streaming frame 3240/5069
  ███████████████░░░░░░░░░░  60%  Streaming frame 3241/5069
  ███████████████░░░░░░░░░░  60%  Streaming frame 3242/5069
  ███████████████░░░░░░░░░░  60%  Streaming frame 3243/5069
  ███████████████░░░░░░░░░░  60%  Streaming frame 3244/5069
  ███████████████░░░░░░░░░░  60%  Streaming frame 3245/5069
  ███████████████░░░░░░░░░░  60%  Streaming frame 3246/5069
  ███████████████░░░░░░░░░░  60%  Streaming frame 3247/5069
  ███████████████░░░░░░░░░░  60%  Streaming frame 3248/5069
  ███████████████░░░░░░░░░░  60%  Streaming frame 3249/5069
  ███████████████░░░░░░░░░░  60%  Streaming frame 3250/5069
  ███████████████░░░░░░░░░░  60%  Streaming frame 3251/5069
  ███████████████░░░░░░░░░░  60%  Streaming frame 3252/5069
  ███████████████░░░░░░░░░░  60%  Streaming frame 3253/5069
  ███████████████░░░░░░░░░░  60%  Streaming frame 3254/5069
  ███████████████░░░░░░░░░░  60%  Streaming frame 3255/5069
  ███████████████░░░░░░░░░░  60%  Streaming frame 3256/5069
  ███████████████░░░░░░░░░░  60%  Streaming frame 3257/5069
  ███████████████░░░░░░░░░░  60%  Streaming frame 3258/5069
  ███████████████░░░░░░░░░░  60%  Streaming frame 3259/5069
  ███████████████░░░░░░░░░░  60%  Streaming frame 3260/5069
  ███████████████░░░░░░░░░░  60%  Streaming frame 3261/5069
  ███████████████░░░░░░░░░░  60%  Streaming frame 3262/5069
  ███████████████░░░░░░░░░░  60%  Streaming frame 3263/5069
  ███████████████░░░░░░░░░░  60%  Streaming frame 3264/5069
  ███████████████░░░░░░░░░░  60%  Streaming frame 3265/5069
  ███████████████░░░░░░░░░░  60%  Streaming frame 3266/5069
  ███████████████░░░░░░░░░░  60%  Streaming frame 3267/5069
  ███████████████░░░░░░░░░░  60%  Streaming frame 3268/5069
  ███████████████░░░░░░░░░░  60%  Streaming frame 3269/5069
  ███████████████░░░░░░░░░░  60%  Streaming frame 3270/5069
  ███████████████░░░░░░░░░░  60%  Streaming frame 3271/5069
  ███████████████░░░░░░░░░░  61%  Streaming frame 3272/5069
  ███████████████░░░░░░░░░░  61%  Streaming frame 3273/5069
  ███████████████░░░░░░░░░░  61%  Streaming frame 3274/5069
  ███████████████░░░░░░░░░░  61%  Streaming frame 3275/5069
  ███████████████░░░░░░░░░░  61%  Streaming frame 3276/5069
  ███████████████░░░░░░░░░░  61%  Streaming frame 3277/5069
  ███████████████░░░░░░░░░░  61%  Streaming frame 3278/5069
  ███████████████░░░░░░░░░░  61%  Streaming frame 3279/5069
  ███████████████░░░░░░░░░░  61%  Streaming frame 3280/5069
  ███████████████░░░░░░░░░░  61%  Streaming frame 3281/5069
  ███████████████░░░░░░░░░░  61%  Streaming frame 3282/5069
  ███████████████░░░░░░░░░░  61%  Streaming frame 3283/5069
  ███████████████░░░░░░░░░░  61%  Streaming frame 3284/5069
  ███████████████░░░░░░░░░░  61%  Streaming frame 3285/5069
  ███████████████░░░░░░░░░░  61%  Streaming frame 3286/5069
  ███████████████░░░░░░░░░░  61%  Streaming frame 3287/5069
  ███████████████░░░░░░░░░░  61%  Streaming frame 3288/5069
  ███████████████░░░░░░░░░░  61%  Streaming frame 3289/5069
  ███████████████░░░░░░░░░░  61%  Streaming frame 3290/5069
  ███████████████░░░░░░░░░░  61%  Streaming frame 3291/5069
  ███████████████░░░░░░░░░░  61%  Streaming frame 3292/5069
  ███████████████░░░░░░░░░░  61%  Streaming frame 3293/5069
  ███████████████░░░░░░░░░░  61%  Streaming frame 3294/5069
  ███████████████░░░░░░░░░░  61%  Streaming frame 3295/5069
  ███████████████░░░░░░░░░░  61%  Streaming frame 3296/5069
  ███████████████░░░░░░░░░░  61%  Streaming frame 3297/5069
  ███████████████░░░░░░░░░░  61%  Streaming frame 3298/5069
  ███████████████░░░░░░░░░░  61%  Streaming frame 3299/5069
  ███████████████░░░░░░░░░░  61%  Streaming frame 3300/5069
  ███████████████░░░░░░░░░░  61%  Streaming frame 3301/5069
  ███████████████░░░░░░░░░░  61%  Streaming frame 3302/5069
  ███████████████░░░░░░░░░░  61%  Streaming frame 3303/5069
  ███████████████░░░░░░░░░░  61%  Streaming frame 3304/5069
  ███████████████░░░░░░░░░░  61%  Streaming frame 3305/5069
  ███████████████░░░░░░░░░░  61%  Streaming frame 3306/5069
  ███████████████░░░░░░░░░░  61%  Streaming frame 3307/5069
  ███████████████░░░░░░░░░░  61%  Streaming frame 3308/5069
  ███████████████░░░░░░░░░░  61%  Streaming frame 3309/5069
  ███████████████░░░░░░░░░░  61%  Streaming frame 3310/5069
  ███████████████░░░░░░░░░░  61%  Streaming frame 3311/5069
  ███████████████░░░░░░░░░░  61%  Streaming frame 3312/5069
  ███████████████░░░░░░░░░░  61%  Streaming frame 3313/5069
  ███████████████░░░░░░░░░░  61%  Streaming frame 3314/5069
  ███████████████░░░░░░░░░░  61%  Streaming frame 3315/5069
  ███████████████░░░░░░░░░░  61%  Streaming frame 3316/5069
  ███████████████░░░░░░░░░░  61%  Streaming frame 3317/5069
  ███████████████░░░░░░░░░░  61%  Streaming frame 3318/5069
  ███████████████░░░░░░░░░░  61%  Streaming frame 3319/5069
  ███████████████░░░░░░░░░░  61%  Streaming frame 3320/5069
  ███████████████░░░░░░░░░░  61%  Streaming frame 3321/5069
  ███████████████░░░░░░░░░░  61%  Streaming frame 3322/5069
  ███████████████░░░░░░░░░░  61%  Streaming frame 3323/5069
  ███████████████░░░░░░░░░░  61%  Streaming frame 3324/5069
  ███████████████░░░░░░░░░░  61%  Streaming frame 3325/5069
  ███████████████░░░░░░░░░░  61%  Streaming frame 3326/5069
  ███████████████░░░░░░░░░░  61%  Streaming frame 3327/5069
  ███████████████░░░░░░░░░░  61%  Streaming frame 3328/5069
  ███████████████░░░░░░░░░░  61%  Streaming frame 3329/5069
  ███████████████░░░░░░░░░░  61%  Streaming frame 3330/5069
  ███████████████░░░░░░░░░░  61%  Streaming frame 3331/5069
  ███████████████░░░░░░░░░░  61%  Streaming frame 3332/5069
  ███████████████░░░░░░░░░░  61%  Streaming frame 3333/5069
  ███████████████░░░░░░░░░░  61%  Streaming frame 3334/5069
  ███████████████░░░░░░░░░░  61%  Streaming frame 3335/5069
  ███████████████░░░░░░░░░░  61%  Streaming frame 3336/5069
  ███████████████░░░░░░░░░░  61%  Streaming frame 3337/5069
  ███████████████░░░░░░░░░░  61%  Streaming frame 3338/5069
  ███████████████░░░░░░░░░░  61%  Streaming frame 3339/5069
  ███████████████░░░░░░░░░░  61%  Streaming frame 3340/5069
  ███████████████░░░░░░░░░░  61%  Streaming frame 3341/5069
  ███████████████░░░░░░░░░░  61%  Streaming frame 3342/5069
  ███████████████░░░░░░░░░░  61%  Streaming frame 3343/5069
  ███████████████░░░░░░░░░░  61%  Streaming frame 3344/5069
  ███████████████░░░░░░░░░░  61%  Streaming frame 3345/5069
  ███████████████░░░░░░░░░░  61%  Streaming frame 3346/5069
  ███████████████░░░░░░░░░░  61%  Streaming frame 3347/5069
  ███████████████░░░░░░░░░░  61%  Streaming frame 3348/5069
  ███████████████░░░░░░░░░░  61%  Streaming frame 3349/5069
  ███████████████░░░░░░░░░░  61%  Streaming frame 3350/5069
  ███████████████░░░░░░░░░░  61%  Streaming frame 3351/5069
  ███████████████░░░░░░░░░░  61%  Streaming frame 3352/5069
  ███████████████░░░░░░░░░░  61%  Streaming frame 3353/5069
  ███████████████░░░░░░░░░░  61%  Streaming frame 3354/5069
  ███████████████░░░░░░░░░░  61%  Streaming frame 3355/5069
  ███████████████░░░░░░░░░░  61%  Streaming frame 3356/5069
  ███████████████░░░░░░░░░░  61%  Streaming frame 3357/5069
  ███████████████░░░░░░░░░░  61%  Streaming frame 3358/5069
  ███████████████░░░░░░░░░░  61%  Streaming frame 3359/5069
  ███████████████░░░░░░░░░░  61%  Streaming frame 3360/5069
  ███████████████░░░░░░░░░░  61%  Streaming frame 3361/5069
  ███████████████░░░░░░░░░░  61%  Streaming frame 3362/5069
  ███████████████░░░░░░░░░░  61%  Streaming frame 3363/5069
  ███████████████░░░░░░░░░░  62%  Streaming frame 3364/5069
  ███████████████░░░░░░░░░░  62%  Streaming frame 3365/5069
  ███████████████░░░░░░░░░░  62%  Streaming frame 3366/5069
  ███████████████░░░░░░░░░░  62%  Streaming frame 3367/5069
  ███████████████░░░░░░░░░░  62%  Streaming frame 3368/5069
  ███████████████░░░░░░░░░░  62%  Streaming frame 3369/5069
  ███████████████░░░░░░░░░░  62%  Streaming frame 3370/5069
  ███████████████░░░░░░░░░░  62%  Streaming frame 3371/5069
  ███████████████░░░░░░░░░░  62%  Streaming frame 3372/5069
  ███████████████░░░░░░░░░░  62%  Streaming frame 3373/5069
  ███████████████░░░░░░░░░░  62%  Streaming frame 3374/5069
  ███████████████░░░░░░░░░░  62%  Streaming frame 3375/5069
  ███████████████░░░░░░░░░░  62%  Streaming frame 3376/5069
  ███████████████░░░░░░░░░░  62%  Streaming frame 3377/5069
  ███████████████░░░░░░░░░░  62%  Streaming frame 3378/5069
  ███████████████░░░░░░░░░░  62%  Streaming frame 3379/5069
  ███████████████░░░░░░░░░░  62%  Streaming frame 3380/5069
  ███████████████░░░░░░░░░░  62%  Streaming frame 3381/5069
  ███████████████░░░░░░░░░░  62%  Streaming frame 3382/5069
  ███████████████░░░░░░░░░░  62%  Streaming frame 3383/5069
  ███████████████░░░░░░░░░░  62%  Streaming frame 3384/5069
  ███████████████░░░░░░░░░░  62%  Streaming frame 3385/5069
  ███████████████░░░░░░░░░░  62%  Streaming frame 3386/5069
  ███████████████░░░░░░░░░░  62%  Streaming frame 3387/5069
  ███████████████░░░░░░░░░░  62%  Streaming frame 3388/5069
  ███████████████░░░░░░░░░░  62%  Streaming frame 3389/5069
  ███████████████░░░░░░░░░░  62%  Streaming frame 3390/5069
  ███████████████░░░░░░░░░░  62%  Streaming frame 3391/5069
  ███████████████░░░░░░░░░░  62%  Streaming frame 3392/5069
  ███████████████░░░░░░░░░░  62%  Streaming frame 3393/5069
  ███████████████░░░░░░░░░░  62%  Streaming frame 3394/5069
  ███████████████░░░░░░░░░░  62%  Streaming frame 3395/5069
  ███████████████░░░░░░░░░░  62%  Streaming frame 3396/5069
  ███████████████░░░░░░░░░░  62%  Streaming frame 3397/5069
  ███████████████░░░░░░░░░░  62%  Streaming frame 3398/5069
  ███████████████░░░░░░░░░░  62%  Streaming frame 3399/5069
  ███████████████░░░░░░░░░░  62%  Streaming frame 3400/5069
  ███████████████░░░░░░░░░░  62%  Streaming frame 3401/5069
  ███████████████░░░░░░░░░░  62%  Streaming frame 3402/5069
  ███████████████░░░░░░░░░░  62%  Streaming frame 3403/5069
  ███████████████░░░░░░░░░░  62%  Streaming frame 3404/5069
  ███████████████░░░░░░░░░░  62%  Streaming frame 3405/5069
  ███████████████░░░░░░░░░░  62%  Streaming frame 3406/5069
  ███████████████░░░░░░░░░░  62%  Streaming frame 3407/5069
  ███████████████░░░░░░░░░░  62%  Streaming frame 3408/5069
  ███████████████░░░░░░░░░░  62%  Streaming frame 3409/5069
  ███████████████░░░░░░░░░░  62%  Streaming frame 3410/5069
  ███████████████░░░░░░░░░░  62%  Streaming frame 3411/5069
  ███████████████░░░░░░░░░░  62%  Streaming frame 3412/5069
  ███████████████░░░░░░░░░░  62%  Streaming frame 3413/5069
  ███████████████░░░░░░░░░░  62%  Streaming frame 3414/5069
  ███████████████░░░░░░░░░░  62%  Streaming frame 3415/5069
  ███████████████░░░░░░░░░░  62%  Streaming frame 3416/5069
  ███████████████░░░░░░░░░░  62%  Streaming frame 3417/5069
  ███████████████░░░░░░░░░░  62%  Streaming frame 3418/5069
  ███████████████░░░░░░░░░░  62%  Streaming frame 3419/5069
  ███████████████░░░░░░░░░░  62%  Streaming frame 3420/5069
  ███████████████░░░░░░░░░░  62%  Streaming frame 3421/5069
  ███████████████░░░░░░░░░░  62%  Streaming frame 3422/5069
  ███████████████░░░░░░░░░░  62%  Streaming frame 3423/5069
  ███████████████░░░░░░░░░░  62%  Streaming frame 3424/5069
  ███████████████░░░░░░░░░░  62%  Streaming frame 3425/5069
  ███████████████░░░░░░░░░░  62%  Streaming frame 3426/5069
  ███████████████░░░░░░░░░░  62%  Streaming frame 3427/5069
  ███████████████░░░░░░░░░░  62%  Streaming frame 3428/5069
  ███████████████░░░░░░░░░░  62%  Streaming frame 3429/5069
  ███████████████░░░░░░░░░░  62%  Streaming frame 3430/5069
  ███████████████░░░░░░░░░░  62%  Streaming frame 3431/5069
  ███████████████░░░░░░░░░░  62%  Streaming frame 3432/5069
  ███████████████░░░░░░░░░░  62%  Streaming frame 3433/5069
  ███████████████░░░░░░░░░░  62%  Streaming frame 3434/5069
  ███████████████░░░░░░░░░░  62%  Streaming frame 3435/5069
  ███████████████░░░░░░░░░░  62%  Streaming frame 3436/5069
  ███████████████░░░░░░░░░░  62%  Streaming frame 3437/5069
  ███████████████░░░░░░░░░░  62%  Streaming frame 3438/5069
  ███████████████░░░░░░░░░░  62%  Streaming frame 3439/5069
  ███████████████░░░░░░░░░░  62%  Streaming frame 3440/5069
  ███████████████░░░░░░░░░░  62%  Streaming frame 3441/5069
  ███████████████░░░░░░░░░░  62%  Streaming frame 3442/5069
  ███████████████░░░░░░░░░░  62%  Streaming frame 3443/5069
  ███████████████░░░░░░░░░░  62%  Streaming frame 3444/5069
  ███████████████░░░░░░░░░░  62%  Streaming frame 3445/5069
  ███████████████░░░░░░░░░░  62%  Streaming frame 3446/5069
  ███████████████░░░░░░░░░░  62%  Streaming frame 3447/5069
  ███████████████░░░░░░░░░░  62%  Streaming frame 3448/5069
  ███████████████░░░░░░░░░░  62%  Streaming frame 3449/5069
  ███████████████░░░░░░░░░░  62%  Streaming frame 3450/5069
  ███████████████░░░░░░░░░░  62%  Streaming frame 3451/5069
  ███████████████░░░░░░░░░░  62%  Streaming frame 3452/5069
  ███████████████░░░░░░░░░░  62%  Streaming frame 3453/5069
  ███████████████░░░░░░░░░░  62%  Streaming frame 3454/5069
  ███████████████░░░░░░░░░░  62%  Streaming frame 3455/5069
  ███████████████░░░░░░░░░░  62%  Streaming frame 3456/5069
  ███████████████░░░░░░░░░░  63%  Streaming frame 3457/5069
  ███████████████░░░░░░░░░░  63%  Streaming frame 3458/5069
  ███████████████░░░░░░░░░░  63%  Streaming frame 3459/5069
  ███████████████░░░░░░░░░░  63%  Streaming frame 3460/5069
  ███████████████░░░░░░░░░░  63%  Streaming frame 3461/5069
  ███████████████░░░░░░░░░░  63%  Streaming frame 3462/5069
  ███████████████░░░░░░░░░░  63%  Streaming frame 3463/5069
  ███████████████░░░░░░░░░░  63%  Streaming frame 3464/5069
  ███████████████░░░░░░░░░░  63%  Streaming frame 3465/5069
  ███████████████░░░░░░░░░░  63%  Streaming frame 3466/5069
  ███████████████░░░░░░░░░░  63%  Streaming frame 3467/5069
  ███████████████░░░░░░░░░░  63%  Streaming frame 3468/5069
  ███████████████░░░░░░░░░░  63%  Streaming frame 3469/5069
  ███████████████░░░░░░░░░░  63%  Streaming frame 3470/5069
  ███████████████░░░░░░░░░░  63%  Streaming frame 3471/5069
  ███████████████░░░░░░░░░░  63%  Streaming frame 3472/5069
  ███████████████░░░░░░░░░░  63%  Streaming frame 3473/5069
  ███████████████░░░░░░░░░░  63%  Streaming frame 3474/5069
  ███████████████░░░░░░░░░░  63%  Streaming frame 3475/5069
  ███████████████░░░░░░░░░░  63%  Streaming frame 3476/5069
  ███████████████░░░░░░░░░░  63%  Streaming frame 3477/5069
  ███████████████░░░░░░░░░░  63%  Streaming frame 3478/5069
  ███████████████░░░░░░░░░░  63%  Streaming frame 3479/5069
  ███████████████░░░░░░░░░░  63%  Streaming frame 3480/5069
  ███████████████░░░░░░░░░░  63%  Streaming frame 3481/5069
  ███████████████░░░░░░░░░░  63%  Streaming frame 3482/5069
  ███████████████░░░░░░░░░░  63%  Streaming frame 3483/5069
  ███████████████░░░░░░░░░░  63%  Streaming frame 3484/5069
  ███████████████░░░░░░░░░░  63%  Streaming frame 3485/5069
  ███████████████░░░░░░░░░░  63%  Streaming frame 3486/5069
  ███████████████░░░░░░░░░░  63%  Streaming frame 3487/5069
  ███████████████░░░░░░░░░░  63%  Streaming frame 3488/5069
  ███████████████░░░░░░░░░░  63%  Streaming frame 3489/5069
  ███████████████░░░░░░░░░░  63%  Streaming frame 3490/5069
  ███████████████░░░░░░░░░░  63%  Streaming frame 3491/5069
  ███████████████░░░░░░░░░░  63%  Streaming frame 3492/5069
  ███████████████░░░░░░░░░░  63%  Streaming frame 3493/5069
  ███████████████░░░░░░░░░░  63%  Streaming frame 3494/5069
  ███████████████░░░░░░░░░░  63%  Streaming frame 3495/5069
  ███████████████░░░░░░░░░░  63%  Streaming frame 3496/5069
  ███████████████░░░░░░░░░░  63%  Streaming frame 3497/5069
  ███████████████░░░░░░░░░░  63%  Streaming frame 3498/5069
  ███████████████░░░░░░░░░░  63%  Streaming frame 3499/5069
  ███████████████░░░░░░░░░░  63%  Streaming frame 3500/5069
  ███████████████░░░░░░░░░░  63%  Streaming frame 3501/5069
  ███████████████░░░░░░░░░░  63%  Streaming frame 3502/5069
  ███████████████░░░░░░░░░░  63%  Streaming frame 3503/5069
  ███████████████░░░░░░░░░░  63%  Streaming frame 3504/5069
  ███████████████░░░░░░░░░░  63%  Streaming frame 3505/5069
  ███████████████░░░░░░░░░░  63%  Streaming frame 3506/5069
  ███████████████░░░░░░░░░░  63%  Streaming frame 3507/5069
  ███████████████░░░░░░░░░░  63%  Streaming frame 3508/5069
  ███████████████░░░░░░░░░░  63%  Streaming frame 3509/5069
  ███████████████░░░░░░░░░░  63%  Streaming frame 3510/5069
  ███████████████░░░░░░░░░░  63%  Streaming frame 3511/5069
  ███████████████░░░░░░░░░░  63%  Streaming frame 3512/5069
  ███████████████░░░░░░░░░░  63%  Streaming frame 3513/5069
  ███████████████░░░░░░░░░░  63%  Streaming frame 3514/5069
  ███████████████░░░░░░░░░░  63%  Streaming frame 3515/5069
  ███████████████░░░░░░░░░░  63%  Streaming frame 3516/5069
  ███████████████░░░░░░░░░░  63%  Streaming frame 3517/5069
  ███████████████░░░░░░░░░░  63%  Streaming frame 3518/5069
  ███████████████░░░░░░░░░░  63%  Streaming frame 3519/5069
  ███████████████░░░░░░░░░░  63%  Streaming frame 3520/5069
  ███████████████░░░░░░░░░░  63%  Streaming frame 3521/5069
  ███████████████░░░░░░░░░░  63%  Streaming frame 3522/5069
  ███████████████░░░░░░░░░░  63%  Streaming frame 3523/5069
  ███████████████░░░░░░░░░░  63%  Streaming frame 3524/5069
  ███████████████░░░░░░░░░░  63%  Streaming frame 3525/5069
  ███████████████░░░░░░░░░░  63%  Streaming frame 3526/5069
  ███████████████░░░░░░░░░░  63%  Streaming frame 3527/5069
  ███████████████░░░░░░░░░░  63%  Streaming frame 3528/5069
  ███████████████░░░░░░░░░░  63%  Streaming frame 3529/5069
  ███████████████░░░░░░░░░░  63%  Streaming frame 3530/5069
  ███████████████░░░░░░░░░░  63%  Streaming frame 3531/5069
  ███████████████░░░░░░░░░░  63%  Streaming frame 3532/5069
  ███████████████░░░░░░░░░░  63%  Streaming frame 3533/5069
  ███████████████░░░░░░░░░░  63%  Streaming frame 3534/5069
  ███████████████░░░░░░░░░░  63%  Streaming frame 3535/5069
  ███████████████░░░░░░░░░░  63%  Streaming frame 3536/5069
  ███████████████░░░░░░░░░░  63%  Streaming frame 3537/5069
  ███████████████░░░░░░░░░░  63%  Streaming frame 3538/5069
  ███████████████░░░░░░░░░░  63%  Streaming frame 3539/5069
  ███████████████░░░░░░░░░░  63%  Streaming frame 3540/5069
  ███████████████░░░░░░░░░░  63%  Streaming frame 3541/5069
  ███████████████░░░░░░░░░░  63%  Streaming frame 3542/5069
  ███████████████░░░░░░░░░░  63%  Streaming frame 3543/5069
  ███████████████░░░░░░░░░░  63%  Streaming frame 3544/5069
  ███████████████░░░░░░░░░░  63%  Streaming frame 3545/5069
  ███████████████░░░░░░░░░░  63%  Streaming frame 3546/5069
  ███████████████░░░░░░░░░░  63%  Streaming frame 3547/5069
  ███████████████░░░░░░░░░░  63%  Streaming frame 3548/5069
  ████████████████░░░░░░░░░  64%  Streaming frame 3549/5069
  ████████████████░░░░░░░░░  64%  Streaming frame 3550/5069
  ████████████████░░░░░░░░░  64%  Streaming frame 3551/5069
  ████████████████░░░░░░░░░  64%  Streaming frame 3552/5069
  ████████████████░░░░░░░░░  64%  Streaming frame 3553/5069
  ████████████████░░░░░░░░░  64%  Streaming frame 3554/5069
  ████████████████░░░░░░░░░  64%  Streaming frame 3555/5069
  ████████████████░░░░░░░░░  64%  Streaming frame 3556/5069
  ████████████████░░░░░░░░░  64%  Streaming frame 3557/5069
  ████████████████░░░░░░░░░  64%  Streaming frame 3558/5069
  ████████████████░░░░░░░░░  64%  Streaming frame 3559/5069
  ████████████████░░░░░░░░░  64%  Streaming frame 3560/5069
  ████████████████░░░░░░░░░  64%  Streaming frame 3561/5069
  ████████████████░░░░░░░░░  64%  Streaming frame 3562/5069
  ████████████████░░░░░░░░░  64%  Streaming frame 3563/5069
  ████████████████░░░░░░░░░  64%  Streaming frame 3564/5069
  ████████████████░░░░░░░░░  64%  Streaming frame 3565/5069
  ████████████████░░░░░░░░░  64%  Streaming frame 3566/5069
  ████████████████░░░░░░░░░  64%  Streaming frame 3567/5069
  ████████████████░░░░░░░░░  64%  Streaming frame 3568/5069
  ████████████████░░░░░░░░░  64%  Streaming frame 3569/5069
  ████████████████░░░░░░░░░  64%  Streaming frame 3570/5069
  ████████████████░░░░░░░░░  64%  Streaming frame 3571/5069
  ████████████████░░░░░░░░░  64%  Streaming frame 3572/5069
  ████████████████░░░░░░░░░  64%  Streaming frame 3573/5069
  ████████████████░░░░░░░░░  64%  Streaming frame 3574/5069
  ████████████████░░░░░░░░░  64%  Streaming frame 3575/5069
  ████████████████░░░░░░░░░  64%  Streaming frame 3576/5069
  ████████████████░░░░░░░░░  64%  Streaming frame 3577/5069
  ████████████████░░░░░░░░░  64%  Streaming frame 3578/5069
  ████████████████░░░░░░░░░  64%  Streaming frame 3579/5069
  ████████████████░░░░░░░░░  64%  Streaming frame 3580/5069
  ████████████████░░░░░░░░░  64%  Streaming frame 3581/5069
  ████████████████░░░░░░░░░  64%  Streaming frame 3582/5069
  ████████████████░░░░░░░░░  64%  Streaming frame 3583/5069
  ████████████████░░░░░░░░░  64%  Streaming frame 3584/5069
  ████████████████░░░░░░░░░  64%  Streaming frame 3585/5069
  ████████████████░░░░░░░░░  64%  Streaming frame 3586/5069
  ████████████████░░░░░░░░░  64%  Streaming frame 3587/5069
  ████████████████░░░░░░░░░  64%  Streaming frame 3588/5069
  ████████████████░░░░░░░░░  64%  Streaming frame 3589/5069
  ████████████████░░░░░░░░░  64%  Streaming frame 3590/5069
  ████████████████░░░░░░░░░  64%  Streaming frame 3591/5069
  ████████████████░░░░░░░░░  64%  Streaming frame 3592/5069
  ████████████████░░░░░░░░░  64%  Streaming frame 3593/5069
  ████████████████░░░░░░░░░  64%  Streaming frame 3594/5069
  ████████████████░░░░░░░░░  64%  Streaming frame 3595/5069
  ████████████████░░░░░░░░░  64%  Streaming frame 3596/5069
  ████████████████░░░░░░░░░  64%  Streaming frame 3597/5069
  ████████████████░░░░░░░░░  64%  Streaming frame 3598/5069
  ████████████████░░░░░░░░░  64%  Streaming frame 3599/5069
  ████████████████░░░░░░░░░  64%  Streaming frame 3600/5069
  ████████████████░░░░░░░░░  64%  Streaming frame 3601/5069
  ████████████████░░░░░░░░░  64%  Streaming frame 3602/5069
  ████████████████░░░░░░░░░  64%  Streaming frame 3603/5069
  ████████████████░░░░░░░░░  64%  Streaming frame 3604/5069
  ████████████████░░░░░░░░░  64%  Streaming frame 3605/5069
  ████████████████░░░░░░░░░  64%  Streaming frame 3606/5069
  ████████████████░░░░░░░░░  64%  Streaming frame 3607/5069
  ████████████████░░░░░░░░░  64%  Streaming frame 3608/5069
  ████████████████░░░░░░░░░  64%  Streaming frame 3609/5069
  ████████████████░░░░░░░░░  64%  Streaming frame 3610/5069
  ████████████████░░░░░░░░░  64%  Streaming frame 3611/5069
  ████████████████░░░░░░░░░  64%  Streaming frame 3612/5069
  ████████████████░░░░░░░░░  64%  Streaming frame 3613/5069
  ████████████████░░░░░░░░░  64%  Streaming frame 3614/5069
  ████████████████░░░░░░░░░  64%  Streaming frame 3615/5069
  ████████████████░░░░░░░░░  64%  Streaming frame 3616/5069
  ████████████████░░░░░░░░░  64%  Streaming frame 3617/5069
  ████████████████░░░░░░░░░  64%  Streaming frame 3618/5069
  ████████████████░░░░░░░░░  64%  Streaming frame 3619/5069
  ████████████████░░░░░░░░░  64%  Streaming frame 3620/5069
  ████████████████░░░░░░░░░  64%  Streaming frame 3621/5069
  ████████████████░░░░░░░░░  64%  Streaming frame 3622/5069
  ████████████████░░░░░░░░░  64%  Streaming frame 3623/5069
  ████████████████░░░░░░░░░  64%  Streaming frame 3624/5069
  ████████████████░░░░░░░░░  64%  Streaming frame 3625/5069
  ████████████████░░░░░░░░░  64%  Streaming frame 3626/5069
  ████████████████░░░░░░░░░  64%  Streaming frame 3627/5069
  ████████████████░░░░░░░░░  64%  Streaming frame 3628/5069
  ████████████████░░░░░░░░░  64%  Streaming frame 3629/5069
  ████████████████░░░░░░░░░  64%  Streaming frame 3630/5069
  ████████████████░░░░░░░░░  64%  Streaming frame 3631/5069
  ████████████████░░░░░░░░░  64%  Streaming frame 3632/5069
  ████████████████░░░░░░░░░  64%  Streaming frame 3633/5069
  ████████████████░░░░░░░░░  64%  Streaming frame 3634/5069
  ████████████████░░░░░░░░░  64%  Streaming frame 3635/5069
  ████████████████░░░░░░░░░  64%  Streaming frame 3636/5069
  ████████████████░░░░░░░░░  64%  Streaming frame 3637/5069
  ████████████████░░░░░░░░░  64%  Streaming frame 3638/5069
  ████████████████░░░░░░░░░  64%  Streaming frame 3639/5069
  ████████████████░░░░░░░░░  64%  Streaming frame 3640/5069
  ████████████████░░░░░░░░░  65%  Streaming frame 3641/5069
  ████████████████░░░░░░░░░  65%  Streaming frame 3642/5069
  ████████████████░░░░░░░░░  65%  Streaming frame 3643/5069
  ████████████████░░░░░░░░░  65%  Streaming frame 3644/5069
  ████████████████░░░░░░░░░  65%  Streaming frame 3645/5069
  ████████████████░░░░░░░░░  65%  Streaming frame 3646/5069
  ████████████████░░░░░░░░░  65%  Streaming frame 3647/5069
  ████████████████░░░░░░░░░  65%  Streaming frame 3648/5069
  ████████████████░░░░░░░░░  65%  Streaming frame 3649/5069
  ████████████████░░░░░░░░░  65%  Streaming frame 3650/5069
  ████████████████░░░░░░░░░  65%  Streaming frame 3651/5069
  ████████████████░░░░░░░░░  65%  Streaming frame 3652/5069
  ████████████████░░░░░░░░░  65%  Streaming frame 3653/5069
  ████████████████░░░░░░░░░  65%  Streaming frame 3654/5069
  ████████████████░░░░░░░░░  65%  Streaming frame 3655/5069
  ████████████████░░░░░░░░░  65%  Streaming frame 3656/5069
  ████████████████░░░░░░░░░  65%  Streaming frame 3657/5069
  ████████████████░░░░░░░░░  65%  Streaming frame 3658/5069
  ████████████████░░░░░░░░░  65%  Streaming frame 3659/5069
  ████████████████░░░░░░░░░  65%  Streaming frame 3660/5069
  ████████████████░░░░░░░░░  65%  Streaming frame 3661/5069
  ████████████████░░░░░░░░░  65%  Streaming frame 3662/5069
  ████████████████░░░░░░░░░  65%  Streaming frame 3663/5069
  ████████████████░░░░░░░░░  65%  Streaming frame 3664/5069
  ████████████████░░░░░░░░░  65%  Streaming frame 3665/5069
  ████████████████░░░░░░░░░  65%  Streaming frame 3666/5069
  ████████████████░░░░░░░░░  65%  Streaming frame 3667/5069
  ████████████████░░░░░░░░░  65%  Streaming frame 3668/5069
  ████████████████░░░░░░░░░  65%  Streaming frame 3669/5069
  ████████████████░░░░░░░░░  65%  Streaming frame 3670/5069
  ████████████████░░░░░░░░░  65%  Streaming frame 3671/5069
  ████████████████░░░░░░░░░  65%  Streaming frame 3672/5069
  ████████████████░░░░░░░░░  65%  Streaming frame 3673/5069
  ████████████████░░░░░░░░░  65%  Streaming frame 3674/5069
  ████████████████░░░░░░░░░  65%  Streaming frame 3675/5069
  ████████████████░░░░░░░░░  65%  Streaming frame 3676/5069
  ████████████████░░░░░░░░░  65%  Streaming frame 3677/5069
  ████████████████░░░░░░░░░  65%  Streaming frame 3678/5069
  ████████████████░░░░░░░░░  65%  Streaming frame 3679/5069
  ████████████████░░░░░░░░░  65%  Streaming frame 3680/5069
  ████████████████░░░░░░░░░  65%  Streaming frame 3681/5069
  ████████████████░░░░░░░░░  65%  Streaming frame 3682/5069
  ████████████████░░░░░░░░░  65%  Streaming frame 3683/5069
  ████████████████░░░░░░░░░  65%  Streaming frame 3684/5069
  ████████████████░░░░░░░░░  65%  Streaming frame 3685/5069
  ████████████████░░░░░░░░░  65%  Streaming frame 3686/5069
  ████████████████░░░░░░░░░  65%  Streaming frame 3687/5069
  ████████████████░░░░░░░░░  65%  Streaming frame 3688/5069
  ████████████████░░░░░░░░░  65%  Streaming frame 3689/5069
  ████████████████░░░░░░░░░  65%  Streaming frame 3690/5069
  ████████████████░░░░░░░░░  65%  Streaming frame 3691/5069
  ████████████████░░░░░░░░░  65%  Streaming frame 3692/5069
  ████████████████░░░░░░░░░  65%  Streaming frame 3693/5069
  ████████████████░░░░░░░░░  65%  Streaming frame 3694/5069
  ████████████████░░░░░░░░░  65%  Streaming frame 3695/5069
  ████████████████░░░░░░░░░  65%  Streaming frame 3696/5069
  ████████████████░░░░░░░░░  65%  Streaming frame 3697/5069
  ████████████████░░░░░░░░░  65%  Streaming frame 3698/5069
  ████████████████░░░░░░░░░  65%  Streaming frame 3699/5069
  ████████████████░░░░░░░░░  65%  Streaming frame 3700/5069
  ████████████████░░░░░░░░░  65%  Streaming frame 3701/5069
  ████████████████░░░░░░░░░  65%  Streaming frame 3702/5069
  ████████████████░░░░░░░░░  65%  Streaming frame 3703/5069
  ████████████████░░░░░░░░░  65%  Streaming frame 3704/5069
  ████████████████░░░░░░░░░  65%  Streaming frame 3705/5069
  ████████████████░░░░░░░░░  65%  Streaming frame 3706/5069
  ████████████████░░░░░░░░░  65%  Streaming frame 3707/5069
  ████████████████░░░░░░░░░  65%  Streaming frame 3708/5069
  ████████████████░░░░░░░░░  65%  Streaming frame 3709/5069
  ████████████████░░░░░░░░░  65%  Streaming frame 3710/5069
  ████████████████░░░░░░░░░  65%  Streaming frame 3711/5069
  ████████████████░░░░░░░░░  65%  Streaming frame 3712/5069
  ████████████████░░░░░░░░░  65%  Streaming frame 3713/5069
  ████████████████░░░░░░░░░  65%  Streaming frame 3714/5069
  ████████████████░░░░░░░░░  65%  Streaming frame 3715/5069
  ████████████████░░░░░░░░░  65%  Streaming frame 3716/5069
  ████████████████░░░░░░░░░  65%  Streaming frame 3717/5069
  ████████████████░░░░░░░░░  65%  Streaming frame 3718/5069
  ████████████████░░░░░░░░░  65%  Streaming frame 3719/5069
  ████████████████░░░░░░░░░  65%  Streaming frame 3720/5069
  ████████████████░░░░░░░░░  65%  Streaming frame 3721/5069
  ████████████████░░░░░░░░░  65%  Streaming frame 3722/5069
  ████████████████░░░░░░░░░  65%  Streaming frame 3723/5069
  ████████████████░░░░░░░░░  65%  Streaming frame 3724/5069
  ████████████████░░░░░░░░░  65%  Streaming frame 3725/5069
  ████████████████░░░░░░░░░  65%  Streaming frame 3726/5069
  ████████████████░░░░░░░░░  65%  Streaming frame 3727/5069
  ████████████████░░░░░░░░░  65%  Streaming frame 3728/5069
  ████████████████░░░░░░░░░  65%  Streaming frame 3729/5069
  ████████████████░░░░░░░░░  65%  Streaming frame 3730/5069
  ████████████████░░░░░░░░░  65%  Streaming frame 3731/5069
  ████████████████░░░░░░░░░  65%  Streaming frame 3732/5069
  ████████████████░░░░░░░░░  66%  Streaming frame 3733/5069
  ████████████████░░░░░░░░░  66%  Streaming frame 3734/5069
  ████████████████░░░░░░░░░  66%  Streaming frame 3735/5069
  ████████████████░░░░░░░░░  66%  Streaming frame 3736/5069
  ████████████████░░░░░░░░░  66%  Streaming frame 3737/5069
  ████████████████░░░░░░░░░  66%  Streaming frame 3738/5069
  ████████████████░░░░░░░░░  66%  Streaming frame 3739/5069
  ████████████████░░░░░░░░░  66%  Streaming frame 3740/5069
  ████████████████░░░░░░░░░  66%  Streaming frame 3741/5069
  ████████████████░░░░░░░░░  66%  Streaming frame 3742/5069
  ████████████████░░░░░░░░░  66%  Streaming frame 3743/5069
  ████████████████░░░░░░░░░  66%  Streaming frame 3744/5069
  ████████████████░░░░░░░░░  66%  Streaming frame 3745/5069
  ████████████████░░░░░░░░░  66%  Streaming frame 3746/5069
  ████████████████░░░░░░░░░  66%  Streaming frame 3747/5069
  ████████████████░░░░░░░░░  66%  Streaming frame 3748/5069
  ████████████████░░░░░░░░░  66%  Streaming frame 3749/5069
  ████████████████░░░░░░░░░  66%  Streaming frame 3750/5069
  ████████████████░░░░░░░░░  66%  Streaming frame 3751/5069
  ████████████████░░░░░░░░░  66%  Streaming frame 3752/5069
  ████████████████░░░░░░░░░  66%  Streaming frame 3753/5069
  ████████████████░░░░░░░░░  66%  Streaming frame 3754/5069
  ████████████████░░░░░░░░░  66%  Streaming frame 3755/5069
  ████████████████░░░░░░░░░  66%  Streaming frame 3756/5069
  ████████████████░░░░░░░░░  66%  Streaming frame 3757/5069
  ████████████████░░░░░░░░░  66%  Streaming frame 3758/5069
  ████████████████░░░░░░░░░  66%  Streaming frame 3759/5069
  ████████████████░░░░░░░░░  66%  Streaming frame 3760/5069
  ████████████████░░░░░░░░░  66%  Streaming frame 3761/5069
  ████████████████░░░░░░░░░  66%  Streaming frame 3762/5069
  ████████████████░░░░░░░░░  66%  Streaming frame 3763/5069
  ████████████████░░░░░░░░░  66%  Streaming frame 3764/5069
  ████████████████░░░░░░░░░  66%  Streaming frame 3765/5069
  ████████████████░░░░░░░░░  66%  Streaming frame 3766/5069
  ████████████████░░░░░░░░░  66%  Streaming frame 3767/5069
  ████████████████░░░░░░░░░  66%  Streaming frame 3768/5069
  ████████████████░░░░░░░░░  66%  Streaming frame 3769/5069
  ████████████████░░░░░░░░░  66%  Streaming frame 3770/5069
  ████████████████░░░░░░░░░  66%  Streaming frame 3771/5069
  ████████████████░░░░░░░░░  66%  Streaming frame 3772/5069
  ████████████████░░░░░░░░░  66%  Streaming frame 3773/5069
  ████████████████░░░░░░░░░  66%  Streaming frame 3774/5069
  ████████████████░░░░░░░░░  66%  Streaming frame 3775/5069
  ████████████████░░░░░░░░░  66%  Streaming frame 3776/5069
  ████████████████░░░░░░░░░  66%  Streaming frame 3777/5069
  ████████████████░░░░░░░░░  66%  Streaming frame 3778/5069
  ████████████████░░░░░░░░░  66%  Streaming frame 3779/5069
  ████████████████░░░░░░░░░  66%  Streaming frame 3780/5069
  ████████████████░░░░░░░░░  66%  Streaming frame 3781/5069
  ████████████████░░░░░░░░░  66%  Streaming frame 3782/5069
  ████████████████░░░░░░░░░  66%  Streaming frame 3783/5069
  ████████████████░░░░░░░░░  66%  Streaming frame 3784/5069
  ████████████████░░░░░░░░░  66%  Streaming frame 3785/5069
  ████████████████░░░░░░░░░  66%  Streaming frame 3786/5069
  ████████████████░░░░░░░░░  66%  Streaming frame 3787/5069
  ████████████████░░░░░░░░░  66%  Streaming frame 3788/5069
  ████████████████░░░░░░░░░  66%  Streaming frame 3789/5069
  ████████████████░░░░░░░░░  66%  Streaming frame 3790/5069
  ████████████████░░░░░░░░░  66%  Streaming frame 3791/5069
  ████████████████░░░░░░░░░  66%  Streaming frame 3792/5069
  ████████████████░░░░░░░░░  66%  Streaming frame 3793/5069
  ████████████████░░░░░░░░░  66%  Streaming frame 3794/5069
  ████████████████░░░░░░░░░  66%  Streaming frame 3795/5069
  ████████████████░░░░░░░░░  66%  Streaming frame 3796/5069
  ████████████████░░░░░░░░░  66%  Streaming frame 3797/5069
  ████████████████░░░░░░░░░  66%  Streaming frame 3798/5069
  ████████████████░░░░░░░░░  66%  Streaming frame 3799/5069
  ████████████████░░░░░░░░░  66%  Streaming frame 3800/5069
  ████████████████░░░░░░░░░  66%  Streaming frame 3801/5069
  ████████████████░░░░░░░░░  66%  Streaming frame 3802/5069
  ████████████████░░░░░░░░░  66%  Streaming frame 3803/5069
  ████████████████░░░░░░░░░  66%  Streaming frame 3804/5069
  ████████████████░░░░░░░░░  66%  Streaming frame 3805/5069
  ████████████████░░░░░░░░░  66%  Streaming frame 3806/5069
  ████████████████░░░░░░░░░  66%  Streaming frame 3807/5069
  ████████████████░░░░░░░░░  66%  Streaming frame 3808/5069
  ████████████████░░░░░░░░░  66%  Streaming frame 3809/5069
  ████████████████░░░░░░░░░  66%  Streaming frame 3810/5069
  ████████████████░░░░░░░░░  66%  Streaming frame 3811/5069
  ████████████████░░░░░░░░░  66%  Streaming frame 3812/5069
  ████████████████░░░░░░░░░  66%  Streaming frame 3813/5069
  ████████████████░░░░░░░░░  66%  Streaming frame 3814/5069
  ████████████████░░░░░░░░░  66%  Streaming frame 3815/5069
  ████████████████░░░░░░░░░  66%  Streaming frame 3816/5069
  ████████████████░░░░░░░░░  66%  Streaming frame 3817/5069
  ████████████████░░░░░░░░░  66%  Streaming frame 3818/5069
  ████████████████░░░░░░░░░  66%  Streaming frame 3819/5069
  ████████████████░░░░░░░░░  66%  Streaming frame 3820/5069
  ████████████████░░░░░░░░░  66%  Streaming frame 3821/5069
  ████████████████░░░░░░░░░  66%  Streaming frame 3822/5069
  ████████████████░░░░░░░░░  66%  Streaming frame 3823/5069
  ████████████████░░░░░░░░░  66%  Streaming frame 3824/5069
  ████████████████░░░░░░░░░  67%  Streaming frame 3825/5069
  ████████████████░░░░░░░░░  67%  Streaming frame 3826/5069
  ████████████████░░░░░░░░░  67%  Streaming frame 3827/5069
  ████████████████░░░░░░░░░  67%  Streaming frame 3828/5069
  ████████████████░░░░░░░░░  67%  Streaming frame 3829/5069
  ████████████████░░░░░░░░░  67%  Streaming frame 3830/5069
  ████████████████░░░░░░░░░  67%  Streaming frame 3831/5069
  ████████████████░░░░░░░░░  67%  Streaming frame 3832/5069
  ████████████████░░░░░░░░░  67%  Streaming frame 3833/5069
  ████████████████░░░░░░░░░  67%  Streaming frame 3834/5069
  ████████████████░░░░░░░░░  67%  Streaming frame 3835/5069
  ████████████████░░░░░░░░░  67%  Streaming frame 3836/5069
  ████████████████░░░░░░░░░  67%  Streaming frame 3837/5069
  ████████████████░░░░░░░░░  67%  Streaming frame 3838/5069
  ████████████████░░░░░░░░░  67%  Streaming frame 3839/5069
  ████████████████░░░░░░░░░  67%  Streaming frame 3840/5069
  ████████████████░░░░░░░░░  67%  Streaming frame 3841/5069
  ████████████████░░░░░░░░░  67%  Streaming frame 3842/5069
  ████████████████░░░░░░░░░  67%  Streaming frame 3843/5069
  ████████████████░░░░░░░░░  67%  Streaming frame 3844/5069
  ████████████████░░░░░░░░░  67%  Streaming frame 3845/5069
  ████████████████░░░░░░░░░  67%  Streaming frame 3846/5069
  ████████████████░░░░░░░░░  67%  Streaming frame 3847/5069
  ████████████████░░░░░░░░░  67%  Streaming frame 3848/5069
  ████████████████░░░░░░░░░  67%  Streaming frame 3849/5069
  ████████████████░░░░░░░░░  67%  Streaming frame 3850/5069
  ████████████████░░░░░░░░░  67%  Streaming frame 3851/5069
  ████████████████░░░░░░░░░  67%  Streaming frame 3852/5069
  ████████████████░░░░░░░░░  67%  Streaming frame 3853/5069
  ████████████████░░░░░░░░░  67%  Streaming frame 3854/5069
  ████████████████░░░░░░░░░  67%  Streaming frame 3855/5069
  ████████████████░░░░░░░░░  67%  Streaming frame 3856/5069
  ████████████████░░░░░░░░░  67%  Streaming frame 3857/5069
  ████████████████░░░░░░░░░  67%  Streaming frame 3858/5069
  ████████████████░░░░░░░░░  67%  Streaming frame 3859/5069
  ████████████████░░░░░░░░░  67%  Streaming frame 3860/5069
  ████████████████░░░░░░░░░  67%  Streaming frame 3861/5069
  ████████████████░░░░░░░░░  67%  Streaming frame 3862/5069
  ████████████████░░░░░░░░░  67%  Streaming frame 3863/5069
  ████████████████░░░░░░░░░  67%  Streaming frame 3864/5069
  ████████████████░░░░░░░░░  67%  Streaming frame 3865/5069
  ████████████████░░░░░░░░░  67%  Streaming frame 3866/5069
  ████████████████░░░░░░░░░  67%  Streaming frame 3867/5069
  ████████████████░░░░░░░░░  67%  Streaming frame 3868/5069
  ████████████████░░░░░░░░░  67%  Streaming frame 3869/5069
  ████████████████░░░░░░░░░  67%  Streaming frame 3870/5069
  ████████████████░░░░░░░░░  67%  Streaming frame 3871/5069
  ████████████████░░░░░░░░░  67%  Streaming frame 3872/5069
  ████████████████░░░░░░░░░  67%  Streaming frame 3873/5069
  ████████████████░░░░░░░░░  67%  Streaming frame 3874/5069
  ████████████████░░░░░░░░░  67%  Streaming frame 3875/5069
  ████████████████░░░░░░░░░  67%  Streaming frame 3876/5069
  ████████████████░░░░░░░░░  67%  Streaming frame 3877/5069
  ████████████████░░░░░░░░░  67%  Streaming frame 3878/5069
  ████████████████░░░░░░░░░  67%  Streaming frame 3879/5069
  ████████████████░░░░░░░░░  67%  Streaming frame 3880/5069
  ████████████████░░░░░░░░░  67%  Streaming frame 3881/5069
  ████████████████░░░░░░░░░  67%  Streaming frame 3882/5069
  ████████████████░░░░░░░░░  67%  Streaming frame 3883/5069
  ████████████████░░░░░░░░░  67%  Streaming frame 3884/5069
  ████████████████░░░░░░░░░  67%  Streaming frame 3885/5069
  ████████████████░░░░░░░░░  67%  Streaming frame 3886/5069
  ████████████████░░░░░░░░░  67%  Streaming frame 3887/5069
  ████████████████░░░░░░░░░  67%  Streaming frame 3888/5069
  ████████████████░░░░░░░░░  67%  Streaming frame 3889/5069
  ████████████████░░░░░░░░░  67%  Streaming frame 3890/5069
  ████████████████░░░░░░░░░  67%  Streaming frame 3891/5069
  ████████████████░░░░░░░░░  67%  Streaming frame 3892/5069
  ████████████████░░░░░░░░░  67%  Streaming frame 3893/5069
  ████████████████░░░░░░░░░  67%  Streaming frame 3894/5069
  ████████████████░░░░░░░░░  67%  Streaming frame 3895/5069
  ████████████████░░░░░░░░░  67%  Streaming frame 3896/5069
  ████████████████░░░░░░░░░  67%  Streaming frame 3897/5069
  ████████████████░░░░░░░░░  67%  Streaming frame 3898/5069
  ████████████████░░░░░░░░░  67%  Streaming frame 3899/5069
  ████████████████░░░░░░░░░  67%  Streaming frame 3900/5069
  ████████████████░░░░░░░░░  67%  Streaming frame 3901/5069
  ████████████████░░░░░░░░░  67%  Streaming frame 3902/5069
  ████████████████░░░░░░░░░  67%  Streaming frame 3903/5069
  ████████████████░░░░░░░░░  67%  Streaming frame 3904/5069
  ████████████████░░░░░░░░░  67%  Streaming frame 3905/5069
  ████████████████░░░░░░░░░  67%  Streaming frame 3906/5069
  ████████████████░░░░░░░░░  67%  Streaming frame 3907/5069
  ████████████████░░░░░░░░░  67%  Streaming frame 3908/5069
  ████████████████░░░░░░░░░  67%  Streaming frame 3909/5069
  ████████████████░░░░░░░░░  67%  Streaming frame 3910/5069
  ████████████████░░░░░░░░░  67%  Streaming frame 3911/5069
  ████████████████░░░░░░░░░  67%  Streaming frame 3912/5069
  ████████████████░░░░░░░░░  67%  Streaming frame 3913/5069
  ████████████████░░░░░░░░░  67%  Streaming frame 3914/5069
  ████████████████░░░░░░░░░  67%  Streaming frame 3915/5069
  ████████████████░░░░░░░░░  67%  Streaming frame 3916/5069
  █████████████████░░░░░░░░  68%  Streaming frame 3917/5069
  █████████████████░░░░░░░░  68%  Streaming frame 3918/5069
  █████████████████░░░░░░░░  68%  Streaming frame 3919/5069
  █████████████████░░░░░░░░  68%  Streaming frame 3920/5069
  █████████████████░░░░░░░░  68%  Streaming frame 3921/5069
  █████████████████░░░░░░░░  68%  Streaming frame 3922/5069
  █████████████████░░░░░░░░  68%  Streaming frame 3923/5069
  █████████████████░░░░░░░░  68%  Streaming frame 3924/5069
  █████████████████░░░░░░░░  68%  Streaming frame 3925/5069
  █████████████████░░░░░░░░  68%  Streaming frame 3926/5069
  █████████████████░░░░░░░░  68%  Streaming frame 3927/5069
  █████████████████░░░░░░░░  68%  Streaming frame 3928/5069
  █████████████████░░░░░░░░  68%  Streaming frame 3929/5069
  █████████████████░░░░░░░░  68%  Streaming frame 3930/5069
  █████████████████░░░░░░░░  68%  Streaming frame 3931/5069
  █████████████████░░░░░░░░  68%  Streaming frame 3932/5069
  █████████████████░░░░░░░░  68%  Streaming frame 3933/5069
  █████████████████░░░░░░░░  68%  Streaming frame 3934/5069
  █████████████████░░░░░░░░  68%  Streaming frame 3935/5069
  █████████████████░░░░░░░░  68%  Streaming frame 3936/5069
  █████████████████░░░░░░░░  68%  Streaming frame 3937/5069
  █████████████████░░░░░░░░  68%  Streaming frame 3938/5069
  █████████████████░░░░░░░░  68%  Streaming frame 3939/5069
  █████████████████░░░░░░░░  68%  Streaming frame 3940/5069
  █████████████████░░░░░░░░  68%  Streaming frame 3941/5069
  █████████████████░░░░░░░░  68%  Streaming frame 3942/5069
  █████████████████░░░░░░░░  68%  Streaming frame 3943/5069
  █████████████████░░░░░░░░  68%  Streaming frame 3944/5069
  █████████████████░░░░░░░░  68%  Streaming frame 3945/5069
  █████████████████░░░░░░░░  68%  Streaming frame 3946/5069
  █████████████████░░░░░░░░  68%  Streaming frame 3947/5069
  █████████████████░░░░░░░░  68%  Streaming frame 3948/5069
  █████████████████░░░░░░░░  68%  Streaming frame 3949/5069
  █████████████████░░░░░░░░  68%  Streaming frame 3950/5069
  █████████████████░░░░░░░░  68%  Streaming frame 3951/5069
  █████████████████░░░░░░░░  68%  Streaming frame 3952/5069
  █████████████████░░░░░░░░  68%  Streaming frame 3953/5069
  █████████████████░░░░░░░░  68%  Streaming frame 3954/5069
  █████████████████░░░░░░░░  68%  Streaming frame 3955/5069
  █████████████████░░░░░░░░  68%  Streaming frame 3956/5069
  █████████████████░░░░░░░░  68%  Streaming frame 3957/5069
  █████████████████░░░░░░░░  68%  Streaming frame 3958/5069
  █████████████████░░░░░░░░  68%  Streaming frame 3959/5069
  █████████████████░░░░░░░░  68%  Streaming frame 3960/5069
  █████████████████░░░░░░░░  68%  Streaming frame 3961/5069
  █████████████████░░░░░░░░  68%  Streaming frame 3962/5069
  █████████████████░░░░░░░░  68%  Streaming frame 3963/5069
  █████████████████░░░░░░░░  68%  Streaming frame 3964/5069
  █████████████████░░░░░░░░  68%  Streaming frame 3965/5069
  █████████████████░░░░░░░░  68%  Streaming frame 3966/5069
  █████████████████░░░░░░░░  68%  Streaming frame 3967/5069
  █████████████████░░░░░░░░  68%  Streaming frame 3968/5069
  █████████████████░░░░░░░░  68%  Streaming frame 3969/5069
  █████████████████░░░░░░░░  68%  Streaming frame 3970/5069
  █████████████████░░░░░░░░  68%  Streaming frame 3971/5069
  █████████████████░░░░░░░░  68%  Streaming frame 3972/5069
  █████████████████░░░░░░░░  68%  Streaming frame 3973/5069
  █████████████████░░░░░░░░  68%  Streaming frame 3974/5069
  █████████████████░░░░░░░░  68%  Streaming frame 3975/5069
  █████████████████░░░░░░░░  68%  Streaming frame 3976/5069
  █████████████████░░░░░░░░  68%  Streaming frame 3977/5069
  █████████████████░░░░░░░░  68%  Streaming frame 3978/5069
  █████████████████░░░░░░░░  68%  Streaming frame 3979/5069
  █████████████████░░░░░░░░  68%  Streaming frame 3980/5069
  █████████████████░░░░░░░░  68%  Streaming frame 3981/5069
  █████████████████░░░░░░░░  68%  Streaming frame 3982/5069
  █████████████████░░░░░░░░  68%  Streaming frame 3983/5069
  █████████████████░░░░░░░░  68%  Streaming frame 3984/5069
  █████████████████░░░░░░░░  68%  Streaming frame 3985/5069
  █████████████████░░░░░░░░  68%  Streaming frame 3986/5069
  █████████████████░░░░░░░░  68%  Streaming frame 3987/5069
  █████████████████░░░░░░░░  68%  Streaming frame 3988/5069
  █████████████████░░░░░░░░  68%  Streaming frame 3989/5069
  █████████████████░░░░░░░░  68%  Streaming frame 3990/5069
  █████████████████░░░░░░░░  68%  Streaming frame 3991/5069
  █████████████████░░░░░░░░  68%  Streaming frame 3992/5069
  █████████████████░░░░░░░░  68%  Streaming frame 3993/5069
  █████████████████░░░░░░░░  68%  Streaming frame 3994/5069
  █████████████████░░░░░░░░  68%  Streaming frame 3995/5069
  █████████████████░░░░░░░░  68%  Streaming frame 3996/5069
  █████████████████░░░░░░░░  68%  Streaming frame 3997/5069
  █████████████████░░░░░░░░  68%  Streaming frame 3998/5069
  █████████████████░░░░░░░░  68%  Streaming frame 3999/5069
  █████████████████░░░░░░░░  68%  Streaming frame 4000/5069
  █████████████████░░░░░░░░  68%  Streaming frame 4001/5069
  █████████████████░░░░░░░░  68%  Streaming frame 4002/5069
  █████████████████░░░░░░░░  68%  Streaming frame 4003/5069
  █████████████████░░░░░░░░  68%  Streaming frame 4004/5069
  █████████████████░░░░░░░░  68%  Streaming frame 4005/5069
  █████████████████░░░░░░░░  68%  Streaming frame 4006/5069
  █████████████████░░░░░░░░  68%  Streaming frame 4007/5069
  █████████████████░░░░░░░░  68%  Streaming frame 4008/5069
  █████████████████░░░░░░░░  68%  Streaming frame 4009/5069
  █████████████████░░░░░░░░  69%  Streaming frame 4010/5069
  █████████████████░░░░░░░░  69%  Streaming frame 4011/5069
  █████████████████░░░░░░░░  69%  Streaming frame 4012/5069
  █████████████████░░░░░░░░  69%  Streaming frame 4013/5069
  █████████████████░░░░░░░░  69%  Streaming frame 4014/5069
  █████████████████░░░░░░░░  69%  Streaming frame 4015/5069
  █████████████████░░░░░░░░  69%  Streaming frame 4016/5069
  █████████████████░░░░░░░░  69%  Streaming frame 4017/5069
  █████████████████░░░░░░░░  69%  Streaming frame 4018/5069
  █████████████████░░░░░░░░  69%  Streaming frame 4019/5069
  █████████████████░░░░░░░░  69%  Streaming frame 4020/5069
  █████████████████░░░░░░░░  69%  Streaming frame 4021/5069
  █████████████████░░░░░░░░  69%  Streaming frame 4022/5069
  █████████████████░░░░░░░░  69%  Streaming frame 4023/5069
  █████████████████░░░░░░░░  69%  Streaming frame 4024/5069
  █████████████████░░░░░░░░  69%  Streaming frame 4025/5069
  █████████████████░░░░░░░░  69%  Streaming frame 4026/5069
  █████████████████░░░░░░░░  69%  Streaming frame 4027/5069
  █████████████████░░░░░░░░  69%  Streaming frame 4028/5069
  █████████████████░░░░░░░░  69%  Streaming frame 4029/5069
  █████████████████░░░░░░░░  69%  Streaming frame 4030/5069
  █████████████████░░░░░░░░  69%  Streaming frame 4031/5069
  █████████████████░░░░░░░░  69%  Streaming frame 4032/5069
  █████████████████░░░░░░░░  69%  Streaming frame 4033/5069
  █████████████████░░░░░░░░  69%  Streaming frame 4034/5069
  █████████████████░░░░░░░░  69%  Streaming frame 4035/5069
  █████████████████░░░░░░░░  69%  Streaming frame 4036/5069
  █████████████████░░░░░░░░  69%  Streaming frame 4037/5069
  █████████████████░░░░░░░░  69%  Streaming frame 4038/5069
  █████████████████░░░░░░░░  69%  Streaming frame 4039/5069
  █████████████████░░░░░░░░  69%  Streaming frame 4040/5069
  █████████████████░░░░░░░░  69%  Streaming frame 4041/5069
  █████████████████░░░░░░░░  69%  Streaming frame 4042/5069
  █████████████████░░░░░░░░  69%  Streaming frame 4043/5069
  █████████████████░░░░░░░░  69%  Streaming frame 4044/5069
  █████████████████░░░░░░░░  69%  Streaming frame 4045/5069
  █████████████████░░░░░░░░  69%  Streaming frame 4046/5069
  █████████████████░░░░░░░░  69%  Streaming frame 4047/5069
  █████████████████░░░░░░░░  69%  Streaming frame 4048/5069
  █████████████████░░░░░░░░  69%  Streaming frame 4049/5069
  █████████████████░░░░░░░░  69%  Streaming frame 4050/5069
  █████████████████░░░░░░░░  69%  Streaming frame 4051/5069
  █████████████████░░░░░░░░  69%  Streaming frame 4052/5069
  █████████████████░░░░░░░░  69%  Streaming frame 4053/5069
  █████████████████░░░░░░░░  69%  Streaming frame 4054/5069
  █████████████████░░░░░░░░  69%  Streaming frame 4055/5069
  █████████████████░░░░░░░░  69%  Streaming frame 4056/5069
  █████████████████░░░░░░░░  69%  Streaming frame 4057/5069
  █████████████████░░░░░░░░  69%  Streaming frame 4058/5069
  █████████████████░░░░░░░░  69%  Streaming frame 4059/5069
  █████████████████░░░░░░░░  69%  Streaming frame 4060/5069
  █████████████████░░░░░░░░  69%  Streaming frame 4061/5069
  █████████████████░░░░░░░░  69%  Streaming frame 4062/5069
  █████████████████░░░░░░░░  69%  Streaming frame 4063/5069
  █████████████████░░░░░░░░  69%  Streaming frame 4064/5069
  █████████████████░░░░░░░░  69%  Streaming frame 4065/5069
  █████████████████░░░░░░░░  69%  Streaming frame 4066/5069
  █████████████████░░░░░░░░  69%  Streaming frame 4067/5069
  █████████████████░░░░░░░░  69%  Streaming frame 4068/5069
  █████████████████░░░░░░░░  69%  Streaming frame 4069/5069
  █████████████████░░░░░░░░  69%  Streaming frame 4070/5069
  █████████████████░░░░░░░░  69%  Streaming frame 4071/5069
  █████████████████░░░░░░░░  69%  Streaming frame 4072/5069
  █████████████████░░░░░░░░  69%  Streaming frame 4073/5069
  █████████████████░░░░░░░░  69%  Streaming frame 4074/5069
  █████████████████░░░░░░░░  69%  Streaming frame 4075/5069
  █████████████████░░░░░░░░  69%  Streaming frame 4076/5069
  █████████████████░░░░░░░░  69%  Streaming frame 4077/5069
  █████████████████░░░░░░░░  69%  Streaming frame 4078/5069
  █████████████████░░░░░░░░  69%  Streaming frame 4079/5069
  █████████████████░░░░░░░░  69%  Streaming frame 4080/5069
  █████████████████░░░░░░░░  69%  Streaming frame 4081/5069
  █████████████████░░░░░░░░  69%  Streaming frame 4082/5069
  █████████████████░░░░░░░░  69%  Streaming frame 4083/5069
  █████████████████░░░░░░░░  69%  Streaming frame 4084/5069
  █████████████████░░░░░░░░  69%  Streaming frame 4085/5069
  █████████████████░░░░░░░░  69%  Streaming frame 4086/5069
  █████████████████░░░░░░░░  69%  Streaming frame 4087/5069
  █████████████████░░░░░░░░  69%  Streaming frame 4088/5069
  █████████████████░░░░░░░░  69%  Streaming frame 4089/5069
  █████████████████░░░░░░░░  69%  Streaming frame 4090/5069
  █████████████████░░░░░░░░  69%  Streaming frame 4091/5069
  █████████████████░░░░░░░░  69%  Streaming frame 4092/5069
  █████████████████░░░░░░░░  69%  Streaming frame 4093/5069
  █████████████████░░░░░░░░  69%  Streaming frame 4094/5069
  █████████████████░░░░░░░░  69%  Streaming frame 4095/5069
  █████████████████░░░░░░░░  69%  Streaming frame 4096/5069
  █████████████████░░░░░░░░  69%  Streaming frame 4097/5069
  █████████████████░░░░░░░░  69%  Streaming frame 4098/5069
  █████████████████░░░░░░░░  69%  Streaming frame 4099/5069
  █████████████████░░░░░░░░  69%  Streaming frame 4100/5069
  █████████████████░░░░░░░░  69%  Streaming frame 4101/5069
  █████████████████░░░░░░░░  70%  Streaming frame 4102/5069
  █████████████████░░░░░░░░  70%  Streaming frame 4103/5069
  █████████████████░░░░░░░░  70%  Streaming frame 4104/5069
  █████████████████░░░░░░░░  70%  Streaming frame 4105/5069
  █████████████████░░░░░░░░  70%  Streaming frame 4106/5069
  █████████████████░░░░░░░░  70%  Streaming frame 4107/5069
  █████████████████░░░░░░░░  70%  Streaming frame 4108/5069
  █████████████████░░░░░░░░  70%  Streaming frame 4109/5069
  █████████████████░░░░░░░░  70%  Streaming frame 4110/5069
  █████████████████░░░░░░░░  70%  Streaming frame 4111/5069
  █████████████████░░░░░░░░  70%  Streaming frame 4112/5069
  █████████████████░░░░░░░░  70%  Streaming frame 4113/5069
  █████████████████░░░░░░░░  70%  Streaming frame 4114/5069
  █████████████████░░░░░░░░  70%  Streaming frame 4115/5069
  █████████████████░░░░░░░░  70%  Streaming frame 4116/5069
  █████████████████░░░░░░░░  70%  Streaming frame 4117/5069
  █████████████████░░░░░░░░  70%  Streaming frame 4118/5069
  █████████████████░░░░░░░░  70%  Streaming frame 4119/5069
  █████████████████░░░░░░░░  70%  Streaming frame 4120/5069
  █████████████████░░░░░░░░  70%  Streaming frame 4121/5069
  █████████████████░░░░░░░░  70%  Streaming frame 4122/5069
  █████████████████░░░░░░░░  70%  Streaming frame 4123/5069
  █████████████████░░░░░░░░  70%  Streaming frame 4124/5069
  █████████████████░░░░░░░░  70%  Streaming frame 4125/5069
  █████████████████░░░░░░░░  70%  Streaming frame 4126/5069
  █████████████████░░░░░░░░  70%  Streaming frame 4127/5069
  █████████████████░░░░░░░░  70%  Streaming frame 4128/5069
  █████████████████░░░░░░░░  70%  Streaming frame 4129/5069
  █████████████████░░░░░░░░  70%  Streaming frame 4130/5069
  █████████████████░░░░░░░░  70%  Streaming frame 4131/5069
  █████████████████░░░░░░░░  70%  Streaming frame 4132/5069
  █████████████████░░░░░░░░  70%  Streaming frame 4133/5069
  █████████████████░░░░░░░░  70%  Streaming frame 4134/5069
  █████████████████░░░░░░░░  70%  Streaming frame 4135/5069
  █████████████████░░░░░░░░  70%  Streaming frame 4136/5069
  █████████████████░░░░░░░░  70%  Streaming frame 4137/5069
  █████████████████░░░░░░░░  70%  Streaming frame 4138/5069
  █████████████████░░░░░░░░  70%  Streaming frame 4139/5069
  █████████████████░░░░░░░░  70%  Streaming frame 4140/5069
  █████████████████░░░░░░░░  70%  Streaming frame 4141/5069
  █████████████████░░░░░░░░  70%  Streaming frame 4142/5069
  █████████████████░░░░░░░░  70%  Streaming frame 4143/5069
  █████████████████░░░░░░░░  70%  Streaming frame 4144/5069
  █████████████████░░░░░░░░  70%  Streaming frame 4145/5069
  █████████████████░░░░░░░░  70%  Streaming frame 4146/5069
  █████████████████░░░░░░░░  70%  Streaming frame 4147/5069
  █████████████████░░░░░░░░  70%  Streaming frame 4148/5069
  █████████████████░░░░░░░░  70%  Streaming frame 4149/5069
  █████████████████░░░░░░░░  70%  Streaming frame 4150/5069
  █████████████████░░░░░░░░  70%  Streaming frame 4151/5069
  █████████████████░░░░░░░░  70%  Streaming frame 4152/5069
  █████████████████░░░░░░░░  70%  Streaming frame 4153/5069
  █████████████████░░░░░░░░  70%  Streaming frame 4154/5069
  █████████████████░░░░░░░░  70%  Streaming frame 4155/5069
  █████████████████░░░░░░░░  70%  Streaming frame 4156/5069
  █████████████████░░░░░░░░  70%  Streaming frame 4157/5069
  █████████████████░░░░░░░░  70%  Streaming frame 4158/5069
  █████████████████░░░░░░░░  70%  Streaming frame 4159/5069
  █████████████████░░░░░░░░  70%  Streaming frame 4160/5069
  █████████████████░░░░░░░░  70%  Streaming frame 4161/5069
  █████████████████░░░░░░░░  70%  Streaming frame 4162/5069
  █████████████████░░░░░░░░  70%  Streaming frame 4163/5069
  █████████████████░░░░░░░░  70%  Streaming frame 4164/5069
  █████████████████░░░░░░░░  70%  Streaming frame 4165/5069
  █████████████████░░░░░░░░  70%  Streaming frame 4166/5069
  █████████████████░░░░░░░░  70%  Streaming frame 4167/5069
  █████████████████░░░░░░░░  70%  Streaming frame 4168/5069
  █████████████████░░░░░░░░  70%  Streaming frame 4169/5069
  █████████████████░░░░░░░░  70%  Streaming frame 4170/5069
  █████████████████░░░░░░░░  70%  Streaming frame 4171/5069
  █████████████████░░░░░░░░  70%  Streaming frame 4172/5069
  █████████████████░░░░░░░░  70%  Streaming frame 4173/5069
  █████████████████░░░░░░░░  70%  Streaming frame 4174/5069
  █████████████████░░░░░░░░  70%  Streaming frame 4175/5069
  █████████████████░░░░░░░░  70%  Streaming frame 4176/5069
  █████████████████░░░░░░░░  70%  Streaming frame 4177/5069
  █████████████████░░░░░░░░  70%  Streaming frame 4178/5069
  █████████████████░░░░░░░░  70%  Streaming frame 4179/5069
  █████████████████░░░░░░░░  70%  Streaming frame 4180/5069
  █████████████████░░░░░░░░  70%  Streaming frame 4181/5069
  █████████████████░░░░░░░░  70%  Streaming frame 4182/5069
  █████████████████░░░░░░░░  70%  Streaming frame 4183/5069
  █████████████████░░░░░░░░  70%  Streaming frame 4184/5069
  █████████████████░░░░░░░░  70%  Streaming frame 4185/5069
  █████████████████░░░░░░░░  70%  Streaming frame 4186/5069
  █████████████████░░░░░░░░  70%  Streaming frame 4187/5069
  █████████████████░░░░░░░░  70%  Streaming frame 4188/5069
  █████████████████░░░░░░░░  70%  Streaming frame 4189/5069
  █████████████████░░░░░░░░  70%  Streaming frame 4190/5069
  █████████████████░░░░░░░░  70%  Streaming frame 4191/5069
  █████████████████░░░░░░░░  70%  Streaming frame 4192/5069
  █████████████████░░░░░░░░  70%  Streaming frame 4193/5069
  █████████████████░░░░░░░░  71%  Streaming frame 4194/5069
  █████████████████░░░░░░░░  71%  Streaming frame 4195/5069
  █████████████████░░░░░░░░  71%  Streaming frame 4196/5069
  █████████████████░░░░░░░░  71%  Streaming frame 4197/5069
  █████████████████░░░░░░░░  71%  Streaming frame 4198/5069
  █████████████████░░░░░░░░  71%  Streaming frame 4199/5069
  █████████████████░░░░░░░░  71%  Streaming frame 4200/5069
  █████████████████░░░░░░░░  71%  Streaming frame 4201/5069
  █████████████████░░░░░░░░  71%  Streaming frame 4202/5069
  █████████████████░░░░░░░░  71%  Streaming frame 4203/5069
  █████████████████░░░░░░░░  71%  Streaming frame 4204/5069
  █████████████████░░░░░░░░  71%  Streaming frame 4205/5069
  █████████████████░░░░░░░░  71%  Streaming frame 4206/5069
  █████████████████░░░░░░░░  71%  Streaming frame 4207/5069
  █████████████████░░░░░░░░  71%  Streaming frame 4208/5069
  █████████████████░░░░░░░░  71%  Streaming frame 4209/5069
  █████████████████░░░░░░░░  71%  Streaming frame 4210/5069
  █████████████████░░░░░░░░  71%  Streaming frame 4211/5069
  █████████████████░░░░░░░░  71%  Streaming frame 4212/5069
  █████████████████░░░░░░░░  71%  Streaming frame 4213/5069
  █████████████████░░░░░░░░  71%  Streaming frame 4214/5069
  █████████████████░░░░░░░░  71%  Streaming frame 4215/5069
  █████████████████░░░░░░░░  71%  Streaming frame 4216/5069
  █████████████████░░░░░░░░  71%  Streaming frame 4217/5069
  █████████████████░░░░░░░░  71%  Streaming frame 4218/5069
  █████████████████░░░░░░░░  71%  Streaming frame 4219/5069
  █████████████████░░░░░░░░  71%  Streaming frame 4220/5069
  █████████████████░░░░░░░░  71%  Streaming frame 4221/5069
  █████████████████░░░░░░░░  71%  Streaming frame 4222/5069
  █████████████████░░░░░░░░  71%  Streaming frame 4223/5069
  █████████████████░░░░░░░░  71%  Streaming frame 4224/5069
  █████████████████░░░░░░░░  71%  Streaming frame 4225/5069
  █████████████████░░░░░░░░  71%  Streaming frame 4226/5069
  █████████████████░░░░░░░░  71%  Streaming frame 4227/5069
  █████████████████░░░░░░░░  71%  Streaming frame 4228/5069
  █████████████████░░░░░░░░  71%  Streaming frame 4229/5069
  █████████████████░░░░░░░░  71%  Streaming frame 4230/5069
  █████████████████░░░░░░░░  71%  Streaming frame 4231/5069
  █████████████████░░░░░░░░  71%  Streaming frame 4232/5069
  █████████████████░░░░░░░░  71%  Streaming frame 4233/5069
  █████████████████░░░░░░░░  71%  Streaming frame 4234/5069
  █████████████████░░░░░░░░  71%  Streaming frame 4235/5069
  █████████████████░░░░░░░░  71%  Streaming frame 4236/5069
  █████████████████░░░░░░░░  71%  Streaming frame 4237/5069
  █████████████████░░░░░░░░  71%  Streaming frame 4238/5069
  █████████████████░░░░░░░░  71%  Streaming frame 4239/5069
  █████████████████░░░░░░░░  71%  Streaming frame 4240/5069
  █████████████████░░░░░░░░  71%  Streaming frame 4241/5069
  █████████████████░░░░░░░░  71%  Streaming frame 4242/5069
  █████████████████░░░░░░░░  71%  Streaming frame 4243/5069
  █████████████████░░░░░░░░  71%  Streaming frame 4244/5069
  █████████████████░░░░░░░░  71%  Streaming frame 4245/5069
  █████████████████░░░░░░░░  71%  Streaming frame 4246/5069
  █████████████████░░░░░░░░  71%  Streaming frame 4247/5069
  █████████████████░░░░░░░░  71%  Streaming frame 4248/5069
  █████████████████░░░░░░░░  71%  Streaming frame 4249/5069
  █████████████████░░░░░░░░  71%  Streaming frame 4250/5069
  █████████████████░░░░░░░░  71%  Streaming frame 4251/5069
  █████████████████░░░░░░░░  71%  Streaming frame 4252/5069
  █████████████████░░░░░░░░  71%  Streaming frame 4253/5069
  █████████████████░░░░░░░░  71%  Streaming frame 4254/5069
  █████████████████░░░░░░░░  71%  Streaming frame 4255/5069
  █████████████████░░░░░░░░  71%  Streaming frame 4256/5069
  █████████████████░░░░░░░░  71%  Streaming frame 4257/5069
  █████████████████░░░░░░░░  71%  Streaming frame 4258/5069
  █████████████████░░░░░░░░  71%  Streaming frame 4259/5069
  █████████████████░░░░░░░░  71%  Streaming frame 4260/5069
  █████████████████░░░░░░░░  71%  Streaming frame 4261/5069
  █████████████████░░░░░░░░  71%  Streaming frame 4262/5069
  █████████████████░░░░░░░░  71%  Streaming frame 4263/5069
  █████████████████░░░░░░░░  71%  Streaming frame 4264/5069
  █████████████████░░░░░░░░  71%  Streaming frame 4265/5069
  █████████████████░░░░░░░░  71%  Streaming frame 4266/5069
  █████████████████░░░░░░░░  71%  Streaming frame 4267/5069
  █████████████████░░░░░░░░  71%  Streaming frame 4268/5069
  █████████████████░░░░░░░░  71%  Streaming frame 4269/5069
  █████████████████░░░░░░░░  71%  Streaming frame 4270/5069
  █████████████████░░░░░░░░  71%  Streaming frame 4271/5069
  █████████████████░░░░░░░░  71%  Streaming frame 4272/5069
  █████████████████░░░░░░░░  71%  Streaming frame 4273/5069
  █████████████████░░░░░░░░  71%  Streaming frame 4274/5069
  █████████████████░░░░░░░░  71%  Streaming frame 4275/5069
  █████████████████░░░░░░░░  71%  Streaming frame 4276/5069
  █████████████████░░░░░░░░  71%  Streaming frame 4277/5069
  █████████████████░░░░░░░░  71%  Streaming frame 4278/5069
  █████████████████░░░░░░░░  71%  Streaming frame 4279/5069
  █████████████████░░░░░░░░  71%  Streaming frame 4280/5069
  █████████████████░░░░░░░░  71%  Streaming frame 4281/5069
  █████████████████░░░░░░░░  71%  Streaming frame 4282/5069
  █████████████████░░░░░░░░  71%  Streaming frame 4283/5069
  █████████████████░░░░░░░░  71%  Streaming frame 4284/5069
  █████████████████░░░░░░░░  71%  Streaming frame 4285/5069
  ██████████████████░░░░░░░  72%  Streaming frame 4286/5069
  ██████████████████░░░░░░░  72%  Streaming frame 4287/5069
  ██████████████████░░░░░░░  72%  Streaming frame 4288/5069
  ██████████████████░░░░░░░  72%  Streaming frame 4289/5069
  ██████████████████░░░░░░░  72%  Streaming frame 4290/5069
  ██████████████████░░░░░░░  72%  Streaming frame 4291/5069
  ██████████████████░░░░░░░  72%  Streaming frame 4292/5069
  ██████████████████░░░░░░░  72%  Streaming frame 4293/5069
  ██████████████████░░░░░░░  72%  Streaming frame 4294/5069
  ██████████████████░░░░░░░  72%  Streaming frame 4295/5069
  ██████████████████░░░░░░░  72%  Streaming frame 4296/5069
  ██████████████████░░░░░░░  72%  Streaming frame 4297/5069
  ██████████████████░░░░░░░  72%  Streaming frame 4298/5069
  ██████████████████░░░░░░░  72%  Streaming frame 4299/5069
  ██████████████████░░░░░░░  72%  Streaming frame 4300/5069
  ██████████████████░░░░░░░  72%  Streaming frame 4301/5069
  ██████████████████░░░░░░░  72%  Streaming frame 4302/5069
  ██████████████████░░░░░░░  72%  Streaming frame 4303/5069
  ██████████████████░░░░░░░  72%  Streaming frame 4304/5069
  ██████████████████░░░░░░░  72%  Streaming frame 4305/5069
  ██████████████████░░░░░░░  72%  Streaming frame 4306/5069
  ██████████████████░░░░░░░  72%  Streaming frame 4307/5069
  ██████████████████░░░░░░░  72%  Streaming frame 4308/5069
  ██████████████████░░░░░░░  72%  Streaming frame 4309/5069
  ██████████████████░░░░░░░  72%  Streaming frame 4310/5069
  ██████████████████░░░░░░░  72%  Streaming frame 4311/5069
  ██████████████████░░░░░░░  72%  Streaming frame 4312/5069
  ██████████████████░░░░░░░  72%  Streaming frame 4313/5069
  ██████████████████░░░░░░░  72%  Streaming frame 4314/5069
  ██████████████████░░░░░░░  72%  Streaming frame 4315/5069
  ██████████████████░░░░░░░  72%  Streaming frame 4316/5069
  ██████████████████░░░░░░░  72%  Streaming frame 4317/5069
  ██████████████████░░░░░░░  72%  Streaming frame 4318/5069
  ██████████████████░░░░░░░  72%  Streaming frame 4319/5069
  ██████████████████░░░░░░░  72%  Streaming frame 4320/5069
  ██████████████████░░░░░░░  72%  Streaming frame 4321/5069
  ██████████████████░░░░░░░  72%  Streaming frame 4322/5069
  ██████████████████░░░░░░░  72%  Streaming frame 4323/5069
  ██████████████████░░░░░░░  72%  Streaming frame 4324/5069
  ██████████████████░░░░░░░  72%  Streaming frame 4325/5069
  ██████████████████░░░░░░░  72%  Streaming frame 4326/5069
  ██████████████████░░░░░░░  72%  Streaming frame 4327/5069
  ██████████████████░░░░░░░  72%  Streaming frame 4328/5069
  ██████████████████░░░░░░░  72%  Streaming frame 4329/5069
  ██████████████████░░░░░░░  72%  Streaming frame 4330/5069
  ██████████████████░░░░░░░  72%  Streaming frame 4331/5069
  ██████████████████░░░░░░░  72%  Streaming frame 4332/5069
  ██████████████████░░░░░░░  72%  Streaming frame 4333/5069
  ██████████████████░░░░░░░  72%  Streaming frame 4334/5069
  ██████████████████░░░░░░░  72%  Streaming frame 4335/5069
  ██████████████████░░░░░░░  72%  Streaming frame 4336/5069
  ██████████████████░░░░░░░  72%  Streaming frame 4337/5069
  ██████████████████░░░░░░░  72%  Streaming frame 4338/5069
  ██████████████████░░░░░░░  72%  Streaming frame 4339/5069
  ██████████████████░░░░░░░  72%  Streaming frame 4340/5069
  ██████████████████░░░░░░░  72%  Streaming frame 4341/5069
  ██████████████████░░░░░░░  72%  Streaming frame 4342/5069
  ██████████████████░░░░░░░  72%  Streaming frame 4343/5069
  ██████████████████░░░░░░░  72%  Streaming frame 4344/5069
  ██████████████████░░░░░░░  72%  Streaming frame 4345/5069
  ██████████████████░░░░░░░  72%  Streaming frame 4346/5069
  ██████████████████░░░░░░░  72%  Streaming frame 4347/5069
  ██████████████████░░░░░░░  72%  Streaming frame 4348/5069
  ██████████████████░░░░░░░  72%  Streaming frame 4349/5069
  ██████████████████░░░░░░░  72%  Streaming frame 4350/5069
  ██████████████████░░░░░░░  72%  Streaming frame 4351/5069
  ██████████████████░░░░░░░  72%  Streaming frame 4352/5069
  ██████████████████░░░░░░░  72%  Streaming frame 4353/5069
  ██████████████████░░░░░░░  72%  Streaming frame 4354/5069
  ██████████████████░░░░░░░  72%  Streaming frame 4355/5069
  ██████████████████░░░░░░░  72%  Streaming frame 4356/5069
  ██████████████████░░░░░░░  72%  Streaming frame 4357/5069
  ██████████████████░░░░░░░  72%  Streaming frame 4358/5069
  ██████████████████░░░░░░░  72%  Streaming frame 4359/5069
  ██████████████████░░░░░░░  72%  Streaming frame 4360/5069
  ██████████████████░░░░░░░  72%  Streaming frame 4361/5069
  ██████████████████░░░░░░░  72%  Streaming frame 4362/5069
  ██████████████████░░░░░░░  72%  Streaming frame 4363/5069
  ██████████████████░░░░░░░  72%  Streaming frame 4364/5069
  ██████████████████░░░░░░░  72%  Streaming frame 4365/5069
  ██████████████████░░░░░░░  72%  Streaming frame 4366/5069
  ██████████████████░░░░░░░  72%  Streaming frame 4367/5069
  ██████████████████░░░░░░░  72%  Streaming frame 4368/5069
  ██████████████████░░░░░░░  72%  Streaming frame 4369/5069
  ██████████████████░░░░░░░  72%  Streaming frame 4370/5069
  ██████████████████░░░░░░░  72%  Streaming frame 4371/5069
  ██████████████████░░░░░░░  72%  Streaming frame 4372/5069
  ██████████████████░░░░░░░  72%  Streaming frame 4373/5069
  ██████████████████░░░░░░░  72%  Streaming frame 4374/5069
  ██████████████████░░░░░░░  72%  Streaming frame 4375/5069
  ██████████████████░░░░░░░  72%  Streaming frame 4376/5069
  ██████████████████░░░░░░░  72%  Streaming frame 4377/5069
  ██████████████████░░░░░░░  73%  Streaming frame 4378/5069
  ██████████████████░░░░░░░  73%  Streaming frame 4379/5069
  ██████████████████░░░░░░░  73%  Streaming frame 4380/5069
  ██████████████████░░░░░░░  73%  Streaming frame 4381/5069
  ██████████████████░░░░░░░  73%  Streaming frame 4382/5069
  ██████████████████░░░░░░░  73%  Streaming frame 4383/5069
  ██████████████████░░░░░░░  73%  Streaming frame 4384/5069
  ██████████████████░░░░░░░  73%  Streaming frame 4385/5069
  ██████████████████░░░░░░░  73%  Streaming frame 4386/5069
  ██████████████████░░░░░░░  73%  Streaming frame 4387/5069
  ██████████████████░░░░░░░  73%  Streaming frame 4388/5069
  ██████████████████░░░░░░░  73%  Streaming frame 4389/5069
  ██████████████████░░░░░░░  73%  Streaming frame 4390/5069
  ██████████████████░░░░░░░  73%  Streaming frame 4391/5069
  ██████████████████░░░░░░░  73%  Streaming frame 4392/5069
  ██████████████████░░░░░░░  73%  Streaming frame 4393/5069
  ██████████████████░░░░░░░  73%  Streaming frame 4394/5069
  ██████████████████░░░░░░░  73%  Streaming frame 4395/5069
  ██████████████████░░░░░░░  73%  Streaming frame 4396/5069
  ██████████████████░░░░░░░  73%  Streaming frame 4397/5069
  ██████████████████░░░░░░░  73%  Streaming frame 4398/5069
  ██████████████████░░░░░░░  73%  Streaming frame 4399/5069
  ██████████████████░░░░░░░  73%  Streaming frame 4400/5069
  ██████████████████░░░░░░░  73%  Streaming frame 4401/5069
  ██████████████████░░░░░░░  73%  Streaming frame 4402/5069
  ██████████████████░░░░░░░  73%  Streaming frame 4403/5069
  ██████████████████░░░░░░░  73%  Streaming frame 4404/5069
  ██████████████████░░░░░░░  73%  Streaming frame 4405/5069
  ██████████████████░░░░░░░  73%  Streaming frame 4406/5069
  ██████████████████░░░░░░░  73%  Streaming frame 4407/5069
  ██████████████████░░░░░░░  73%  Streaming frame 4408/5069
  ██████████████████░░░░░░░  73%  Streaming frame 4409/5069
  ██████████████████░░░░░░░  73%  Streaming frame 4410/5069
  ██████████████████░░░░░░░  73%  Streaming frame 4411/5069
  ██████████████████░░░░░░░  73%  Streaming frame 4412/5069
  ██████████████████░░░░░░░  73%  Streaming frame 4413/5069
  ██████████████████░░░░░░░  73%  Streaming frame 4414/5069
  ██████████████████░░░░░░░  73%  Streaming frame 4415/5069
  ██████████████████░░░░░░░  73%  Streaming frame 4416/5069
  ██████████████████░░░░░░░  73%  Streaming frame 4417/5069
  ██████████████████░░░░░░░  73%  Streaming frame 4418/5069
  ██████████████████░░░░░░░  73%  Streaming frame 4419/5069
  ██████████████████░░░░░░░  73%  Streaming frame 4420/5069
  ██████████████████░░░░░░░  73%  Streaming frame 4421/5069
  ██████████████████░░░░░░░  73%  Streaming frame 4422/5069
  ██████████████████░░░░░░░  73%  Streaming frame 4423/5069
  ██████████████████░░░░░░░  73%  Streaming frame 4424/5069
  ██████████████████░░░░░░░  73%  Streaming frame 4425/5069
  ██████████████████░░░░░░░  73%  Streaming frame 4426/5069
  ██████████████████░░░░░░░  73%  Streaming frame 4427/5069
  ██████████████████░░░░░░░  73%  Streaming frame 4428/5069
  ██████████████████░░░░░░░  73%  Streaming frame 4429/5069
  ██████████████████░░░░░░░  73%  Streaming frame 4430/5069
  ██████████████████░░░░░░░  73%  Streaming frame 4431/5069
  ██████████████████░░░░░░░  73%  Streaming frame 4432/5069
  ██████████████████░░░░░░░  73%  Streaming frame 4433/5069
  ██████████████████░░░░░░░  73%  Streaming frame 4434/5069
  ██████████████████░░░░░░░  73%  Streaming frame 4435/5069
  ██████████████████░░░░░░░  73%  Streaming frame 4436/5069
  ██████████████████░░░░░░░  73%  Streaming frame 4437/5069
  ██████████████████░░░░░░░  73%  Streaming frame 4438/5069
  ██████████████████░░░░░░░  73%  Streaming frame 4439/5069
  ██████████████████░░░░░░░  73%  Streaming frame 4440/5069
  ██████████████████░░░░░░░  73%  Streaming frame 4441/5069
  ██████████████████░░░░░░░  73%  Streaming frame 4442/5069
  ██████████████████░░░░░░░  73%  Streaming frame 4443/5069
  ██████████████████░░░░░░░  73%  Streaming frame 4444/5069
  ██████████████████░░░░░░░  73%  Streaming frame 4445/5069
  ██████████████████░░░░░░░  73%  Streaming frame 4446/5069
  ██████████████████░░░░░░░  73%  Streaming frame 4447/5069
  ██████████████████░░░░░░░  73%  Streaming frame 4448/5069
  ██████████████████░░░░░░░  73%  Streaming frame 4449/5069
  ██████████████████░░░░░░░  73%  Streaming frame 4450/5069
  ██████████████████░░░░░░░  73%  Streaming frame 4451/5069
  ██████████████████░░░░░░░  73%  Streaming frame 4452/5069
  ██████████████████░░░░░░░  73%  Streaming frame 4453/5069
  ██████████████████░░░░░░░  73%  Streaming frame 4454/5069
  ██████████████████░░░░░░░  73%  Streaming frame 4455/5069
  ██████████████████░░░░░░░  73%  Streaming frame 4456/5069
  ██████████████████░░░░░░░  73%  Streaming frame 4457/5069
  ██████████████████░░░░░░░  73%  Streaming frame 4458/5069
  ██████████████████░░░░░░░  73%  Streaming frame 4459/5069
  ██████████████████░░░░░░░  73%  Streaming frame 4460/5069
  ██████████████████░░░░░░░  73%  Streaming frame 4461/5069
  ██████████████████░░░░░░░  73%  Streaming frame 4462/5069
  ██████████████████░░░░░░░  73%  Streaming frame 4463/5069
  ██████████████████░░░░░░░  73%  Streaming frame 4464/5069
  ██████████████████░░░░░░░  73%  Streaming frame 4465/5069
  ██████████████████░░░░░░░  73%  Streaming frame 4466/5069
  ██████████████████░░░░░░░  73%  Streaming frame 4467/5069
  ██████████████████░░░░░░░  73%  Streaming frame 4468/5069
  ██████████████████░░░░░░░  73%  Streaming frame 4469/5069
  ██████████████████░░░░░░░  74%  Streaming frame 4470/5069
  ██████████████████░░░░░░░  74%  Streaming frame 4471/5069
  ██████████████████░░░░░░░  74%  Streaming frame 4472/5069
  ██████████████████░░░░░░░  74%  Streaming frame 4473/5069
  ██████████████████░░░░░░░  74%  Streaming frame 4474/5069
  ██████████████████░░░░░░░  74%  Streaming frame 4475/5069
  ██████████████████░░░░░░░  74%  Streaming frame 4476/5069
  ██████████████████░░░░░░░  74%  Streaming frame 4477/5069
  ██████████████████░░░░░░░  74%  Streaming frame 4478/5069
  ██████████████████░░░░░░░  74%  Streaming frame 4479/5069
  ██████████████████░░░░░░░  74%  Streaming frame 4480/5069
  ██████████████████░░░░░░░  74%  Streaming frame 4481/5069
  ██████████████████░░░░░░░  74%  Streaming frame 4482/5069
  ██████████████████░░░░░░░  74%  Streaming frame 4483/5069
  ██████████████████░░░░░░░  74%  Streaming frame 4484/5069
  ██████████████████░░░░░░░  74%  Streaming frame 4485/5069
  ██████████████████░░░░░░░  74%  Streaming frame 4486/5069
  ██████████████████░░░░░░░  74%  Streaming frame 4487/5069
  ██████████████████░░░░░░░  74%  Streaming frame 4488/5069
  ██████████████████░░░░░░░  74%  Streaming frame 4489/5069
  ██████████████████░░░░░░░  74%  Streaming frame 4490/5069
  ██████████████████░░░░░░░  74%  Streaming frame 4491/5069
  ██████████████████░░░░░░░  74%  Streaming frame 4492/5069
  ██████████████████░░░░░░░  74%  Streaming frame 4493/5069
  ██████████████████░░░░░░░  74%  Streaming frame 4494/5069
  ██████████████████░░░░░░░  74%  Streaming frame 4495/5069
  ██████████████████░░░░░░░  74%  Streaming frame 4496/5069
  ██████████████████░░░░░░░  74%  Streaming frame 4497/5069
  ██████████████████░░░░░░░  74%  Streaming frame 4498/5069
  ██████████████████░░░░░░░  74%  Streaming frame 4499/5069
  ██████████████████░░░░░░░  74%  Streaming frame 4500/5069
  ██████████████████░░░░░░░  74%  Streaming frame 4501/5069
  ██████████████████░░░░░░░  74%  Streaming frame 4502/5069
  ██████████████████░░░░░░░  74%  Streaming frame 4503/5069
  ██████████████████░░░░░░░  74%  Streaming frame 4504/5069
  ██████████████████░░░░░░░  74%  Streaming frame 4505/5069
  ██████████████████░░░░░░░  74%  Streaming frame 4506/5069
  ██████████████████░░░░░░░  74%  Streaming frame 4507/5069
  ██████████████████░░░░░░░  74%  Streaming frame 4508/5069
  ██████████████████░░░░░░░  74%  Streaming frame 4509/5069
  ██████████████████░░░░░░░  74%  Streaming frame 4510/5069
  ██████████████████░░░░░░░  74%  Streaming frame 4511/5069
  ██████████████████░░░░░░░  74%  Streaming frame 4512/5069
  ██████████████████░░░░░░░  74%  Streaming frame 4513/5069
  ██████████████████░░░░░░░  74%  Streaming frame 4514/5069
  ██████████████████░░░░░░░  74%  Streaming frame 4515/5069
  ██████████████████░░░░░░░  74%  Streaming frame 4516/5069
  ██████████████████░░░░░░░  74%  Streaming frame 4517/5069
  ██████████████████░░░░░░░  74%  Streaming frame 4518/5069
  ██████████████████░░░░░░░  74%  Streaming frame 4519/5069
  ██████████████████░░░░░░░  74%  Streaming frame 4520/5069
  ██████████████████░░░░░░░  74%  Streaming frame 4521/5069
  ██████████████████░░░░░░░  74%  Streaming frame 4522/5069
  ██████████████████░░░░░░░  74%  Streaming frame 4523/5069
  ██████████████████░░░░░░░  74%  Streaming frame 4524/5069
  ██████████████████░░░░░░░  74%  Streaming frame 4525/5069
  ██████████████████░░░░░░░  74%  Streaming frame 4526/5069
  ██████████████████░░░░░░░  74%  Streaming frame 4527/5069
  ██████████████████░░░░░░░  74%  Streaming frame 4528/5069
  ██████████████████░░░░░░░  74%  Streaming frame 4529/5069
  ██████████████████░░░░░░░  74%  Streaming frame 4530/5069
  ██████████████████░░░░░░░  74%  Streaming frame 4531/5069
  ██████████████████░░░░░░░  74%  Streaming frame 4532/5069
  ██████████████████░░░░░░░  74%  Streaming frame 4533/5069
  ██████████████████░░░░░░░  74%  Streaming frame 4534/5069
  ██████████████████░░░░░░░  74%  Streaming frame 4535/5069
  ██████████████████░░░░░░░  74%  Streaming frame 4536/5069
  ██████████████████░░░░░░░  74%  Streaming frame 4537/5069
  ██████████████████░░░░░░░  74%  Streaming frame 4538/5069
  ██████████████████░░░░░░░  74%  Streaming frame 4539/5069
  ██████████████████░░░░░░░  74%  Streaming frame 4540/5069
  ██████████████████░░░░░░░  74%  Streaming frame 4541/5069
  ██████████████████░░░░░░░  74%  Streaming frame 4542/5069
  ██████████████████░░░░░░░  74%  Streaming frame 4543/5069
  ██████████████████░░░░░░░  74%  Streaming frame 4544/5069
  ██████████████████░░░░░░░  74%  Streaming frame 4545/5069
  ██████████████████░░░░░░░  74%  Streaming frame 4546/5069
  ██████████████████░░░░░░░  74%  Streaming frame 4547/5069
  ██████████████████░░░░░░░  74%  Streaming frame 4548/5069
  ██████████████████░░░░░░░  74%  Streaming frame 4549/5069
  ██████████████████░░░░░░░  74%  Streaming frame 4550/5069
  ██████████████████░░░░░░░  74%  Streaming frame 4551/5069
  ██████████████████░░░░░░░  74%  Streaming frame 4552/5069
  ██████████████████░░░░░░░  74%  Streaming frame 4553/5069
  ██████████████████░░░░░░░  74%  Streaming frame 4554/5069
  ██████████████████░░░░░░░  74%  Streaming frame 4555/5069
  ██████████████████░░░░░░░  74%  Streaming frame 4556/5069
  ██████████████████░░░░░░░  74%  Streaming frame 4557/5069
  ██████████████████░░░░░░░  74%  Streaming frame 4558/5069
  ██████████████████░░░░░░░  74%  Streaming frame 4559/5069
  ██████████████████░░░░░░░  74%  Streaming frame 4560/5069
  ██████████████████░░░░░░░  74%  Streaming frame 4561/5069
  ██████████████████░░░░░░░  74%  Streaming frame 4562/5069
  ██████████████████░░░░░░░  75%  Streaming frame 4563/5069
  ██████████████████░░░░░░░  75%  Streaming frame 4564/5069
  ██████████████████░░░░░░░  75%  Streaming frame 4565/5069
  ██████████████████░░░░░░░  75%  Streaming frame 4566/5069
  ██████████████████░░░░░░░  75%  Streaming frame 4567/5069
  ██████████████████░░░░░░░  75%  Streaming frame 4568/5069
  ██████████████████░░░░░░░  75%  Streaming frame 4569/5069
  ██████████████████░░░░░░░  75%  Streaming frame 4570/5069
  ██████████████████░░░░░░░  75%  Streaming frame 4571/5069
  ██████████████████░░░░░░░  75%  Streaming frame 4572/5069
  ██████████████████░░░░░░░  75%  Streaming frame 4573/5069
  ██████████████████░░░░░░░  75%  Streaming frame 4574/5069
  ██████████████████░░░░░░░  75%  Streaming frame 4575/5069
  ██████████████████░░░░░░░  75%  Streaming frame 4576/5069
  ██████████████████░░░░░░░  75%  Streaming frame 4577/5069
  ██████████████████░░░░░░░  75%  Streaming frame 4578/5069
  ██████████████████░░░░░░░  75%  Streaming frame 4579/5069
  ██████████████████░░░░░░░  75%  Streaming frame 4580/5069
  ██████████████████░░░░░░░  75%  Streaming frame 4581/5069
  ██████████████████░░░░░░░  75%  Streaming frame 4582/5069
  ██████████████████░░░░░░░  75%  Streaming frame 4583/5069
  ██████████████████░░░░░░░  75%  Streaming frame 4584/5069
  ██████████████████░░░░░░░  75%  Streaming frame 4585/5069
  ██████████████████░░░░░░░  75%  Streaming frame 4586/5069
  ██████████████████░░░░░░░  75%  Streaming frame 4587/5069
  ██████████████████░░░░░░░  75%  Streaming frame 4588/5069
  ██████████████████░░░░░░░  75%  Streaming frame 4589/5069
  ██████████████████░░░░░░░  75%  Streaming frame 4590/5069
  ██████████████████░░░░░░░  75%  Streaming frame 4591/5069
  ██████████████████░░░░░░░  75%  Streaming frame 4592/5069
  ██████████████████░░░░░░░  75%  Streaming frame 4593/5069
  ██████████████████░░░░░░░  75%  Streaming frame 4594/5069
  ██████████████████░░░░░░░  75%  Streaming frame 4595/5069
  ██████████████████░░░░░░░  75%  Streaming frame 4596/5069
  ██████████████████░░░░░░░  75%  Streaming frame 4597/5069
  ██████████████████░░░░░░░  75%  Streaming frame 4598/5069
  ██████████████████░░░░░░░  75%  Streaming frame 4599/5069
  ██████████████████░░░░░░░  75%  Streaming frame 4600/5069
  ██████████████████░░░░░░░  75%  Streaming frame 4601/5069
  ██████████████████░░░░░░░  75%  Streaming frame 4602/5069
  ██████████████████░░░░░░░  75%  Streaming frame 4603/5069
  ██████████████████░░░░░░░  75%  Streaming frame 4604/5069
  ██████████████████░░░░░░░  75%  Streaming frame 4605/5069
  ██████████████████░░░░░░░  75%  Streaming frame 4606/5069
  ██████████████████░░░░░░░  75%  Streaming frame 4607/5069
  ██████████████████░░░░░░░  75%  Streaming frame 4608/5069
  ██████████████████░░░░░░░  75%  Streaming frame 4609/5069
  ██████████████████░░░░░░░  75%  Streaming frame 4610/5069
  ██████████████████░░░░░░░  75%  Streaming frame 4611/5069
  ██████████████████░░░░░░░  75%  Streaming frame 4612/5069
  ██████████████████░░░░░░░  75%  Streaming frame 4613/5069
  ██████████████████░░░░░░░  75%  Streaming frame 4614/5069
  ██████████████████░░░░░░░  75%  Streaming frame 4615/5069
  ██████████████████░░░░░░░  75%  Streaming frame 4616/5069
  ██████████████████░░░░░░░  75%  Streaming frame 4617/5069
  ██████████████████░░░░░░░  75%  Streaming frame 4618/5069
  ██████████████████░░░░░░░  75%  Streaming frame 4619/5069
  ██████████████████░░░░░░░  75%  Streaming frame 4620/5069
  ██████████████████░░░░░░░  75%  Streaming frame 4621/5069
  ██████████████████░░░░░░░  75%  Streaming frame 4622/5069
  ██████████████████░░░░░░░  75%  Streaming frame 4623/5069
  ██████████████████░░░░░░░  75%  Streaming frame 4624/5069
  ██████████████████░░░░░░░  75%  Streaming frame 4625/5069
  ██████████████████░░░░░░░  75%  Streaming frame 4626/5069
  ██████████████████░░░░░░░  75%  Streaming frame 4627/5069
  ██████████████████░░░░░░░  75%  Streaming frame 4628/5069
  ██████████████████░░░░░░░  75%  Streaming frame 4629/5069
  ██████████████████░░░░░░░  75%  Streaming frame 4630/5069
  ██████████████████░░░░░░░  75%  Streaming frame 4631/5069
  ██████████████████░░░░░░░  75%  Streaming frame 4632/5069
  ██████████████████░░░░░░░  75%  Streaming frame 4633/5069
  ██████████████████░░░░░░░  75%  Streaming frame 4634/5069
  ██████████████████░░░░░░░  75%  Streaming frame 4635/5069
  ██████████████████░░░░░░░  75%  Streaming frame 4636/5069
  ██████████████████░░░░░░░  75%  Streaming frame 4637/5069
  ██████████████████░░░░░░░  75%  Streaming frame 4638/5069
  ██████████████████░░░░░░░  75%  Streaming frame 4639/5069
  ██████████████████░░░░░░░  75%  Streaming frame 4640/5069
  ██████████████████░░░░░░░  75%  Streaming frame 4641/5069
  ██████████████████░░░░░░░  75%  Streaming frame 4642/5069
  ██████████████████░░░░░░░  75%  Streaming frame 4643/5069
  ██████████████████░░░░░░░  75%  Streaming frame 4644/5069
  ██████████████████░░░░░░░  75%  Streaming frame 4645/5069
  ██████████████████░░░░░░░  75%  Streaming frame 4646/5069
  ██████████████████░░░░░░░  75%  Streaming frame 4647/5069
  ██████████████████░░░░░░░  75%  Streaming frame 4648/5069
  ██████████████████░░░░░░░  75%  Streaming frame 4649/5069
  ██████████████████░░░░░░░  75%  Streaming frame 4650/5069
  ██████████████████░░░░░░░  75%  Streaming frame 4651/5069
  ██████████████████░░░░░░░  75%  Streaming frame 4652/5069
  ██████████████████░░░░░░░  75%  Streaming frame 4653/5069
  ██████████████████░░░░░░░  75%  Streaming frame 4654/5069
  ███████████████████░░░░░░  76%  Streaming frame 4655/5069
  ███████████████████░░░░░░  76%  Streaming frame 4656/5069
  ███████████████████░░░░░░  76%  Streaming frame 4657/5069
  ███████████████████░░░░░░  76%  Streaming frame 4658/5069
  ███████████████████░░░░░░  76%  Streaming frame 4659/5069
  ███████████████████░░░░░░  76%  Streaming frame 4660/5069
  ███████████████████░░░░░░  76%  Streaming frame 4661/5069
  ███████████████████░░░░░░  76%  Streaming frame 4662/5069
  ███████████████████░░░░░░  76%  Streaming frame 4663/5069
  ███████████████████░░░░░░  76%  Streaming frame 4664/5069
  ███████████████████░░░░░░  76%  Streaming frame 4665/5069
  ███████████████████░░░░░░  76%  Streaming frame 4666/5069
  ███████████████████░░░░░░  76%  Streaming frame 4667/5069
  ███████████████████░░░░░░  76%  Streaming frame 4668/5069
  ███████████████████░░░░░░  76%  Streaming frame 4669/5069
  ███████████████████░░░░░░  76%  Streaming frame 4670/5069
  ███████████████████░░░░░░  76%  Streaming frame 4671/5069
  ███████████████████░░░░░░  76%  Streaming frame 4672/5069
  ███████████████████░░░░░░  76%  Streaming frame 4673/5069
  ███████████████████░░░░░░  76%  Streaming frame 4674/5069
  ███████████████████░░░░░░  76%  Streaming frame 4675/5069
  ███████████████████░░░░░░  76%  Streaming frame 4676/5069
  ███████████████████░░░░░░  76%  Streaming frame 4677/5069
  ███████████████████░░░░░░  76%  Streaming frame 4678/5069
  ███████████████████░░░░░░  76%  Streaming frame 4679/5069
  ███████████████████░░░░░░  76%  Streaming frame 4680/5069
  ███████████████████░░░░░░  76%  Streaming frame 4681/5069
  ███████████████████░░░░░░  76%  Streaming frame 4682/5069
  ███████████████████░░░░░░  76%  Streaming frame 4683/5069
  ███████████████████░░░░░░  76%  Streaming frame 4684/5069
  ███████████████████░░░░░░  76%  Streaming frame 4685/5069
  ███████████████████░░░░░░  76%  Streaming frame 4686/5069
  ███████████████████░░░░░░  76%  Streaming frame 4687/5069
  ███████████████████░░░░░░  76%  Streaming frame 4688/5069
  ███████████████████░░░░░░  76%  Streaming frame 4689/5069
  ███████████████████░░░░░░  76%  Streaming frame 4690/5069
  ███████████████████░░░░░░  76%  Streaming frame 4691/5069
  ███████████████████░░░░░░  76%  Streaming frame 4692/5069
  ███████████████████░░░░░░  76%  Streaming frame 4693/5069
  ███████████████████░░░░░░  76%  Streaming frame 4694/5069
  ███████████████████░░░░░░  76%  Streaming frame 4695/5069
  ███████████████████░░░░░░  76%  Streaming frame 4696/5069
  ███████████████████░░░░░░  76%  Streaming frame 4697/5069
  ███████████████████░░░░░░  76%  Streaming frame 4698/5069
  ███████████████████░░░░░░  76%  Streaming frame 4699/5069
  ███████████████████░░░░░░  76%  Streaming frame 4700/5069
  ███████████████████░░░░░░  76%  Streaming frame 4701/5069
  ███████████████████░░░░░░  76%  Streaming frame 4702/5069
  ███████████████████░░░░░░  76%  Streaming frame 4703/5069
  ███████████████████░░░░░░  76%  Streaming frame 4704/5069
  ███████████████████░░░░░░  76%  Streaming frame 4705/5069
  ███████████████████░░░░░░  76%  Streaming frame 4706/5069
  ███████████████████░░░░░░  76%  Streaming frame 4707/5069
  ███████████████████░░░░░░  76%  Streaming frame 4708/5069
  ███████████████████░░░░░░  76%  Streaming frame 4709/5069
  ███████████████████░░░░░░  76%  Streaming frame 4710/5069
  ███████████████████░░░░░░  76%  Streaming frame 4711/5069
  ███████████████████░░░░░░  76%  Streaming frame 4712/5069
  ███████████████████░░░░░░  76%  Streaming frame 4713/5069
  ███████████████████░░░░░░  76%  Streaming frame 4714/5069
  ███████████████████░░░░░░  76%  Streaming frame 4715/5069
  ███████████████████░░░░░░  76%  Streaming frame 4716/5069
  ███████████████████░░░░░░  76%  Streaming frame 4717/5069
  ███████████████████░░░░░░  76%  Streaming frame 4718/5069
  ███████████████████░░░░░░  76%  Streaming frame 4719/5069
  ███████████████████░░░░░░  76%  Streaming frame 4720/5069
  ███████████████████░░░░░░  76%  Streaming frame 4721/5069
  ███████████████████░░░░░░  76%  Streaming frame 4722/5069
  ███████████████████░░░░░░  76%  Streaming frame 4723/5069
  ███████████████████░░░░░░  76%  Streaming frame 4724/5069
  ███████████████████░░░░░░  76%  Streaming frame 4725/5069
  ███████████████████░░░░░░  76%  Streaming frame 4726/5069
  ███████████████████░░░░░░  76%  Streaming frame 4727/5069
  ███████████████████░░░░░░  76%  Streaming frame 4728/5069
  ███████████████████░░░░░░  76%  Streaming frame 4729/5069
  ███████████████████░░░░░░  76%  Streaming frame 4730/5069
  ███████████████████░░░░░░  76%  Streaming frame 4731/5069
  ███████████████████░░░░░░  76%  Streaming frame 4732/5069
  ███████████████████░░░░░░  76%  Streaming frame 4733/5069
  ███████████████████░░░░░░  76%  Streaming frame 4734/5069
  ███████████████████░░░░░░  76%  Streaming frame 4735/5069
  ███████████████████░░░░░░  76%  Streaming frame 4736/5069
  ███████████████████░░░░░░  76%  Streaming frame 4737/5069
  ███████████████████░░░░░░  76%  Streaming frame 4738/5069
  ███████████████████░░░░░░  76%  Streaming frame 4739/5069
  ███████████████████░░░░░░  76%  Streaming frame 4740/5069
  ███████████████████░░░░░░  76%  Streaming frame 4741/5069
  ███████████████████░░░░░░  76%  Streaming frame 4742/5069
  ███████████████████░░░░░░  76%  Streaming frame 4743/5069
  ███████████████████░░░░░░  76%  Streaming frame 4744/5069
  ███████████████████░░░░░░  76%  Streaming frame 4745/5069
  ███████████████████░░░░░░  76%  Streaming frame 4746/5069
  ███████████████████░░░░░░  77%  Streaming frame 4747/5069
  ███████████████████░░░░░░  77%  Streaming frame 4748/5069
  ███████████████████░░░░░░  77%  Streaming frame 4749/5069
  ███████████████████░░░░░░  77%  Streaming frame 4750/5069
  ███████████████████░░░░░░  77%  Streaming frame 4751/5069
  ███████████████████░░░░░░  77%  Streaming frame 4752/5069
  ███████████████████░░░░░░  77%  Streaming frame 4753/5069
  ███████████████████░░░░░░  77%  Streaming frame 4754/5069
  ███████████████████░░░░░░  77%  Streaming frame 4755/5069
  ███████████████████░░░░░░  77%  Streaming frame 4756/5069
  ███████████████████░░░░░░  77%  Streaming frame 4757/5069
  ███████████████████░░░░░░  77%  Streaming frame 4758/5069
  ███████████████████░░░░░░  77%  Streaming frame 4759/5069
  ███████████████████░░░░░░  77%  Streaming frame 4760/5069
  ███████████████████░░░░░░  77%  Streaming frame 4761/5069
  ███████████████████░░░░░░  77%  Streaming frame 4762/5069
  ███████████████████░░░░░░  77%  Streaming frame 4763/5069
  ███████████████████░░░░░░  77%  Streaming frame 4764/5069
  ███████████████████░░░░░░  77%  Streaming frame 4765/5069
  ███████████████████░░░░░░  77%  Streaming frame 4766/5069
  ███████████████████░░░░░░  77%  Streaming frame 4767/5069
  ███████████████████░░░░░░  77%  Streaming frame 4768/5069
  ███████████████████░░░░░░  77%  Streaming frame 4769/5069
  ███████████████████░░░░░░  77%  Streaming frame 4770/5069
  ███████████████████░░░░░░  77%  Streaming frame 4771/5069
  ███████████████████░░░░░░  77%  Streaming frame 4772/5069
  ███████████████████░░░░░░  77%  Streaming frame 4773/5069
  ███████████████████░░░░░░  77%  Streaming frame 4774/5069
  ███████████████████░░░░░░  77%  Streaming frame 4775/5069
  ███████████████████░░░░░░  77%  Streaming frame 4776/5069
  ███████████████████░░░░░░  77%  Streaming frame 4777/5069
  ███████████████████░░░░░░  77%  Streaming frame 4778/5069
  ███████████████████░░░░░░  77%  Streaming frame 4779/5069
  ███████████████████░░░░░░  77%  Streaming frame 4780/5069
  ███████████████████░░░░░░  77%  Streaming frame 4781/5069
  ███████████████████░░░░░░  77%  Streaming frame 4782/5069
  ███████████████████░░░░░░  77%  Streaming frame 4783/5069
  ███████████████████░░░░░░  77%  Streaming frame 4784/5069
  ███████████████████░░░░░░  77%  Streaming frame 4785/5069
  ███████████████████░░░░░░  77%  Streaming frame 4786/5069
  ███████████████████░░░░░░  77%  Streaming frame 4787/5069
  ███████████████████░░░░░░  77%  Streaming frame 4788/5069
  ███████████████████░░░░░░  77%  Streaming frame 4789/5069
  ███████████████████░░░░░░  77%  Streaming frame 4790/5069
  ███████████████████░░░░░░  77%  Streaming frame 4791/5069
  ███████████████████░░░░░░  77%  Streaming frame 4792/5069
  ███████████████████░░░░░░  77%  Streaming frame 4793/5069
  ███████████████████░░░░░░  77%  Streaming frame 4794/5069
  ███████████████████░░░░░░  77%  Streaming frame 4795/5069
  ███████████████████░░░░░░  77%  Streaming frame 4796/5069
  ███████████████████░░░░░░  77%  Streaming frame 4797/5069
  ███████████████████░░░░░░  77%  Streaming frame 4798/5069
  ███████████████████░░░░░░  77%  Streaming frame 4799/5069
  ███████████████████░░░░░░  77%  Streaming frame 4800/5069
  ███████████████████░░░░░░  77%  Streaming frame 4801/5069
  ███████████████████░░░░░░  77%  Streaming frame 4802/5069
  ███████████████████░░░░░░  77%  Streaming frame 4803/5069
  ███████████████████░░░░░░  77%  Streaming frame 4804/5069
  ███████████████████░░░░░░  77%  Streaming frame 4805/5069
  ███████████████████░░░░░░  77%  Streaming frame 4806/5069
  ███████████████████░░░░░░  77%  Streaming frame 4807/5069
  ███████████████████░░░░░░  77%  Streaming frame 4808/5069
  ███████████████████░░░░░░  77%  Streaming frame 4809/5069
  ███████████████████░░░░░░  77%  Streaming frame 4810/5069
  ███████████████████░░░░░░  77%  Streaming frame 4811/5069
  ███████████████████░░░░░░  77%  Streaming frame 4812/5069
  ███████████████████░░░░░░  77%  Streaming frame 4813/5069
  ███████████████████░░░░░░  77%  Streaming frame 4814/5069
  ███████████████████░░░░░░  77%  Streaming frame 4815/5069
  ███████████████████░░░░░░  77%  Streaming frame 4816/5069
  ███████████████████░░░░░░  77%  Streaming frame 4817/5069
  ███████████████████░░░░░░  77%  Streaming frame 4818/5069
  ███████████████████░░░░░░  77%  Streaming frame 4819/5069
  ███████████████████░░░░░░  77%  Streaming frame 4820/5069
  ███████████████████░░░░░░  77%  Streaming frame 4821/5069
  ███████████████████░░░░░░  77%  Streaming frame 4822/5069
  ███████████████████░░░░░░  77%  Streaming frame 4823/5069
  ███████████████████░░░░░░  77%  Streaming frame 4824/5069
  ███████████████████░░░░░░  77%  Streaming frame 4825/5069
  ███████████████████░░░░░░  77%  Streaming frame 4826/5069
  ███████████████████░░░░░░  77%  Streaming frame 4827/5069
  ███████████████████░░░░░░  77%  Streaming frame 4828/5069
  ███████████████████░░░░░░  77%  Streaming frame 4829/5069
  ███████████████████░░░░░░  77%  Streaming frame 4830/5069
  ███████████████████░░░░░░  77%  Streaming frame 4831/5069
  ███████████████████░░░░░░  77%  Streaming frame 4832/5069
  ███████████████████░░░░░░  77%  Streaming frame 4833/5069
  ███████████████████░░░░░░  77%  Streaming frame 4834/5069
  ███████████████████░░░░░░  77%  Streaming frame 4835/5069
  ███████████████████░░░░░░  77%  Streaming frame 4836/5069
  ███████████████████░░░░░░  77%  Streaming frame 4837/5069
  ███████████████████░░░░░░  77%  Streaming frame 4838/5069
  ███████████████████░░░░░░  78%  Streaming frame 4839/5069
  ███████████████████░░░░░░  78%  Streaming frame 4840/5069
  ███████████████████░░░░░░  78%  Streaming frame 4841/5069
  ███████████████████░░░░░░  78%  Streaming frame 4842/5069
  ███████████████████░░░░░░  78%  Streaming frame 4843/5069
  ███████████████████░░░░░░  78%  Streaming frame 4844/5069
  ███████████████████░░░░░░  78%  Streaming frame 4845/5069
  ███████████████████░░░░░░  78%  Streaming frame 4846/5069
  ███████████████████░░░░░░  78%  Streaming frame 4847/5069
  ███████████████████░░░░░░  78%  Streaming frame 4848/5069
  ███████████████████░░░░░░  78%  Streaming frame 4849/5069
  ███████████████████░░░░░░  78%  Streaming frame 4850/5069
  ███████████████████░░░░░░  78%  Streaming frame 4851/5069
  ███████████████████░░░░░░  78%  Streaming frame 4852/5069
  ███████████████████░░░░░░  78%  Streaming frame 4853/5069
  ███████████████████░░░░░░  78%  Streaming frame 4854/5069
  ███████████████████░░░░░░  78%  Streaming frame 4855/5069
  ███████████████████░░░░░░  78%  Streaming frame 4856/5069
  ███████████████████░░░░░░  78%  Streaming frame 4857/5069
  ███████████████████░░░░░░  78%  Streaming frame 4858/5069
  ███████████████████░░░░░░  78%  Streaming frame 4859/5069
  ███████████████████░░░░░░  78%  Streaming frame 4860/5069
  ███████████████████░░░░░░  78%  Streaming frame 4861/5069
  ███████████████████░░░░░░  78%  Streaming frame 4862/5069
  ███████████████████░░░░░░  78%  Streaming frame 4863/5069
  ███████████████████░░░░░░  78%  Streaming frame 4864/5069
  ███████████████████░░░░░░  78%  Streaming frame 4865/5069
  ███████████████████░░░░░░  78%  Streaming frame 4866/5069
  ███████████████████░░░░░░  78%  Streaming frame 4867/5069
  ███████████████████░░░░░░  78%  Streaming frame 4868/5069
  ███████████████████░░░░░░  78%  Streaming frame 4869/5069
  ███████████████████░░░░░░  78%  Streaming frame 4870/5069
  ███████████████████░░░░░░  78%  Streaming frame 4871/5069
  ███████████████████░░░░░░  78%  Streaming frame 4872/5069
  ███████████████████░░░░░░  78%  Streaming frame 4873/5069
  ███████████████████░░░░░░  78%  Streaming frame 4874/5069
  ███████████████████░░░░░░  78%  Streaming frame 4875/5069
  ███████████████████░░░░░░  78%  Streaming frame 4876/5069
  ███████████████████░░░░░░  78%  Streaming frame 4877/5069
  ███████████████████░░░░░░  78%  Streaming frame 4878/5069
  ███████████████████░░░░░░  78%  Streaming frame 4879/5069
  ███████████████████░░░░░░  78%  Streaming frame 4880/5069
  ███████████████████░░░░░░  78%  Streaming frame 4881/5069
  ███████████████████░░░░░░  78%  Streaming frame 4882/5069
  ███████████████████░░░░░░  78%  Streaming frame 4883/5069
  ███████████████████░░░░░░  78%  Streaming frame 4884/5069
  ███████████████████░░░░░░  78%  Streaming frame 4885/5069
  ███████████████████░░░░░░  78%  Streaming frame 4886/5069
  ███████████████████░░░░░░  78%  Streaming frame 4887/5069
  ███████████████████░░░░░░  78%  Streaming frame 4888/5069
  ███████████████████░░░░░░  78%  Streaming frame 4889/5069
  ███████████████████░░░░░░  78%  Streaming frame 4890/5069
  ███████████████████░░░░░░  78%  Streaming frame 4891/5069
  ███████████████████░░░░░░  78%  Streaming frame 4892/5069
  ███████████████████░░░░░░  78%  Streaming frame 4893/5069
  ███████████████████░░░░░░  78%  Streaming frame 4894/5069
  ███████████████████░░░░░░  78%  Streaming frame 4895/5069
  ███████████████████░░░░░░  78%  Streaming frame 4896/5069
  ███████████████████░░░░░░  78%  Streaming frame 4897/5069
  ███████████████████░░░░░░  78%  Streaming frame 4898/5069
  ███████████████████░░░░░░  78%  Streaming frame 4899/5069
  ███████████████████░░░░░░  78%  Streaming frame 4900/5069
  ███████████████████░░░░░░  78%  Streaming frame 4901/5069
  ███████████████████░░░░░░  78%  Streaming frame 4902/5069
  ███████████████████░░░░░░  78%  Streaming frame 4903/5069
  ███████████████████░░░░░░  78%  Streaming frame 4904/5069
  ███████████████████░░░░░░  78%  Streaming frame 4905/5069
  ███████████████████░░░░░░  78%  Streaming frame 4906/5069
  ███████████████████░░░░░░  78%  Streaming frame 4907/5069
  ███████████████████░░░░░░  78%  Streaming frame 4908/5069
  ███████████████████░░░░░░  78%  Streaming frame 4909/5069
  ███████████████████░░░░░░  78%  Streaming frame 4910/5069
  ███████████████████░░░░░░  78%  Streaming frame 4911/5069
  ███████████████████░░░░░░  78%  Streaming frame 4912/5069
  ███████████████████░░░░░░  78%  Streaming frame 4913/5069
  ███████████████████░░░░░░  78%  Streaming frame 4914/5069
  ███████████████████░░░░░░  78%  Streaming frame 4915/5069
  ███████████████████░░░░░░  78%  Streaming frame 4916/5069
  ███████████████████░░░░░░  78%  Streaming frame 4917/5069
  ███████████████████░░░░░░  78%  Streaming frame 4918/5069
  ███████████████████░░░░░░  78%  Streaming frame 4919/5069
  ███████████████████░░░░░░  78%  Streaming frame 4920/5069
  ███████████████████░░░░░░  78%  Streaming frame 4921/5069
  ███████████████████░░░░░░  78%  Streaming frame 4922/5069
  ███████████████████░░░░░░  78%  Streaming frame 4923/5069
  ███████████████████░░░░░░  78%  Streaming frame 4924/5069
  ███████████████████░░░░░░  78%  Streaming frame 4925/5069
  ███████████████████░░░░░░  78%  Streaming frame 4926/5069
  ███████████████████░░░░░░  78%  Streaming frame 4927/5069
  ███████████████████░░░░░░  78%  Streaming frame 4928/5069
  ███████████████████░░░░░░  78%  Streaming frame 4929/5069
  ███████████████████░░░░░░  78%  Streaming frame 4930/5069
  ███████████████████░░░░░░  79%  Streaming frame 4931/5069
  ███████████████████░░░░░░  79%  Streaming frame 4932/5069
  ███████████████████░░░░░░  79%  Streaming frame 4933/5069
  ███████████████████░░░░░░  79%  Streaming frame 4934/5069
  ███████████████████░░░░░░  79%  Streaming frame 4935/5069
  ███████████████████░░░░░░  79%  Streaming frame 4936/5069
  ███████████████████░░░░░░  79%  Streaming frame 4937/5069
  ███████████████████░░░░░░  79%  Streaming frame 4938/5069
  ███████████████████░░░░░░  79%  Streaming frame 4939/5069
  ███████████████████░░░░░░  79%  Streaming frame 4940/5069
  ███████████████████░░░░░░  79%  Streaming frame 4941/5069
  ███████████████████░░░░░░  79%  Streaming frame 4942/5069
  ███████████████████░░░░░░  79%  Streaming frame 4943/5069
  ███████████████████░░░░░░  79%  Streaming frame 4944/5069
  ███████████████████░░░░░░  79%  Streaming frame 4945/5069
  ███████████████████░░░░░░  79%  Streaming frame 4946/5069
  ███████████████████░░░░░░  79%  Streaming frame 4947/5069
  ███████████████████░░░░░░  79%  Streaming frame 4948/5069
  ███████████████████░░░░░░  79%  Streaming frame 4949/5069
  ███████████████████░░░░░░  79%  Streaming frame 4950/5069
  ███████████████████░░░░░░  79%  Streaming frame 4951/5069
  ███████████████████░░░░░░  79%  Streaming frame 4952/5069
  ███████████████████░░░░░░  79%  Streaming frame 4953/5069
  ███████████████████░░░░░░  79%  Streaming frame 4954/5069
  ███████████████████░░░░░░  79%  Streaming frame 4955/5069
  ███████████████████░░░░░░  79%  Streaming frame 4956/5069
  ███████████████████░░░░░░  79%  Streaming frame 4957/5069
  ███████████████████░░░░░░  79%  Streaming frame 4958/5069
  ███████████████████░░░░░░  79%  Streaming frame 4959/5069
  ███████████████████░░░░░░  79%  Streaming frame 4960/5069
  ███████████████████░░░░░░  79%  Streaming frame 4961/5069
  ███████████████████░░░░░░  79%  Streaming frame 4962/5069
  ███████████████████░░░░░░  79%  Streaming frame 4963/5069
  ███████████████████░░░░░░  79%  Streaming frame 4964/5069
  ███████████████████░░░░░░  79%  Streaming frame 4965/5069
  ███████████████████░░░░░░  79%  Streaming frame 4966/5069
  ███████████████████░░░░░░  79%  Streaming frame 4967/5069
  ███████████████████░░░░░░  79%  Streaming frame 4968/5069
  ███████████████████░░░░░░  79%  Streaming frame 4969/5069
  ███████████████████░░░░░░  79%  Streaming frame 4970/5069
  ███████████████████░░░░░░  79%  Streaming frame 4971/5069
  ███████████████████░░░░░░  79%  Streaming frame 4972/5069
  ███████████████████░░░░░░  79%  Streaming frame 4973/5069
  ███████████████████░░░░░░  79%  Streaming frame 4974/5069
  ███████████████████░░░░░░  79%  Streaming frame 4975/5069
  ███████████████████░░░░░░  79%  Streaming frame 4976/5069
  ███████████████████░░░░░░  79%  Streaming frame 4977/5069
  ███████████████████░░░░░░  79%  Streaming frame 4978/5069
  ███████████████████░░░░░░  79%  Streaming frame 4979/5069
  ███████████████████░░░░░░  79%  Streaming frame 4980/5069
  ███████████████████░░░░░░  79%  Streaming frame 4981/5069
  ███████████████████░░░░░░  79%  Streaming frame 4982/5069
  ███████████████████░░░░░░  79%  Streaming frame 4983/5069
  ███████████████████░░░░░░  79%  Streaming frame 4984/5069
  ███████████████████░░░░░░  79%  Streaming frame 4985/5069
  ███████████████████░░░░░░  79%  Streaming frame 4986/5069
  ███████████████████░░░░░░  79%  Streaming frame 4987/5069
  ███████████████████░░░░░░  79%  Streaming frame 4988/5069
  ███████████████████░░░░░░  79%  Streaming frame 4989/5069
  ███████████████████░░░░░░  79%  Streaming frame 4990/5069
  ███████████████████░░░░░░  79%  Streaming frame 4991/5069
  ███████████████████░░░░░░  79%  Streaming frame 4992/5069
  ███████████████████░░░░░░  79%  Streaming frame 4993/5069
  ███████████████████░░░░░░  79%  Streaming frame 4994/5069
  ███████████████████░░░░░░  79%  Streaming frame 4995/5069
  ███████████████████░░░░░░  79%  Streaming frame 4996/5069
  ███████████████████░░░░░░  79%  Streaming frame 4997/5069
  ███████████████████░░░░░░  79%  Streaming frame 4998/5069
  ███████████████████░░░░░░  79%  Streaming frame 4999/5069
  ███████████████████░░░░░░  79%  Streaming frame 5000/5069
  ███████████████████░░░░░░  79%  Streaming frame 5001/5069
  ███████████████████░░░░░░  79%  Streaming frame 5002/5069
  ███████████████████░░░░░░  79%  Streaming frame 5003/5069
  ███████████████████░░░░░░  79%  Streaming frame 5004/5069
  ███████████████████░░░░░░  79%  Streaming frame 5005/5069
  ███████████████████░░░░░░  79%  Streaming frame 5006/5069
  ███████████████████░░░░░░  79%  Streaming frame 5007/5069
  ███████████████████░░░░░░  79%  Streaming frame 5008/5069
  ███████████████████░░░░░░  79%  Streaming frame 5009/5069
  ███████████████████░░░░░░  79%  Streaming frame 5010/5069
  ███████████████████░░░░░░  79%  Streaming frame 5011/5069
  ███████████████████░░░░░░  79%  Streaming frame 5012/5069
  ███████████████████░░░░░░  79%  Streaming frame 5013/5069
  ███████████████████░░░░░░  79%  Streaming frame 5014/5069
  ███████████████████░░░░░░  79%  Streaming frame 5015/5069
  ███████████████████░░░░░░  79%  Streaming frame 5016/5069
  ███████████████████░░░░░░  79%  Streaming frame 5017/5069
  ███████████████████░░░░░░  79%  Streaming frame 5018/5069
  ███████████████████░░░░░░  79%  Streaming frame 5019/5069
  ███████████████████░░░░░░  79%  Streaming frame 5020/5069
  ███████████████████░░░░░░  79%  Streaming frame 5021/5069
  ███████████████████░░░░░░  79%  Streaming frame 5022/5069
  ████████████████████░░░░░  80%  Streaming frame 5023/5069
  ████████████████████░░░░░  80%  Streaming frame 5024/5069
  ████████████████████░░░░░  80%  Streaming frame 5025/5069
  ████████████████████░░░░░  80%  Streaming frame 5026/5069
  ████████████████████░░░░░  80%  Streaming frame 5027/5069
  ████████████████████░░░░░  80%  Streaming frame 5028/5069
  ████████████████████░░░░░  80%  Streaming frame 5029/5069
  ████████████████████░░░░░  80%  Streaming frame 5030/5069
  ████████████████████░░░░░  80%  Streaming frame 5031/5069
  ████████████████████░░░░░  80%  Streaming frame 5032/5069
  ████████████████████░░░░░  80%  Streaming frame 5033/5069
  ████████████████████░░░░░  80%  Streaming frame 5034/5069
  ████████████████████░░░░░  80%  Streaming frame 5035/5069
  ████████████████████░░░░░  80%  Streaming frame 5036/5069
  ████████████████████░░░░░  80%  Streaming frame 5037/5069
  ████████████████████░░░░░  80%  Streaming frame 5038/5069
  ████████████████████░░░░░  80%  Streaming frame 5039/5069
  ████████████████████░░░░░  80%  Streaming frame 5040/5069
  ████████████████████░░░░░  80%  Streaming frame 5041/5069
  ████████████████████░░░░░  80%  Streaming frame 5042/5069
  ████████████████████░░░░░  80%  Streaming frame 5043/5069
  ████████████████████░░░░░  80%  Streaming frame 5044/5069
  ████████████████████░░░░░  80%  Streaming frame 5045/5069
  ████████████████████░░░░░  80%  Streaming frame 5046/5069
  ████████████████████░░░░░  80%  Streaming frame 5047/5069
  ████████████████████░░░░░  80%  Streaming frame 5048/5069
  ████████████████████░░░░░  80%  Streaming frame 5049/5069
  ████████████████████░░░░░  80%  Streaming frame 5050/5069
  ████████████████████░░░░░  80%  Streaming frame 5051/5069
  ████████████████████░░░░░  80%  Streaming frame 5052/5069
  ████████████████████░░░░░  80%  Streaming frame 5053/5069
  ████████████████████░░░░░  80%  Streaming frame 5054/5069
  ████████████████████░░░░░  80%  Streaming frame 5055/5069
  ████████████████████░░░░░  80%  Streaming frame 5056/5069
  ████████████████████░░░░░  80%  Streaming frame 5057/5069
  ████████████████████░░░░░  80%  Streaming frame 5058/5069
  ████████████████████░░░░░  80%  Streaming frame 5059/5069
  ████████████████████░░░░░  80%  Streaming frame 5060/5069
  ████████████████████░░░░░  80%  Streaming frame 5061/5069
  ████████████████████░░░░░  80%  Streaming frame 5062/5069
  ████████████████████░░░░░  80%  Streaming frame 5063/5069
  ████████████████████░░░░░  80%  Streaming frame 5064/5069
  ████████████████████░░░░░  80%  Streaming frame 5065/5069
  ████████████████████░░░░░  80%  Streaming frame 5066/5069
  ████████████████████░░░░░  80%  Streaming frame 5067/5069
  ████████████████████░░░░░  80%  Streaming frame 5068/5069
  ████████████████████░░░░░  80%  Streaming frame 5069/5069
[INFO] [Render:trace] {"renderJobId":"0dd5b22e-1fca-4ee4-abf5-1b164b0ec6f4","phase":"capture_streaming","status":"end","elapsedMs":203358,"durationMs":201881,"stagePhase":"capturing","workerCount":1,"forceScreenshot":false,"totalFrames":5069,"framesCompleted":5069,"captureMode":"drawelement","captureOperation":"encode"}
[INFO] [Render:trace] {"renderJobId":"0dd5b22e-1fca-4ee4-abf5-1b164b0ec6f4","phase":"assemble","status":"start","elapsedMs":203361,"stagePhase":"capturing","hasAudio":false,"workerCount":1,"forceScreenshot":false,"totalFrames":5069,"framesCompleted":5069,"captureMode":"drawelement","captureOperation":"encode"}
  ██████████████████████░░░  90%  Assembling final video
[INFO] [Render:trace] {"renderJobId":"0dd5b22e-1fca-4ee4-abf5-1b164b0ec6f4","phase":"assemble","status":"end","elapsedMs":203405,"durationMs":44,"stagePhase":"capturing","hasAudio":false,"workerCount":1,"forceScreenshot":false,"totalFrames":5069,"framesCompleted":5069,"captureMode":"drawelement","captureOperation":"encode"}
[INFO] [Render:trace] {"renderJobId":"0dd5b22e-1fca-4ee4-abf5-1b164b0ec6f4","phase":"pipeline","status":"checkpoint","elapsedMs":203410,"message":"artifact validated","totalElapsedMs":203409}
  █████████████████████████  100%  Render complete

◇  /Users/neo/Developer/Projects/DeckSmith/experiments/010-burn-in/raw.mp4
   6.2 MB · 2m 49.0s video · rendered in 3m 23.4s
