t,chrome_procs,chrome_rss_mb,node_rss_mb,free_mb,swap_used_mb
0,25,953,45,59,39121.50
5,30,1233,45,318,39372.62
10,30,1202,36,67,39905.81
15,30,1191,40,424,39718.69
21,30,1145,38,310,39489.44
26,30,1103,36,200,39567.88
31,35,1347,37,91,39912.62
36,30,1161,36,410,39733.81
41,30,1144,34,77,39349.06
46,30,1129,409,92,39649.31
51,30,1142,36,96,39428.19
56,30,1170,36,188,39211.00
61,30,1216,38,71,39491.06
66,30,1263,37,66,39666.19
72,30,1265,39,333,39700.75
77,30,1178,40,58,39509.25
82,30,1194,39,375,39638.81
87,30,1210,39,76,39581.38
92,30,1192,38,86,39261.50
97,30,1180,36,77,39136.38
102,30,1184,36,101,38988.81
107,30,1161,40,122,39733.44
112,39,2072,36,63,39650.25
117,30,1088,37,131,39758.19
122,39,2208,39,106,39895.12
127,30,1172,40,100,39496.12
133,30,1182,95,58,39298.81
138,39,2001,38,49,39586.12
143,38,2007,39,145,39754.38
148,39,2074,40,249,40192.50
153,39,2104,39,77,40021.69
158,30,1151,41,70,39512.69
163,30,1157,96,65,39391.19
168,30,1191,43,118,39622.19
173,30,1174,46,83,39561.69
178,30,1141,40,198,39448.94
183,30,1222,41,85,39533.75
189,30,1083,38,80,39089.88
194,30,1158,42,43,39378.31
199,30,1096,39,96,39492.31
204,30,1080,43,267,39823.25
209,30,1012,43,249,39753.31
214,30,1152,39,310,39644.81
219,30,1090,41,74,39507.31
225,30,1025,42,266,39701.69
230,30,1132,42,85,39711.69
235,30,1133,40,260,39505.44
240,30,1111,40,78,40210.25
245,30,1097,42,153,39701.50
250,30,1165,42,391,39868.88
255,30,1218,44,251,40020.94
260,30,1146,43,101,39921.56
265,30,1128,40,293,39725.31
270,30,1049,39,62,39217.00
275,30,1108,42,79,40095.06
281,30,986,48,71,39658.06
286,30,1093,44,73,39681.69
291,30,1077,40,73,39843.94
296,30,1060,39,57,39908.75
301,25,675,37,123,39939.00
306,25,625,38,124,39818.88
311,25,742,37,67,40083.25
316,25,726,42,87,40027.12
321,25,640,39,76,39772.06
327,25,683,38,57,39727.62
332,25,618,36,60,39875.62
337,25,727,41,108,40024.00
342,25,733,41,130,39560.56
347,25,779,43,87,39830.56
352,25,779,43,60,39747.38
358,25,753,43,79,39596.88
363,25,795,41,71,39573.56
368,25,759,42,57,39639.62
373,25,752,36,80,39025.50
378,25,765,38,126,39521.00
383,25,773,36,68,39395.38
388,25,787,36,63,39587.62
393,25,742,36,174,39567.56
398,25,798,36,78,39434.69
403,25,713,36,88,39223.81
408,25,764,38,64,39518.75
414,25,720,36,145,39332.25
419,25,778,36,60,39415.94
424,25,797,35,68,39282.94
429,25,837,36,235,39588.25
434,25,830,36,70,39477.56
439,30,1240,37,69,39980.50
444,30,1262,33,62,39958.62
449,30,1094,32,78,40201.06
454,30,1076,32,94,40292.12
459,30,1267,33,86,40606.56
464,30,1243,35,71,40513.69
469,25,720,41,520,40173.19
474,25,764,37,91,39507.88
479,25,803,38,76,39532.69
485,25,787,37,141,39577.06
490,25,744,36,122,39483.56
495,25,780,37,265,39627.12
500,25,779,41,344,39894.25
505,25,756,37,83,39643.69
510,25,795,37,62,39458.94
515,25,882,37,63,39420.31
520,25,862,37,85,39396.38
525,25,809,35,55,39232.81
530,25,742,38,102,39809.00
535,25,771,36,64,39907.88
540,25,798,33,95,40014.00
545,25,803,34,87,39672.81
551,25,771,32,99,39775.50
556,25,793,36,166,39743.31
561,25,778,36,194,39664.69
566,25,799,34,78,39634.19
571,25,833,34,233,39943.94
576,25,861,37,74,40113.12
581,25,841,37,307,40189.69
586,25,832,39,58,40124.12
591,25,832,39,238,40222.56
596,25,853,39,61,40140.00
601,25,816,38,105,39890.38
606,25,848,36,147,39671.12
612,25,750,35,65,39737.50
617,25,741,40,172,39998.38
622,25,773,143,214,40146.56
627,25,791,36,162,39933.00
632,25,781,36,74,39782.31
637,25,733,33,75,39552.38
642,25,776,35,70,39394.88
647,25,811,38,61,39623.38
652,25,798,36,198,39692.69
657,25,817,36,58,39765.00
663,25,829,38,61,39523.06
668,25,792,33,60,39337.50
673,25,823,34,145,39174.44
678,25,755,36,97,39421.38
683,25,845,35,63,39666.88
688,25,783,96,66,39731.75
693,25,700,44,164,39417.75
698,25,814,46,66,39640.81
703,25,780,98,71,39416.81
708,25,800,100,119,39803.44
713,25,801,103,134,39777.31
718,25,806,103,108,39915.31
723,25,853,101,64,39909.12
729,25,864,97,66,39934.19
734,25,855,53,94,39909.38
739,25,775,52,319,39949.88
744,25,807,52,494,40074.06
749,25,712,50,93,39708.00
754,25,798,50,79,39638.62
759,25,788,48,76,40126.25
764,25,779,48,123,39895.38
769,25,801,52,334,40128.12
774,25,797,50,187,40222.75
779,25,801,50,77,40150.69
784,25,840,48,66,40014.69
790,25,883,48,63,40058.62
795,25,885,49,69,40013.94
800,25,812,101,88,40083.25
805,25,668,45,243,40018.00
810,25,783,99,89,40113.94
815,25,787,96,63,40078.00
820,25,683,47,57,40000.00
825,25,673,48,58,40012.50
830,25,778,49,96,39943.75
835,25,814,48,186,40163.50
840,25,794,48,280,39983.62
845,25,828,48,240,39996.19
851,25,853,97,143,40305.25
856,25,807,100,350,40184.69
861,25,679,44,62,39866.25
866,25,803,45,63,39922.56
871,25,748,44,58,39915.19
876,25,769,45,411,40266.75
881,25,801,45,178,40132.94
886,25,800,43,328,39982.19
891,25,792,47,61,40208.62
896,25,796,43,65,39744.88
901,25,844,45,107,39989.69
906,25,801,43,59,39930.81
912,25,852,90,126,40162.44
917,25,820,89,61,39912.50
922,25,772,48,69,40067.75
927,25,759,97,86,39863.06
932,25,799,97,65,40071.88
937,25,718,45,54,40173.25
942,25,819,47,56,40186.19
947,25,821,50,69,40238.75
952,30,1047,46,291,40692.38
957,25,660,41,60,40237.88
962,25,757,44,267,40118.81
967,25,797,42,66,40271.56
973,25,742,46,61,39894.81
978,25,800,48,92,39966.25
983,25,812,48,93,40086.19
988,25,753,46,63,39780.56
993,25,742,44,124,39550.00
998,25,760,44,62,39740.88
1003,26,768,82,60,40416.19
1008,26,779,53,448,40952.19
1013,25,765,47,66,40252.12
1018,25,667,43,67,40075.12
1023,25,775,43,288,40243.88
1029,25,751,43,64,40041.88
1034,25,760,46,345,40228.69
1039,25,774,96,117,40175.56
1044,25,782,96,392,40282.06
1049,25,786,47,78,40236.62
1054,25,770,45,65,39940.56
1059,25,738,45,65,40149.81
1064,25,768,45,203,39917.81
1069,25,716,48,65,40047.75
1074,25,746,53,59,40408.94
1079,25,776,50,109,40411.62
1085,25,779,45,247,40212.12
1090,30,1172,39,70,40609.31
1095,25,814,45,74,40075.00
1100,25,743,42,108,39963.81
1105,25,741,43,361,40305.75
1110,25,782,45,75,40378.31
1115,25,788,43,73,40461.00
1120,25,793,41,64,40366.19
1125,25,780,41,192,40409.88
1130,25,779,45,357,40582.62
1135,25,786,45,258,40494.12
1140,25,775,45,61,39882.25
1145,25,791,43,116,40184.50
1151,25,849,43,63,40248.19
1156,25,828,43,73,40028.06
1161,25,651,126,87,40159.38
1166,25,760,124,79,39855.94
1171,25,732,45,85,39949.19
1176,25,764,232,109,40548.25
1181,25,736,49,83,40357.56
1186,25,790,48,579,40670.88
1191,25,779,48,96,40245.81
1196,34,1733,430,82,40698.31
1201,30,842,46,56,39860.94
1207,34,1697,45,52,41167.50
1212,25,733,49,803,40953.75
1217,25,792,50,65,39939.25
1222,25,795,51,64,39476.00
1227,25,761,48,69,39645.38
1232,25,688,48,77,39760.75
1237,25,752,50,76,39298.06
1242,25,793,50,118,39494.38
1247,25,726,50,399,39474.88
1253,25,670,51,397,39316.19
1258,25,758,49,62,39174.50
1263,25,782,50,84,39247.88
1268,25,773,45,83,39033.50
1273,25,772,43,76,38960.94
1278,25,764,45,55,39294.88
1283,25,768,48,66,39644.94
1288,25,738,50,64,39307.81
1293,25,772,51,109,39361.38
1298,25,764,68,73,39243.62
1303,25,775,68,145,38861.25
1308,25,726,46,223,38790.19
1314,25,735,46,197,38617.12
1319,25,786,45,56,39086.94
1324,25,798,45,64,38956.94
1329,25,756,45,78,38913.25
1334,25,751,48,52,38866.00
1339,25,749,49,134,39077.62
1344,30,1125,42,63,39523.75
1349,25,684,43,102,39107.50
1354,25,778,44,66,39386.19
1359,25,700,44,324,39314.50
1365,30,1049,41,64,39372.69
1370,25,747,46,394,39483.38
1375,25,770,46,190,39132.00
1380,25,679,44,148,38887.75
1385,25,749,44,423,38759.12
1390,25,786,44,452,39092.94
1395,30,1125,42,55,39203.62
1400,25,719,43,79,38870.25
1405,25,752,67,65,38806.75
1410,25,730,64,76,38649.44
1415,30,1157,40,167,39209.88
1420,30,1075,37,72,39409.31
1425,30,1181,40,117,39750.12
1430,30,1147,39,62,39762.31
1436,30,1272,40,79,39573.69
1441,30,1234,40,68,39600.38
1446,25,738,37,388,39675.50
1451,25,695,32,64,38793.75
1456,25,751,35,99,38691.81
1461,25,766,37,89,38799.50
1466,25,757,37,78,38793.19
1471,25,672,35,71,38815.69
1476,25,753,35,64,38593.81
1481,25,777,35,68,38726.94
1486,25,806,35,110,38937.88
1491,25,793,37,55,38849.31
1496,25,791,37,68,39084.38
1501,25,773,35,66,39125.75
1507,25,793,38,75,39103.94
1512,25,736,37,67,39014.94
1517,25,729,38,107,38645.75
1522,25,712,35,65,38826.06
1527,25,756,37,90,38723.19
1532,25,766,37,107,38786.88
1537,25,749,35,70,38683.50
1542,25,737,35,104,38543.94
1547,25,751,37,84,38622.25
1552,25,671,35,63,39680.75
1557,25,735,35,68,39642.62
1562,25,791,35,84,39610.12
1568,25,745,37,65,39505.44
1573,25,775,39,63,39583.00
1578,25,767,37,70,39559.12
1583,25,762,36,62,39557.94
1588,25,690,37,63,39338.69
1593,25,727,105,51,39197.19
1598,25,732,61,62,39412.00
1603,25,629,71,67,39228.38
1609,25,626,67,59,39263.12
1614,25,609,58,62,39320.44
1619,25,699,59,142,39249.75
1624,25,707,61,72,39045.12
1629,25,742,61,58,39199.31
1634,30,1212,67,92,40040.12
1639,25,618,67,110,39558.56
1644,30,1033,61,66,39753.81
1649,25,733,58,101,39749.50
1654,34,1730,42,47,40112.69
1659,25,639,45,338,39836.44
1665,34,1781,40,91,39756.06
1670,30,1224,41,67,39759.88
1675,25,392,19,175,39892.56
1680,25,409,25,71,40175.50
1685,25,614,31,94,39587.75
1690,25,595,29,71,39512.00
1695,25,532,28,63,39911.62
1700,25,488,33,105,40055.25
1705,25,586,29,189,40565.81
1710,25,582,29,68,40434.94
1715,25,603,30,67,39895.50
1720,25,592,29,67,39769.12
1725,25,634,30,66,39957.94
1730,25,555,33,62,40319.75
1735,25,455,28,69,40270.69
1741,25,615,32,67,40400.44
1746,25,613,33,69,40568.19
1751,25,546,41,70,40402.38
1756,25,578,42,73,40392.25
1761,25,567,35,57,40319.69
1766,25,577,36,76,39723.94
1771,25,609,36,89,39706.69
1776,25,558,36,304,39952.94
1781,25,601,34,59,39925.75
1786,25,539,37,198,40123.38
1791,25,468,33,54,40325.50
1796,30,1026,34,75,40565.75
1801,25,619,33,65,40263.69
1807,25,457,28,229,40280.69
1812,33,1151,27,64,40524.19
1817,33,1180,26,46,40607.00
1822,33,1251,29,70,41107.31
1827,33,1270,122,87,40673.06
1832,33,1400,29,110,40361.38
1837,33,1373,27,74,40454.81
1842,33,1324,32,81,40140.94
1847,33,1364,30,77,40141.62
1852,33,1210,30,69,40084.62
1857,33,1255,30,75,40388.69
1862,33,1231,30,91,40610.62
1868,33,1282,30,72,40726.25
1873,33,1379,32,62,40613.88
1878,33,1280,30,91,40723.81
1883,33,1174,29,71,40499.00
1888,33,1127,29,72,40412.88
1893,33,1133,29,85,40396.25
1898,25,589,31,380,40603.44
1904,25,588,32,55,40273.88
1909,25,566,30,67,40118.94
1914,25,596,33,65,39990.12
1919,25,486,32,435,39938.69
1924,25,605,31,55,39932.69
1929,25,558,31,445,40042.75
1934,25,602,36,62,39920.06
1939,25,535,32,68,39814.38
1944,25,599,33,64,39844.25
1949,25,542,30,82,39822.44
1954,25,566,31,103,39811.88
1959,25,494,30,59,39659.88
1965,25,605,31,216,39702.12
1970,25,599,33,70,39975.56
1975,25,570,32,155,40096.06
1980,25,554,32,83,40039.50
1985,25,659,34,85,40070.00
1990,25,626,33,69,40148.50
1995,25,597,32,72,39920.81
2000,25,647,34,69,39896.56
2005,25,657,35,65,39549.00
2010,25,609,35,14,39463.88
2015,25,645,33,85,39288.38
2020,25,615,32,59,39166.31
2025,25,649,31,72,39230.75
2030,25,588,31,107,39259.44
2035,25,634,33,67,39345.75
2041,25,668,33,60,39429.00
2046,25,670,30,87,39424.00
2051,25,576,31,92,39239.88
2056,25,656,29,85,39226.69
2061,25,624,30,58,39662.81
2066,25,613,33,72,39740.56
2071,25,610,31,65,39642.62
2076,25,624,31,260,39572.69
2081,25,652,31,78,39626.31
2086,25,656,31,61,39408.62
2091,25,538,31,62,39456.81
2096,25,615,28,65,39523.75
2102,25,571,27,71,40695.88
2107,25,601,28,77,39755.06
2112,25,621,26,114,39707.81
2117,25,655,28,89,39806.25
2122,25,568,30,72,39841.81
2127,25,617,30,62,39713.25
2132,25,597,28,63,39674.38
2137,25,627,26,70,39743.69
2142,25,553,27,188,39953.19
2147,25,645,29,98,40078.75
2152,25,590,32,182,40058.75
2157,25,605,32,106,39970.62
2162,25,637,30,55,39897.19
2167,25,675,28,66,39771.75
2172,25,654,27,127,39698.69
2177,25,656,28,65,39843.62
2183,25,523,26,110,39880.62
2188,25,623,29,60,39853.12
2193,25,642,25,243,40053.62
2198,25,644,27,61,39951.56
2203,25,649,27,73,39976.88
2208,25,646,27,104,40029.06
2213,25,640,29,180,39954.38
2218,25,576,30,211,40018.75
2223,25,644,29,191,40159.19
2228,25,660,30,66,39970.19
2233,25,515,30,57,39535.44
2238,25,636,29,345,39834.75
2243,25,627,31,195,39987.38
2249,25,602,30,87,40278.44
2254,25,614,29,75,39973.94
2259,25,648,30,164,39862.75
2264,25,676,29,113,39972.31
2269,25,596,29,246,39919.56
2274,25,644,31,263,39758.50
2279,25,612,28,69,39580.44
2284,25,661,30,76,39709.06
2289,25,621,26,83,39800.00
2294,25,647,32,78,39850.06
2300,25,651,32,71,39675.56
2305,25,590,28,75,39743.81
2310,25,670,28,61,39929.31
2315,25,640,27,110,39671.81
2320,25,607,26,63,39918.31
2325,25,571,27,63,39805.25
2330,30,1060,27,63,40528.06
2335,30,1136,29,77,40604.94
2340,25,671,28,69,39794.94
2346,25,648,26,80,39247.94
2351,25,514,27,62,39325.38
2356,25,647,27,83,39515.25
2361,25,730,27,89,39620.94
2366,25,603,28,59,39497.81
2371,25,620,27,71,39355.50
2376,25,642,27,325,39789.50
2381,25,612,27,65,39495.56
2386,25,646,27,105,39374.94
2391,25,685,27,70,39400.44
2396,25,692,29,65,39441.19
2401,33,1375,24,99,40426.06
2406,33,1456,27,69,40278.31
2412,33,1321,27,75,40231.56
2417,33,1348,32,73,40407.69
2422,33,1309,25,67,40300.81
2427,33,1424,28,72,40307.81
2432,33,1377,26,53,40538.25
2437,33,1314,29,78,40518.12
2442,33,1360,26,82,40560.31
2447,33,1415,27,74,40429.19
2452,33,1405,27,99,40375.44
2457,33,1320,29,105,40009.31
2462,33,1427,29,70,40208.56
2467,33,1364,25,88,40184.00
2472,33,1437,27,229,40476.62
2478,33,1438,27,54,40215.81
2483,33,1242,27,85,40098.25
2488,25,625,24,61,40399.06
2493,25,510,27,74,40197.94
2498,25,525,26,76,40111.81
2503,25,640,27,18,39743.31
2508,25,605,26,56,40060.81
2513,25,560,29,491,39825.56
2518,25,657,29,91,39720.50
2523,25,674,29,63,39466.06
2529,25,638,27,129,39211.06
2534,25,667,32,77,39112.06
2539,25,728,31,112,39362.62
2544,25,734,34,69,39605.94
2549,25,548,27,64,39652.69
2554,25,621,27,59,39456.12
2559,25,651,27,80,39464.62
2564,25,612,26,65,39463.06
2569,25,639,27,71,39505.06
2574,25,628,29,168,39540.44
2579,25,671,29,88,39749.25
2584,25,708,29,228,40002.00
2589,25,716,29,81,39841.44
2594,25,714,29,93,39849.00
2600,25,723,27,98,39983.50
2605,25,726,29,70,39802.31
2610,25,689,29,61,39788.75
2615,25,672,29,57,39838.44
2620,25,653,27,63,39680.25
2625,25,586,27,107,39358.19
2630,25,572,25,69,39413.81
2635,25,665,29,59,39627.75
2640,25,700,29,165,39693.69
2645,25,690,28,63,39580.38
2650,25,669,27,81,39419.69
2655,25,663,32,123,39527.44
2661,25,674,32,82,39620.88
2666,25,632,29,62,39479.44
2671,25,680,29,58,39571.38
2676,25,695,29,189,39701.00
2681,25,673,29,68,39393.44
2686,25,642,28,93,39036.62
2691,25,660,29,51,39395.94
2696,25,607,29,70,39584.44
2701,25,662,29,82,39479.81
2706,25,686,29,62,39480.12
2711,25,672,27,192,39803.88
2716,25,687,27,61,39739.88
2722,25,710,27,62,39818.12
2727,25,717,29,65,39888.56
2732,25,716,29,85,39967.50
2737,25,722,29,66,39932.50
2742,25,703,31,80,39938.00
2747,25,676,27,55,39784.12
2752,25,593,27,165,39758.81
2757,25,627,29,56,39495.94
2762,25,678,29,93,39472.38
2767,25,703,29,125,39580.50
2772,25,701,30,68,39340.12
2777,25,646,32,25,39265.38
2782,25,697,32,101,39640.94
2787,25,647,26,305,39716.69
2792,25,657,29,66,39503.19
2798,25,658,27,113,39454.38
2803,25,651,27,82,39398.12
2808,25,666,27,128,39288.12
2813,25,710,27,50,39457.75
2818,25,679,29,136,39679.19
2823,25,712,29,134,39734.31
2828,25,700,29,60,39567.88
2833,25,612,27,64,39151.44
2838,25,682,27,83,39278.00
2843,25,645,27,168,39705.44
2848,25,622,29,81,39566.19
2853,25,657,29,64,39488.38
2858,25,656,27,84,39531.12
2863,25,569,26,68,39154.38
2869,25,666,27,75,39397.94
2874,25,661,27,98,39421.00
2879,25,687,29,96,39510.81
2884,25,711,29,67,39327.19
2889,25,684,27,68,39316.19
2894,25,736,27,60,39356.75
2899,25,639,27,83,39489.25
2904,25,617,32,60,39470.56
2909,25,651,31,67,39508.25
2914,25,642,27,63,39340.12
2919,25,639,27,102,39178.94
2924,25,653,27,113,39320.06
2929,25,658,26,68,39363.00
2934,25,679,27,187,39447.69
2940,25,678,31,90,39295.06
2945,25,589,28,64,38921.25
2950,25,698,29,65,39172.56
2955,25,658,27,123,39262.69
2960,25,662,28,66,39316.81
2965,25,663,29,111,39267.25
2970,25,631,28,229,39505.69
2975,25,639,29,113,39258.75
2980,25,696,29,143,39470.06
2985,25,702,27,59,39178.25
2990,25,714,27,114,39349.44
2995,25,645,29,93,39266.94
3000,25,685,28,98,39207.94
3006,25,653,27,74,39208.06
3011,25,683,27,96,39423.81
3016,25,694,27,65,39316.88
3021,25,678,28,66,39373.50
3026,25,622,28,74,39401.94
3031,25,650,29,64,39285.62
3036,25,651,27,196,39684.19
3041,25,677,27,212,39902.50
3046,25,690,27,59,39838.44
3051,25,699,27,78,39814.75
3056,25,717,29,69,39867.31
3061,25,749,29,73,39995.69
3066,25,727,28,63,39780.44
3071,25,716,27,70,39685.62
3077,25,673,27,66,39418.75
3082,30,1063,26,65,40285.69
3087,25,609,30,457,40109.00
3092,25,703,30,67,40045.00
3097,27,698,24,348,40485.12
3102,33,1399,27,91,40652.06
3107,33,1491,27,110,40641.00
3112,33,1431,27,77,40615.25
3117,33,1449,29,82,40651.31
3122,33,1486,29,81,40595.50
3127,33,1470,27,55,40452.44
3132,33,1243,25,37,40083.06
3137,33,1211,133,108,40255.88
3143,33,1161,25,62,40135.00
3148,33,1223,28,87,40211.31
3153,33,1243,29,45,40320.06
3158,33,1173,25,77,41019.25
3163,33,1239,26,71,40381.38
3168,33,1242,25,60,40438.88
3173,33,1197,27,85,40208.56
3178,33,1216,29,79,40239.69
3183,25,525,27,62,40310.31
3188,25,646,27,78,40760.06
3193,25,681,27,58,40740.19
3199,25,689,27,815,40539.88
3204,25,625,26,122,40987.88
3209,25,613,26,477,40946.50
3214,25,544,27,697,40322.75
3219,25,654,27,191,39942.19
3224,25,555,29,320,41040.81
3229,25,669,29,168,40636.88
3234,25,554,29,56,41143.31
3240,25,613,31,217,40847.00
3245,25,660,28,64,40518.94
3250,25,630,26,59,40800.25
3255,25,640,27,61,40170.69
3260,25,669,27,84,40399.00
3265,25,669,27,64,40367.69
3270,25,659,29,160,40394.19
3275,25,662,29,205,40356.44
3280,25,638,27,207,40322.25
3285,25,601,24,56,40181.50
3290,25,550,27,74,40096.00
3296,25,626,25,47,39933.88
3301,25,630,29,58,40235.50
3306,25,657,27,71,40295.50
3311,25,613,27,66,40079.75
3316,25,668,32,72,40235.62
3321,25,609,28,87,40787.50
3326,25,623,30,174,40651.81
3331,25,536,28,342,40608.88
3336,25,642,29,97,40491.44
3341,25,636,29,286,40639.81
3346,25,590,27,69,40384.19
3351,25,625,29,94,40109.56
3357,25,518,29,68,40131.81
3362,25,606,31,100,40496.00
3367,25,666,27,62,40677.12
3372,25,687,27,60,40750.69
3377,25,670,27,67,40795.50
3382,25,665,27,73,40706.88
3387,25,654,31,182,40945.38
3392,25,639,31,60,41008.81
3397,25,657,28,172,40994.75
3402,25,616,29,206,40908.19
3408,25,688,29,64,40844.12
3413,25,667,29,80,40757.31
3418,25,649,31,66,40594.25
3423,25,570,26,64,40474.25
3428,25,629,27,58,40351.00
3433,25,637,25,203,40284.44
3438,25,589,27,67,40291.38
3443,25,593,27,182,40655.75
3448,25,616,31,100,40635.06
3453,25,597,29,240,40719.19
3458,25,642,29,53,40646.00
3464,25,651,29,284,40480.88
3469,25,652,26,63,40340.31
3474,25,617,27,174,40307.06
3479,25,559,28,61,40110.75
3484,25,670,27,196,40488.75
3489,25,643,27,218,40693.00
3494,25,567,32,62,40468.00
3499,25,644,29,108,40726.75
3504,25,617,28,173,40813.25
3509,25,702,31,81,40697.62
3515,25,703,29,68,40465.44
3520,25,642,29,61,40699.69
3525,25,645,29,67,40581.62
3530,25,648,29,73,40552.62
3535,25,558,26,67,40362.62
3540,25,676,31,71,40646.88
3545,25,653,28,60,40553.75
3550,25,612,28,212,40915.12
3555,25,592,29,67,40737.25
3560,25,565,33,154,40405.19
3565,30,1006,34,16,41101.44
3571,25,537,36,240,40673.19
3576,25,637,33,209,40709.69
3581,25,638,32,275,40931.69
3586,25,650,34,61,40768.00
3591,30,1067,29,52,41283.62
3596,30,1083,95,83,41475.62
3601,30,1085,44,76,41604.31
3606,30,985,44,81,41601.94
3611,30,1058,43,76,41623.94
3616,30,1063,44,199,41612.75
3621,25,624,42,1012,41647.31
3627,25,646,47,413,41479.31
3632,25,655,49,324,41383.31
3637,25,669,49,161,41351.31
3642,25,683,46,60,41279.31
3647,25,685,47,63,41139.56
3652,25,622,43,62,40899.56
3657,25,657,45,269,41077.38
3662,25,677,48,193,40997.38
3667,25,669,38,68,40813.38
3672,25,549,31,67,40586.00
3677,25,663,33,94,40581.94
3682,25,569,30,85,40535.50
3687,25,612,33,68,40626.88
3692,25,621,33,58,40639.81
3698,25,645,33,169,40821.00
3703,25,654,33,69,40753.62
3708,25,595,33,23,40353.00
3713,25,660,32,67,40736.31
3718,25,660,35,118,40555.44
3723,30,1016,32,61,41229.88
3728,25,671,32,240,41266.44
3733,25,676,37,66,41162.44
3738,25,690,37,60,41090.44
3743,26,646,32,262,41306.44
3748,33,1346,34,73,41686.12
3753,33,1323,34,94,41777.38
3758,33,1340,32,109,41722.19
3764,33,1401,33,51,41897.50
3769,33,1367,34,90,41998.44
3774,33,1268,34,242,41763.62
3779,33,1097,35,323,41795.75
3784,33,1237,34,212,42018.31
3789,33,1282,34,93,41684.25
3794,33,1164,31,67,41563.12
3799,33,1051,33,763,42097.25
3805,33,1116,33,51,41890.25
3810,33,1138,36,79,41714.81
3815,33,1080,31,141,41326.88
3820,33,1030,32,69,41458.75
3825,33,1214,31,98,41443.06
3830,25,587,34,50,41711.88
3836,25,555,33,155,41659.62
3841,25,663,33,5244,40493.94
3847,25,712,36,2706,32544.31
3852,25,733,36,1413,27856.38
3857,25,759,39,841,24587.75
3862,25,774,39,162,12737.31
3867,25,784,39,541,12619.00
3872,25,791,39,263,12540.81
3877,25,789,40,445,12475.19
3882,25,795,40,489,12419.62
3887,25,799,40,201,12386.44
3893,25,800,40,323,12313.31
3898,25,805,40,216,12254.88
3903,25,808,40,299,12237.19
3908,25,816,40,280,12205.19
3913,25,828,40,295,12189.19
3918,25,897,40,496,12117.19
3923,25,898,93,68,12037.19
3928,25,905,40,306,11989.12
3933,25,903,40,326,11957.12
3938,25,905,40,119,11853.12
3943,25,897,38,1137,10962.62
3948,25,900,43,689,10938.19
3954,25,902,43,474,10858.19
3959,25,903,43,527,10858.19
3964,25,907,45,395,10834.19
3969,25,903,45,450,10818.19
3974,25,614,34,54,10818.19
3979,25,665,35,207,10802.19
3984,25,687,35,67,10802.19
3989,25,540,37,64,10794.19
3995,30,1026,31,124,10778.19
4000,30,956,33,59,10770.19
4005,34,1548,33,348,10863.44
4010,25,627,34,456,10961.50
4015,34,1665,33,95,10905.50
4020,30,1115,33,236,10881.50
4025,25,662,37,413,10881.50
4030,25,684,37,271,10881.50
4036,25,679,35,388,10841.50
4041,30,1102,35,69,10833.50
4046,30,1146,33,351,10737.50
4051,30,924,35,113,10688.06
4056,30,1035,35,490,10694.50
4062,30,999,32,476,10686.50
4067,30,1085,35,64,10662.50
4072,30,1055,32,79,10659.44
4077,30,1132,34,61,10659.44
4082,30,1107,34,160,10651.44
4087,39,1863,29,62,10789.31
4092,39,1880,31,207,11121.56
4097,32,1125,38,65,11041.56
4103,39,1956,32,276,11025.56
4108,39,1982,35,115,11058.56
4113,30,1077,37,475,11034.56
4118,39,2080,30,84,11010.56
4123,35,1481,33,449,11010.56
4128,39,1866,32,69,11220.62
4133,39,2013,32,604,12354.00
4138,30,1079,35,214,12210.00
4144,30,928,32,371,12892.19
4149,30,1057,34,116,12804.19
4154,39,2195,32,64,12905.50
4159,39,1924,33,75,12953.00
4164,30,1121,34,597,12913.00
4169,36,1579,34,98,13202.00
4174,36,1697,34,55,13244.12
4180,30,1008,35,307,13313.06
4185,30,1056,34,152,13340.44
4190,30,1100,35,329,13300.44
4195,31,744,27,109,15157.44
4200,35,887,25,152,18610.06
4206,35,963,29,538,21955.56
4211,30,741,32,110,23238.62
4216,30,803,35,97,23195.12
4221,30,837,32,283,23090.94
4226,30,855,32,90,23253.81
4231,30,882,34,87,23163.56
4237,30,909,32,62,23059.56
4242,30,929,32,141,23287.38
4247,30,837,34,64,22953.44
4252,30,887,29,118,22951.06
4257,30,748,30,62,22514.56
4262,30,846,33,75,22828.62
4267,30,873,33,220,22621.38
4272,30,817,28,142,22690.00
4278,30,779,28,65,22551.31
4283,30,794,31,81,22705.44
4288,30,808,30,149,22686.12
4293,30,791,33,81,22463.12
4298,30,877,32,92,22848.44
4303,30,751,30,654,22850.00
4308,30,794,31,108,22356.50
4313,30,739,30,210,22518.19
4318,35,1103,33,244,23472.56
4324,30,814,33,433,23341.88
4329,30,874,33,134,23244.12
4334,30,840,36,285,23115.06
4339,30,814,32,61,23230.44
4344,30,834,32,339,23455.94
4349,30,838,33,96,23431.50
4354,30,854,34,267,23266.69
4359,30,902,33,81,23218.69
4364,30,841,33,218,23240.69
4370,30,883,33,72,23215.56
4375,30,766,33,371,23142.31
4380,30,707,78,395,23481.31
4385,30,848,32,266,23072.38
4390,31,833,33,101,23703.25
4395,35,1354,33,566,24160.62
4400,30,855,33,62,23464.62
4405,30,910,33,120,23424.25
4410,30,885,33,328,23384.25
4416,30,888,35,66,23344.25
4421,30,911,33,159,23322.19
4426,30,876,30,115,23305.50
4431,30,814,31,70,23196.38
4436,30,768,30,65,22656.38
4441,30,843,32,78,22940.12
4446,30,778,31,85,22676.12
4451,30,708,30,253,22499.25
4457,30,744,30,67,22368.75
4462,30,864,33,89,23009.25
4467,30,829,31,72,22803.62
4472,30,767,35,182,22514.56
4477,30,885,33,44,22322.81
4482,30,876,31,85,22760.94
4487,30,804,31,57,22419.38
4492,30,857,28,241,22696.56
4498,30,840,31,192,22723.38
4503,30,802,31,68,22795.38
4508,30,880,33,330,22943.19
4513,30,866,31,213,23005.56
4518,30,909,33,203,23095.12
4523,30,792,32,113,23063.00
4528,30,920,33,76,23001.25
4533,30,843,32,250,22663.00
4538,30,833,30,206,22599.44
4543,30,729,31,118,22394.12
4548,30,836,30,60,22378.88
4554,30,901,31,211,22891.31
4559,30,877,33,212,22980.44
4564,30,966,35,323,23337.81
4569,30,767,32,285,22851.81
4574,30,908,35,59,22954.44
4579,30,899,35,93,22902.88
4584,30,901,31,62,22986.69
4589,30,813,32,353,22985.25
4594,30,919,33,188,22920.19
4599,30,894,33,54,22614.56
4604,30,794,30,82,22076.62
4610,30,827,30,89,22087.69
4615,30,850,30,74,22604.62
4620,30,895,31,94,22598.69
4625,30,967,35,184,22872.31
4630,30,810,32,72,22437.69
4635,30,814,33,81,22248.94
4640,30,822,31,77,22279.31
4645,31,1031,30,60,22659.06
4650,30,878,31,224,22637.62
4656,30,769,33,233,22548.12
4661,30,808,30,102,22541.31
4666,25,627,31,71,23083.25
4671,25,580,32,61,23207.81
4676,30,1153,31,91,23013.62
4681,30,937,33,306,22743.44
4686,30,971,32,320,22711.31
4691,30,1014,33,20,22888.81
4696,30,993,33,70,23292.50
4701,30,1037,30,72,22449.00
4706,30,1054,48,87,22359.44
4711,30,997,40,76,23537.69
4717,30,963,43,67,23348.88
4722,30,980,41,100,22889.19
4727,30,975,40,70,22810.38
4732,30,918,41,59,22657.25
4737,30,835,41,223,22478.94
4742,30,1006,40,314,22901.25
4747,30,791,39,181,22895.75
4752,30,942,39,75,22741.00
4757,30,935,41,75,22525.81
4762,30,910,40,136,23757.12
4767,30,865,41,64,22712.75
4772,30,755,37,63,22841.62
4778,30,887,38,127,23046.69
4783,30,940,39,86,22621.44
4788,30,803,38,78,22153.50
4793,30,995,39,68,23333.06
4798,30,912,37,99,23142.31
4803,30,774,40,189,22783.75
4808,30,872,39,52,22112.00
4813,30,924,37,71,22216.81
4818,30,963,40,73,22948.00
4823,30,989,40,97,23235.75
4829,30,973,38,68,23114.62
4834,30,838,36,70,22396.88
4839,30,886,33,50,22490.25
4844,30,835,34,61,22338.62
4849,30,863,35,83,22347.31
4854,30,915,35,66,23357.00
4859,30,841,36,85,23061.94
4864,30,957,37,101,22633.19
4869,30,855,35,82,23181.94
4874,30,946,36,177,22888.88
4879,30,980,38,393,23175.56
4885,30,1003,38,455,23623.75
4890,30,1071,38,69,23303.75
4895,30,1010,40,87,23095.75
4900,30,997,40,75,22919.75
4905,30,982,40,75,22818.88
4910,30,950,36,70,22890.25
4915,30,883,36,87,22742.38
4920,30,967,36,56,22711.06
4925,30,969,38,217,22904.56
4930,30,986,39,246,22972.75
4935,30,862,41,68,22922.38
4940,30,856,39,265,22977.06
4945,30,960,38,308,23135.44
4950,30,1044,39,244,23347.06
4956,30,1047,41,60,23114.62
4961,30,936,38,76,23060.69
4966,30,971,39,250,23435.81
4971,30,950,39,55,23125.81
4976,30,982,39,70,23008.12
4981,30,915,36,67,22573.31
4986,30,925,37,79,22636.25
4991,30,793,37,122,22544.88
4996,30,957,38,71,22609.75
5001,30,1008,33,88,22533.50
5006,30,922,36,152,22599.38
5011,30,930,40,107,22803.00
5016,30,913,37,70,22515.19
5022,31,1035,37,76,23065.38
5027,31,1298,36,56,23406.81
5032,31,1172,36,65,22921.00
5037,31,1289,36,74,22794.31
5042,32,1912,34,76,23339.25
5047,32,1459,39,106,23018.50
5052,32,1534,39,196,23713.25
5057,32,1545,44,73,23548.62
5062,32,1432,42,16,23783.06
5067,32,1116,34,86,23688.75
5072,32,1322,34,62,22976.00
5077,32,1162,35,95,23671.69
5082,32,1199,37,66,23197.94
5088,32,1200,37,69,22969.88
5093,32,1139,36,79,23148.69
5098,32,1189,39,80,23076.69
5103,32,1136,37,80,22733.69
5108,32,1187,36,75,22778.19
5113,32,1079,40,78,23455.94
5118,32,1063,36,72,23759.94
5123,32,1012,33,223,23775.44
5128,32,979,32,58,23524.19
5133,32,1034,39,159,23416.12
5139,32,1091,41,149,24954.31
5144,32,1102,41,549,24657.94
5149,32,1429,38,99,23642.12
5154,32,1132,36,111,24382.00
5159,32,1103,38,105,23476.31
5164,32,1002,35,56,22933.06
5169,32,1042,35,58,23606.69
5174,32,1025,36,246,23341.50
5179,32,879,36,63,23791.75
5184,32,1049,39,59,23461.31
5190,32,1002,38,74,23246.69
5195,32,935,37,67,22961.06
5200,32,944,39,76,22979.81
5205,32,911,38,44,22830.25
5210,32,1034,37,66,23140.19
5215,32,1092,36,68,22880.81
5220,32,1044,35,134,22916.81
5225,32,1090,38,96,23145.81
5230,32,1116,38,286,23402.62
5235,32,1142,38,124,23231.94
5240,32,1168,39,84,23422.69
5245,32,1139,36,95,23799.38
5251,32,959,34,79,23327.81
5256,32,1002,41,416,23401.19
5261,27,733,38,64,23546.44
5266,27,760,39,607,23337.06
5271,27,802,33,59,23275.75
5276,27,790,36,60,23379.56
5281,27,802,34,63,23386.44
5286,27,833,38,55,23266.44
5291,27,732,35,321,23348.12
5296,27,783,36,285,22964.12
5301,27,694,35,189,23044.69
5306,27,653,38,300,23190.81
5311,27,731,37,144,22971.75
5317,27,799,33,336,23213.81
5322,27,785,36,66,23265.62
5327,31,968,36,89,23536.38
5332,32,1043,35,66,24038.25
5337,32,1150,38,72,23647.81
5342,36,1691,35,115,23592.31
5347,36,1354,38,72,23682.56
5352,35,1634,34,66,23619.81
5357,27,779,41,65,23454.88
5362,27,730,41,59,24043.69
5367,27,762,39,334,23947.69
5372,27,801,39,140,23851.69
5377,27,844,41,69,23779.69
5383,27,846,40,64,23699.69
5388,27,738,36,61,23820.69
5393,27,702,37,76,23309.94
5398,27,722,37,73,23029.38
5403,27,804,37,60,23191.88
5408,27,820,37,61,23068.50
5413,27,784,38,58,23087.88
5418,27,697,37,70,22611.12
5423,27,707,35,14,22526.81
5428,27,748,37,80,22761.12
5433,27,729,37,85,22844.75
5438,27,763,38,85,22645.50
5443,27,734,35,60,22752.69
5449,27,758,35,70,22931.19
5454,27,674,37,124,22760.44
5459,27,751,37,67,22742.75
5464,27,803,33,65,22920.00
5469,27,837,38,99,23146.62
5474,27,840,39,73,23596.31
5479,27,867,41,249,23587.75
5484,27,800,39,886,24325.44
5489,27,813,39,105,23775.81
5494,27,636,38,285,23263.94
5499,27,770,41,58,23243.62
5504,27,753,38,82,23122.75
5510,27,647,39,209,23103.06
5515,27,697,36,161,22950.00
5520,27,777,39,437,23434.12
5525,27,765,41,148,23281.00
5530,27,670,36,67,22840.19
5535,27,735,40,73,23043.88
5540,27,705,105,71,22993.88
5545,27,629,52,62,22940.38
5550,27,688,53,105,23381.62
5555,27,749,55,244,23350.69
5560,27,723,55,63,23199.75
5565,27,722,49,71,23090.75
5571,27,750,52,68,23069.81
5576,27,736,53,67,22997.31
5581,27,790,53,191,23309.56
5586,27,808,55,109,23219.62
5591,27,789,55,61,23242.56
5596,27,773,53,108,23211.81
5601,27,688,51,64,22894.12
5606,27,717,72,59,23039.31
5611,27,708,56,256,23284.69
5616,27,742,46,59,23183.25
5621,27,639,40,100,23141.62
5626,27,756,44,280,23628.81
5631,27,782,44,68,23548.75
5637,27,801,85,89,23756.94
5642,27,766,117,79,23602.06
5647,27,812,116,66,23594.69
5652,27,831,61,74,23729.25
5657,27,841,61,59,23590.19
5662,27,791,59,98,23649.31
5667,27,826,59,67,23639.00
5672,27,687,57,350,23686.56
5677,27,720,60,73,23542.56
5682,27,711,60,77,23597.12
5687,27,728,58,66,23424.12
5692,27,681,165,69,23671.00
5697,27,746,42,136,23276.81
5703,27,735,42,80,23457.81
5708,27,810,111,75,23310.94
5713,27,807,111,58,23389.44
5718,27,780,106,93,23334.94
5723,27,695,52,62,23421.56
5728,27,764,57,311,23712.69
5733,27,767,57,81,23550.62
5738,27,678,54,77,23115.25
5743,27,755,57,217,23641.44
5748,27,694,54,165,23260.81
5753,27,732,57,138,23111.06
5758,27,741,57,64,23284.94
5763,27,777,57,82,23484.12
5769,27,756,105,72,23385.25
5774,27,803,107,60,23780.62
5779,27,788,103,213,23733.75
5784,27,808,58,69,23779.06
5789,27,795,106,67,23468.56
5794,27,737,105,86,23345.50
5799,27,770,108,62,23781.25
5804,27,748,107,118,23761.19
5809,27,796,58,84,23508.88
5814,27,704,56,67,23197.19
5819,27,763,106,55,23624.56
5824,27,740,105,149,23540.62
5829,27,814,108,136,23714.12
5834,27,818,111,74,23814.88
5840,27,821,110,59,23879.62
5845,27,678,55,181,23605.25
5850,27,743,106,66,23502.75
5855,27,734,60,60,23567.56
5860,27,687,58,377,23928.12
5866,27,649,100,444,23753.75
5871,27,665,56,121,23579.62
5876,27,767,110,109,23430.88
5881,27,732,58,82,23652.81
5886,27,795,62,74,23632.50
5891,27,747,101,63,23244.69
5896,27,796,103,239,23892.38
5901,27,767,61,72,23539.69
5906,27,790,58,61,23641.00
5911,27,764,58,122,23588.38
5916,27,787,60,215,23819.75
5921,27,741,60,99,23762.69
5926,27,766,57,326,23750.56
5932,27,706,56,143,23330.06
5937,27,733,58,70,23681.44
5942,27,801,104,61,23642.19
5947,27,780,106,92,23616.00
5952,27,819,112,115,24280.88
5957,27,838,112,66,23883.31
5962,27,838,68,66,23992.25
5967,27,861,65,334,24003.50
5972,27,825,110,106,23843.75
5977,27,695,108,71,23797.25
5983,27,748,57,62,23345.00
5988,27,765,56,57,23323.81
5993,27,674,56,66,23146.25
5998,27,740,56,74,23411.94
6003,27,703,50,129,23608.00
6008,27,763,54,76,23631.00
6013,27,709,106,44,23455.25
6018,27,775,107,69,23727.31
6023,27,688,52,92,23632.00
6028,27,756,105,70,23789.50
6033,27,753,106,72,23778.56
6038,27,767,102,83,23673.88
6043,27,765,53,109,23641.62
6049,27,797,106,104,23751.75
6054,27,794,102,67,23766.88
6059,27,720,54,170,23628.44
6064,27,797,54,203,23952.88
6069,27,762,52,65,23422.56
6074,27,817,57,130,23684.81
6079,27,832,118,90,23841.38
6084,27,705,113,59,23522.38
6089,27,753,115,83,23451.56
6094,27,687,44,238,23511.38
6099,27,755,49,93,23616.69
6105,27,767,49,201,23615.44
6110,27,674,47,94,23286.81
6115,27,769,47,74,23430.75
6120,27,767,47,177,23633.75
6125,27,789,47,141,23531.75
6130,27,745,49,67,23423.00
6135,27,828,53,138,23628.06
6140,27,839,53,92,23670.62
6145,27,809,97,61,23662.31
6150,27,734,96,68,23543.44
6155,27,759,96,86,23800.31
6160,27,717,48,90,23551.81
6165,27,767,49,68,23528.25
6170,27,796,49,79,23691.31
6175,27,733,47,132,23464.00
6181,27,807,47,124,23511.00
6186,27,745,46,82,23285.19
6191,27,716,49,68,23405.50
6196,27,722,47,93,23393.06
6201,27,752,47,67,23531.69
6206,27,799,102,78,23941.12
6211,27,786,102,109,23989.75
6216,27,783,104,95,23752.56
6221,27,716,50,26,23355.50
6226,27,791,50,63,23651.38
6231,27,774,48,74,23926.06
6236,27,707,50,159,23705.31
6242,27,796,49,64,23730.00
6247,27,802,52,91,23794.25
6252,27,828,52,69,24021.44
6257,27,828,54,72,23791.12
6262,27,735,52,91,23690.81
6267,27,776,48,100,23703.31
6272,27,672,47,67,23430.88
6277,27,767,50,79,23621.69
6282,27,741,48,58,23513.12
6287,27,731,50,102,23460.88
6292,27,761,50,64,23597.69
6297,27,767,48,69,23385.56
6302,27,876,48,158,23771.56
6307,27,883,50,144,23684.38
6313,27,789,47,64,23541.38
6318,27,839,53,124,23937.06
6323,27,807,99,116,24009.56
6328,27,800,102,65,23869.31
6333,27,776,101,65,23707.38
6338,27,789,103,73,23802.38
6343,27,750,104,71,23618.31
6348,27,784,63,62,23666.56
6353,27,808,101,277,24080.50
6358,27,760,46,189,23721.75
6363,27,770,50,290,23899.31
6368,27,796,51,248,23762.75
6373,27,764,55,64,23583.62
6379,27,775,50,126,23641.62
6384,27,743,47,44,23333.31
6389,27,797,47,116,23578.31
6394,27,798,48,63,23834.81
6399,27,734,49,59,23670.12
6404,27,801,100,154,23711.44
6409,27,800,100,83,23653.50
6414,27,790,52,161,23768.06
6419,27,784,99,370,23879.69
6424,27,822,99,62,23687.69
6429,27,810,50,86,23507.44
6434,27,803,50,148,23650.19
6439,27,829,50,70,23606.94
6445,27,778,45,63,23596.44
6450,27,808,48,79,23758.19
6455,27,640,48,77,23532.19
6460,27,773,50,78,23760.88
6465,27,785,47,127,23551.25
6470,27,749,48,291,23848.88
6475,27,724,49,316,23874.12
6480,27,789,50,97,23659.50
6485,27,815,49,68,23709.12
6490,27,728,52,116,23901.88
6495,27,754,56,448,23930.25
6500,27,767,53,69,23527.00
6505,27,753,53,88,23564.81
6510,27,674,49,81,23424.81
6516,27,770,50,189,23584.94
6521,27,763,50,91,23588.19
6526,27,784,52,6854,16519.50
6531,27,810,52,5514,16114.19
6536,27,826,52,3577,15745.81
6541,27,853,52,2495,15637.50
6546,27,878,53,887,15444.94
6551,27,905,53,68,15420.88
6556,27,910,96,71,15364.88
6561,27,919,110,92,15188.88
6566,27,745,109,57,14900.88
6571,27,748,65,63,14764.88
6576,27,758,69,285,14569.94
6582,27,768,107,73,14529.94
6587,27,770,107,79,14521.94
6592,27,616,99,5486,17334.06
6597,27,747,102,3635,17158.06
6602,27,788,102,2726,16830.06
6607,27,817,107,1283,16466.69
6612,27,826,107,276,16282.75
6617,27,833,107,64,15874.69
6622,27,714,101,65,15786.69
6627,27,767,102,68,15491.75
6632,27,783,52,150,15451.75
6637,27,770,54,67,15379.75
6642,27,730,51,2429,16027.44
6648,27,851,53,491,15835.44
6653,27,864,53,120,15779.44
6658,27,864,51,63,15739.44
6663,27,890,51,53,15571.44
6668,27,809,51,62,15555.44
6673,27,815,51,240,15523.44
6678,27,878,225,68,15483.44
6683,27,887,103,348,15427.44
6688,27,894,103,138,15363.44
6693,27,902,103,62,15339.44
6698,27,901,103,137,15299.44
6704,27,903,103,89,15291.44
6709,27,788,53,182,15243.44
6714,27,748,101,373,15243.44
6719,27,805,101,306,15171.38
6724,27,761,53,135,16007.00
6729,27,821,55,867,16154.69
6734,27,755,55,56,16074.69
6739,27,751,53,57,16018.69
6744,27,709,49,63,15906.06
6749,27,700,51,165,15603.50
6754,27,743,98,324,15547.44
6760,27,743,200,60,15395.44
6765,27,767,99,154,15371.44
6770,27,773,99,101,15347.44
6775,27,838,99,101,15299.44
6780,27,846,99,125,15283.44
6785,27,871,99,69,15251.44
6790,27,758,99,73,15268.69
6795,27,718,60,1438,15648.25
6800,27,780,61,210,15592.25
6805,27,685,56,61,16345.00
6810,27,585,47,1171,16337.00
6815,27,710,55,75,16321.00
6820,27,733,47,81,16548.56
6826,27,612,42,110,19663.94
6831,27,745,46,5029,21232.75
6836,27,785,52,4248,20043.00
6841,27,823,102,1512,19554.38
6846,27,836,145,1187,19445.12
6851,27,870,147,599,19293.00
6856,27,885,147,220,19221.00
6861,27,889,147,394,19181.00
6866,27,895,147,406,19101.00
6871,27,917,151,63,18973.00
6876,27,921,151,158,18861.00
6881,27,923,151,63,18572.12
6886,27,894,119,45,18516.19
6892,27,834,108,59,18404.06
6897,27,732,100,71,18236.06
6902,27,678,101,73,17996.06
6907,27,769,103,296,17860.06
6912,27,706,102,390,17716.06
6917,27,789,107,92,17561.44
6923,27,749,104,300,17433.44
6928,27,786,103,369,17297.44
6933,27,766,226,333,17241.44
6938,27,791,108,725,17209.44
6943,27,801,108,356,17153.44
6948,27,819,108,158,17137.44
6953,27,844,119,62,17121.44
6958,27,835,161,54,17057.38
6963,27,746,97,59,16777.38
6968,27,763,107,76,16761.38
6973,27,664,64,170,16759.88
6978,27,706,56,58,16719.88
6983,27,628,52,62,16728.06
6988,32,972,46,115,17776.06
6994,32,869,50,673,17774.75
6999,27,716,54,354,17686.75
7004,27,759,178,369,17678.75
7009,27,772,56,68,17654.75
7014,27,781,56,359,17638.75
7019,27,793,56,59,17566.69
7024,27,787,51,67,17278.62
7029,27,678,57,54,17198.62
7034,27,749,48,66,17248.06
7039,27,593,45,60,17675.25
7044,27,675,43,56,18129.62
7049,27,642,46,465,17860.62
7055,27,696,44,64,17764.62
7060,27,716,60,66,17716.62
7065,27,673,43,62,17676.62
7070,27,655,48,65,18589.38
7075,27,710,48,65,18541.38
7080,27,762,48,88,18493.38
7085,27,796,48,74,18477.38
7090,27,813,50,62,18429.38
7095,27,819,55,82,18405.38
7100,27,751,55,65,18333.38
7105,27,606,46,68,18269.38
7110,27,767,168,63,18221.38
7115,27,795,45,71,18267.06
7120,27,736,150,91,18328.56
7126,27,788,51,238,18312.94
7131,27,803,51,72,18296.94
7136,27,827,52,537,18280.94
7141,27,850,52,394,18264.94
7146,27,890,52,66,18216.94
7151,27,874,53,74,18184.94
7156,27,651,43,65,18452.94
7161,27,688,46,65,18500.31
7166,27,753,46,65,18396.31
7171,27,730,46,65,18316.31
7176,27,692,39,61,18431.69
7181,27,662,35,60,18440.50
7186,27,721,34,67,19302.12
7191,27,740,34,72,19286.12
7197,27,771,36,75,19270.12
7202,27,843,36,82,19246.12
7207,27,856,36,92,19158.12
7212,27,838,38,67,19142.12
7217,27,691,34,66,19018.94
7222,27,686,38,65,18828.69
7227,27,717,34,62,18884.00
7232,27,623,34,65,18994.00
7237,27,736,36,424,19086.12
7242,27,771,38,77,18958.12
7247,27,772,160,70,18894.12
7252,27,783,38,66,18878.12
7257,27,792,37,356,18830.12
7262,27,836,44,137,18766.12
7267,27,861,43,85,18486.31
7273,27,608,35,63,18918.38
7278,27,770,39,85,18910.38
7283,27,702,36,74,18854.38
7288,27,715,39,61,18718.38
7293,27,781,40,73,18710.38
7298,27,797,39,69,18702.38
7303,27,773,41,72,18694.38
7308,27,794,41,130,18694.38
7313,27,804,41,80,18590.38
7318,27,780,41,71,18590.38
7323,27,810,41,61,18590.38
7328,27,836,41,91,18582.38
7333,27,834,44,74,18566.38
7339,27,840,42,64,18550.38
7344,27,843,42,62,18534.38
7349,27,818,42,68,18438.38
7354,27,695,35,93,18972.69
7359,27,748,36,61,19031.25
7364,27,733,39,251,19034.81
7369,27,772,39,106,18962.81
7374,27,720,34,68,18922.81
7379,27,649,37,65,18770.81
7384,27,746,36,61,18727.62
7389,27,759,35,69,18805.94
7394,27,776,39,57,18869.81
7399,27,774,39,64,18861.81
7404,27,777,40,79,18919.19
7410,27,700,39,59,18831.19
7415,27,744,37,65,18751.19
7420,27,726,163,68,18695.69
7425,27,775,53,62,18858.19
7430,27,810,155,71,18856.31
7435,27,828,54,125,18784.31
7440,27,859,54,63,18720.31
7445,27,862,51,55,18672.31
7450,27,696,42,67,19589.88
7455,27,633,40,113,19964.56
7460,27,591,39,80,21751.19
7465,27,717,40,2160,21675.75
7471,27,741,40,1713,21611.75
7476,27,745,40,1631,21563.75
7481,27,756,42,1417,21547.75
7486,27,766,42,874,21483.75
7491,27,772,42,69,21387.69
7496,27,783,42,66,21227.69
7501,27,784,41,91,21043.69
7506,27,777,38,188,20955.69
7511,27,821,40,66,20875.69
7516,27,844,40,254,20867.69
7521,27,855,40,70,20819.69
7526,27,875,40,82,20819.69
7531,27,879,40,91,20803.69
7537,27,881,42,60,20795.69
7542,27,884,67,66,20704.44
7547,27,884,42,375,20704.44
7552,27,888,42,180,20696.44
7557,27,890,42,89,20696.44
7562,27,899,42,65,20672.44
7567,27,909,42,396,20656.44
7572,27,920,42,283,20656.44
7577,27,921,42,168,20576.44
7582,27,923,42,278,20464.44
7587,27,919,42,67,20320.44
7592,27,921,42,97,20240.44
7597,27,922,42,68,20208.44
7603,27,922,42,123,20208.44
7608,27,922,42,109,20200.44
7613,27,927,42,123,20192.44
7618,27,928,42,75,20192.44
7623,27,900,42,318,20104.44
7628,27,768,40,61,20072.44
7633,32,1071,33,61,20048.44
7638,27,686,34,67,21343.50
7643,27,618,28,232,24658.81
7648,27,619,31,356,26632.56
7653,27,669,32,247,28797.06
7659,27,696,34,240,28637.06
7664,27,589,35,58,29591.75
7669,27,717,32,205,29511.75
7674,27,741,33,68,29399.69
7679,27,761,33,6107,29327.69
7684,27,824,35,4350,22715.94
7689,27,853,35,3357,22353.25
7694,27,871,37,3138,22249.25
7699,27,873,37,2404,22033.25
7705,27,875,37,1196,21752.75
7710,27,877,37,69,21543.62
7715,27,853,37,63,21391.62
7720,27,752,35,203,21287.62
7725,27,759,35,79,21127.62
7730,27,779,35,91,21071.62
7735,27,786,35,200,20911.62
7740,27,820,52,287,20903.62
7745,27,854,37,67,20895.62
7750,27,852,520,56,20855.62
7755,32,1392,37,227,20682.19
7761,32,1345,37,63,20658.19
7766,27,886,37,680,20650.19
7771,27,886,37,690,20642.19
7776,27,890,37,558,20634.19
7781,27,895,37,427,20610.19
7786,27,899,37,662,20602.19
7791,27,903,37,733,20586.19
7796,27,904,37,381,20522.19
7801,27,880,36,366,20338.19
7806,27,635,34,230,20090.19
7811,27,718,35,60,19874.19
7816,27,710,34,258,19523.50
7821,27,747,34,257,19483.19
7826,27,725,35,62,19371.19
7831,27,589,32,60,19572.19
7837,36,1346,31,73,20722.19
7842,27,722,34,180,20841.44
7847,27,711,33,208,20777.44
7852,27,733,32,86,20621.56
7857,27,719,30,907,20707.44
7862,27,762,35,144,20475.44
7867,27,792,35,349,20363.44
7872,27,795,37,259,20203.44
7877,27,794,160,88,20195.44
7882,27,802,37,379,20179.44
7887,27,825,37,197,20163.44
7893,27,831,37,129,20139.44
7898,27,841,37,230,20131.44
7903,27,813,37,432,20099.44
7908,27,819,37,241,20067.44
7913,27,809,37,683,20059.44
7918,32,1081,34,62,20088.88
7923,27,768,32,768,20235.75
7928,27,807,32,124,20219.75
7933,27,811,41,80,20139.75
7938,32,1135,41,48,20107.75
7943,27,741,41,78,19903.44
7949,36,1420,32,57,20044.06
7954,27,726,35,614,20189.38
7959,27,744,35,353,20165.38
7964,27,749,37,62,20157.38
7969,27,771,37,224,20141.38
7974,27,640,36,765,20133.38
7979,27,756,37,672,20189.38
7984,27,801,37,383,20181.38
7989,27,829,37,394,20173.38
7994,27,830,38,315,20173.38
7999,32,1137,35,90,20141.38
8004,27,791,35,458,20186.94
8009,27,801,35,142,20186.94
8014,27,792,100,74,20114.94
8020,27,803,100,240,20114.94
8025,27,821,100,161,20090.94
8030,27,803,99,59,19986.94
8035,27,738,99,62,19922.94
8040,27,784,98,75,19898.94
8045,27,821,46,67,19898.94
8050,27,832,46,68,19890.94
8055,27,831,48,64,19890.94
8060,27,838,48,92,19874.94
8065,27,842,48,69,19866.94
8070,27,842,48,78,19850.94
8075,27,829,48,100,19850.94
8080,27,782,46,51,19840.44
8086,27,785,46,64,19824.44
8091,27,798,46,77,19834.56
8096,27,787,443,249,20035.75
8101,32,1266,44,163,20408.19
8106,37,1559,42,220,20591.75
8111,27,788,42,1053,20782.00
8116,27,892,44,823,20630.00
8121,27,917,44,555,20630.00
8126,27,918,44,432,20630.00
8131,27,926,44,215,20622.00
8136,27,861,44,547,20614.00
8141,36,1835,42,65,20598.00
8147,27,887,44,568,20582.00
8152,27,898,44,417,20574.00
8157,27,902,44,379,20574.00
8162,36,1864,44,73,20566.00
8167,27,853,44,681,20566.00
8172,27,863,44,553,20566.00
8177,27,871,48,568,20566.00
8182,27,878,48,316,20558.00
8187,27,884,48,239,20558.00
8192,32,1291,43,68,20526.00
8197,27,814,46,619,20518.00
8202,27,624,41,74,20646.06
8207,32,1149,39,221,20886.19
8212,27,708,40,362,20870.19
8218,27,621,32,279,20969.69
8223,27,683,35,85,21326.25
8228,27,760,34,568,21225.12
8233,27,744,428,91,21145.12
8238,27,655,33,71,21067.12
8243,27,739,32,69,21185.12
8248,32,1064,30,68,21523.50
8253,27,637,33,60,21513.38
8258,27,735,33,165,21473.38
8263,27,784,35,62,21425.38
8268,27,804,37,112,21361.38
8273,27,778,37,67,21337.38
8279,36,1633,35,69,21313.38
8284,38,2080,35,282,21305.38
8289,38,2346,92,78,21257.38
8294,27,814,123,539,21225.38
8299,27,757,123,62,21209.38
8304,27,771,76,164,21209.38
8309,27,786,76,329,21201.38
8314,27,788,66,541,21177.38
8319,27,801,46,351,21161.38
8324,27,810,48,61,21161.38
8329,27,811,52,385,21161.38
8335,27,808,49,124,21081.38
8340,27,776,169,82,21001.38
8345,27,830,49,272,20993.38
8350,27,834,49,318,20969.38
8355,27,761,45,68,20865.38
8360,27,745,46,76,21441.12
8365,27,634,36,1069,21898.12
8370,27,727,37,573,21890.12
8375,27,750,37,61,21890.12
8380,27,721,33,854,21888.19
8385,27,745,39,180,21752.19
8390,27,674,39,117,21696.19
8396,27,678,35,57,21700.31
8401,27,701,37,70,21564.12
8406,27,702,35,77,22231.50
8411,27,793,36,87,22175.50
8416,27,815,160,93,22159.50
8421,27,798,66,66,22159.50
8426,27,788,66,70,22143.50
8431,27,742,155,684,22143.50
8436,27,769,55,677,22135.50
8441,27,772,55,272,21983.50
8446,34,1287,38,57,21975.50
8452,27,645,32,61,22570.19
8457,27,715,40,59,22514.19
8462,27,743,33,206,22474.19
8467,27,734,36,193,22450.81
8472,27,757,36,119,22370.81
8477,27,799,38,227,22242.81
8482,27,673,38,74,22194.81
8487,27,693,37,51,22329.50
8493,27,651,37,282,22284.00
8498,27,607,36,72,23108.44
8503,27,681,35,75,23060.44
8508,27,711,35,138,23262.00
8513,27,612,39,199,23166.00
8518,27,719,39,66,23094.00
8523,29,756,36,65,22982.00
8528,27,787,39,370,22942.00
8533,27,798,140,434,22870.00
8538,27,822,43,756,22862.00
8543,36,1766,43,213,22838.00
8548,27,846,43,281,22566.00
8553,27,798,41,59,22438.00
8559,27,800,35,513,22406.00
8564,32,1240,36,139,22374.00
8569,27,791,39,537,22358.00
8574,32,1098,41,390,22342.00
8579,27,749,41,505,22310.00
8584,27,777,41,63,22205.94
8589,27,760,35,463,22225.88
8594,32,1133,247,72,22247.81
8599,27,803,40,493,22406.62
8604,27,825,94,320,22358.62
8609,37,1486,92,112,22455.62
8614,27,736,42,834,22714.56
8619,27,638,37,56,23935.81
8625,32,1061,41,65,23879.81
8630,27,730,43,199,23863.81
8635,41,1745,31,64,23807.81
8640,27,702,33,126,24112.94
8645,27,594,31,59,25989.75
8650,32,896,31,66,28759.44
8655,27,613,35,5363,29528.00
8660,27,690,38,3501,26700.50
8665,27,699,120,1627,26340.44
8670,27,713,177,397,26028.44
8676,27,726,128,62,25844.06
8681,36,1550,109,68,25788.06
8686,27,715,109,359,25764.06
8691,27,739,109,186,25700.06
8696,27,746,109,381,25652.06
8701,27,770,109,103,25596.06
8706,27,764,59,545,25556.06
8711,27,767,50,69,25420.06
8716,27,761,50,66,25356.06
8721,27,790,105,68,25324.06
8726,27,795,104,214,25308.06
8731,27,740,102,93,25260.06
8736,27,750,102,110,25204.06
8742,27,707,102,241,25172.06
8747,27,738,101,260,25148.06
8752,27,719,50,194,25108.06
8757,27,713,50,366,24932.06
8762,27,678,47,65,24694.94
8767,27,696,46,152,24630.94
8772,27,544,46,631,24414.94
8777,27,485,39,55,24275.31
8782,27,522,42,201,24961.69
8787,27,639,113,63,24793.69
8792,27,638,112,252,24385.69
8797,27,671,55,62,24081.69
8803,27,708,53,195,24073.69
8808,27,744,55,248,24041.69
8813,27,747,56,73,24017.69
8818,27,740,124,346,23993.69
8823,27,766,124,66,23961.69
8828,27,738,121,284,23623.81
8833,27,684,56,83,23455.81
8838,27,689,56,64,23311.81
8843,27,680,56,62,23311.81
8848,27,689,178,68,23295.81
8853,27,702,111,109,23087.81
8858,27,720,111,63,23079.81
8863,27,716,109,58,23071.81
8868,27,746,111,61,23047.81
8874,27,740,111,357,23039.81
8879,27,717,109,255,22999.81
8884,27,769,109,66,22983.81
8889,27,757,109,314,22967.81
8894,27,745,107,477,22959.81
8899,27,755,58,305,22959.81
8904,27,725,58,395,22943.81
8909,27,646,56,437,23003.56
8914,27,671,369,55,22931.56
8919,32,993,43,63,23733.56
8924,32,981,35,61,23732.50
8929,32,1126,42,78,23724.50
8935,30,782,37,242,23692.50
8940,27,665,39,354,23660.50
8945,27,622,39,474,23636.50
8950,27,752,39,355,23636.50
8955,27,767,42,229,23612.50
8960,27,796,44,338,23612.50
8965,27,794,44,141,23596.50
8970,32,1039,40,73,23556.50
8975,27,621,34,357,23508.50
8980,32,1167,35,69,23508.50
8986,27,630,37,59,23292.50
8991,36,1480,38,66,23292.50
8996,27,667,38,79,23292.50
9001,27,694,37,94,23124.44
9006,27,699,37,67,23116.44
9011,27,727,37,67,23108.44
9016,27,705,36,81,23068.44
9021,27,702,39,129,23068.44
9026,27,652,32,211,23036.44
9031,27,681,36,59,23028.44
9037,27,678,36,210,23098.25
9042,27,687,36,190,23098.25
9047,27,701,34,62,23098.25
9052,27,662,36,130,23082.25
9057,27,665,38,354,23082.25
9062,27,701,35,124,23066.25
9067,37,1718,35,402,23439.12
9072,27,657,36,587,24090.44
9077,27,736,36,300,24090.44
9082,37,1821,37,81,24082.44
9087,27,713,39,223,24066.44
9093,27,675,37,385,23850.44
9098,27,719,37,430,23850.44
9103,27,637,35,63,23850.44
9108,27,671,36,68,23850.44
9113,27,639,36,75,23818.44
9118,32,1046,31,114,23912.00
9123,36,1328,31,72,24118.81
9128,27,693,34,227,24905.50
9133,27,765,39,96,24897.50
9138,27,796,39,243,24873.50
9144,27,725,38,66,24753.50
9149,27,750,41,55,24737.50
9154,27,718,36,210,24721.50
9159,27,661,31,221,24721.50
9164,27,662,34,202,24713.50
9169,27,604,36,69,24657.50
9174,27,667,34,234,24929.75
9179,30,739,38,120,25326.38
9184,27,574,37,132,25576.00
9189,27,604,27,666,25656.81
9194,32,1079,29,218,25600.81
9200,27,682,29,194,25576.81
9205,27,488,31,408,25709.62
9210,27,627,30,79,25959.31
9215,27,552,29,117,26882.50
9220,27,588,30,77,27559.25
9225,27,539,30,65,27951.31
9230,32,1012,31,62,29226.94
9235,27,613,29,531,30355.88
9240,32,904,24,60,32278.12
9246,36,1148,22,541,33861.94
9251,32,1145,25,176,34457.44
9256,32,1003,24,56,33655.31
9261,27,597,31,82,33531.50
9266,36,1391,28,57,34554.25
9271,27,641,30,477,34009.06
9276,27,629,28,131,33692.88
9281,27,488,24,62,33951.38
9286,32,1030,29,680,34380.62
9291,27,651,32,62,33620.56
9296,27,561,27,83,33078.25
9302,27,671,28,94,33024.19
9307,27,644,180,130,33406.94
9312,32,1046,27,65,33899.69
9317,32,985,26,138,33581.25
9322,34,1106,28,72,33793.06
9327,27,656,31,227,33726.94
9332,27,679,83,59,33550.94
9337,27,601,80,61,33445.81
9342,27,632,33,426,33899.94
9347,27,680,78,92,33795.94
9352,27,566,74,68,33246.06
9358,27,584,34,39,32908.06
9363,27,684,31,104,33264.25
9368,27,624,81,119,33274.88
9373,27,676,79,74,33219.00
9378,27,682,33,71,33339.75
9383,27,644,36,72,33450.69
9388,27,551,81,123,33445.31
9393,27,578,31,337,33580.12
9398,32,960,31,77,33772.06
9403,27,636,32,132,33764.88
9408,27,569,76,464,33857.38
9413,27,589,78,78,33475.81
9418,27,628,78,71,33524.94
9424,27,671,36,75,33517.50
9429,27,716,34,63,33497.44
9434,41,1750,28,61,34205.38
9439,27,653,32,853,34583.25
9444,32,1020,85,67,34215.12
9449,27,563,32,138,33730.88
9454,27,615,33,57,33653.62
9459,30,732,83,67,33807.19
9464,27,517,29,67,34301.38
9469,27,559,35,133,35212.44
9474,27,572,38,72,35892.56
9479,27,572,31,209,35454.94
9484,27,485,31,66,35768.56
9490,27,648,30,185,35668.81
9495,27,637,36,84,35101.00
9500,27,642,31,66,34979.81
9505,27,549,33,102,35478.81
9510,27,693,36,772,34686.75
9515,27,657,32,68,34246.75
9520,27,579,34,65,34253.31
9525,27,594,51,62,34243.12
9530,27,627,32,64,34271.69
9535,27,586,34,44,33871.88
9540,27,655,31,64,33605.00
9545,27,737,32,67,33477.00
9551,27,614,29,60,33862.81
9556,27,577,85,63,33518.81
9561,27,656,34,63,33230.81
9566,27,667,36,447,33086.81
9571,27,698,92,59,32997.50
9576,27,783,92,67,32949.50
9581,27,786,90,486,32909.50
9586,27,810,90,209,32877.50
9591,27,823,91,141,32821.50
9596,27,817,92,59,32741.50
9601,27,700,89,479,32044.50
9606,27,669,37,65,32043.25
9611,27,551,36,64,32582.50
9616,30,690,37,61,32881.81
9622,27,620,89,72,33338.06
9627,32,1190,39,65,33136.50
9632,27,556,419,53,33133.62
9637,32,1141,88,70,33309.44
9642,32,1059,34,68,33268.00
9647,27,612,36,623,33236.00
9652,27,685,39,408,33204.00
9657,27,706,40,375,33180.00
9662,30,725,33,76,33084.00
9667,36,1405,33,180,33082.62
9672,27,618,38,64,32826.62
9677,27,678,38,1397,32651.56
9683,27,698,38,133,32507.56
9688,27,709,40,192,32411.56
9693,27,723,160,63,32403.56
9698,27,731,39,282,32379.56
9703,27,787,39,60,32315.56
9708,27,810,39,86,32307.56
9713,27,817,39,62,32291.56
9718,27,563,87,64,32295.50
9723,27,635,90,75,32279.50
9728,27,722,85,435,32247.50
9733,32,975,40,121,31950.38
9738,32,1115,41,63,31738.69
9744,34,1053,43,264,31571.62
9749,27,670,42,86,30857.50
9754,27,598,39,71,30105.56
9759,27,571,39,109,30434.06
9764,27,543,36,70,30356.38
9769,27,653,37,59,30396.69
9774,27,666,41,66,30016.94
9779,27,537,37,63,30030.62
9784,27,697,39,81,30573.38
9789,27,643,38,505,30631.44
9794,27,616,39,50,30725.38
9799,32,875,38,68,30751.25
9805,36,1321,40,57,31104.50
9810,27,661,39,1820,30853.69
9815,27,655,39,51,30797.69
9820,27,693,39,386,30749.69
9825,27,703,41,259,30725.69
9830,27,684,42,599,30661.69
9835,27,682,44,280,29676.12
9840,27,706,41,64,28938.44
9845,27,687,43,52,28936.25
9850,27,712,41,167,28930.69
9855,27,731,48,3201,28636.31
9861,32,1305,48,365,28340.25
9866,32,1185,43,77,27923.19
9871,27,727,44,377,27674.31
9876,27,660,39,55,27490.31
9881,27,666,38,726,27434.31
9886,27,700,39,55,27410.31
9891,27,713,44,78,27394.31
9896,27,724,46,60,27378.31
9901,27,757,46,297,27354.31
9906,27,879,46,66,26756.19
9912,27,882,46,62,26116.19
9917,27,896,46,812,26052.06
9922,32,1204,42,83,25996.06
9927,32,980,40,58,25746.31
9932,36,1403,39,62,25610.31
9937,27,691,38,637,25625.94
9942,27,701,39,63,25537.94
9947,27,673,39,294,25417.94
9952,27,721,42,74,25345.94
9957,36,1613,41,63,25415.69
9962,27,693,46,277,25934.00
9967,27,751,46,61,25822.00
9972,27,646,47,65,25654.00
9978,27,716,36,1011,25607.44
9983,27,736,38,64,25591.44
9988,27,756,161,90,25527.44
9993,27,766,161,106,25511.44
9998,27,794,163,159,25495.44
10003,27,795,164,60,25479.44
10008,27,805,164,93,25455.44
10013,27,814,42,57,25447.44
10018,27,813,165,103,25439.44
10023,27,782,191,57,25399.44
10028,27,813,191,372,25399.44
10033,27,819,91,433,25351.44
10039,27,819,93,63,25335.44
10044,27,812,94,244,25335.44
10049,27,784,97,308,25271.44
10054,27,699,90,78,25235.56
10059,32,1067,83,64,25454.56
10064,27,702,41,512,25538.69
10069,32,1196,36,68,25617.25
10074,27,700,36,67,25577.25
10079,27,720,88,69,25545.25
10084,27,730,88,387,25513.25
10089,27,796,89,63,25393.25
10094,27,784,87,69,25377.25
10099,27,771,42,153,25369.25
10104,27,749,93,258,25459.44
10109,27,761,93,398,25451.44
10115,27,769,95,175,25435.44
10120,27,593,88,82,25604.69
10125,27,676,43,63,25603.50
10130,27,703,48,58,25603.50
10135,27,635,91,77,26371.50
10140,27,498,38,39,30343.69
10145,27,666,38,37,31710.19
10150,27,658,41,5529,32259.19
10155,27,716,42,3734,29397.75
10160,27,745,47,1443,29205.75
10165,27,764,52,1418,28769.88
10170,27,767,52,419,28537.81
10176,27,744,50,69,27985.81
10181,27,721,46,703,27564.88
10186,27,715,41,61,27460.88
10191,27,752,42,503,27300.88
10196,27,748,49,65,27196.88
10201,27,786,49,275,27084.88
10206,27,785,47,145,26964.88
10211,27,810,49,331,26875.38
10216,27,791,49,298,26859.38
10221,27,849,49,95,26827.38
10226,30,1328,55,69,26675.38
10231,29,1096,46,60,26651.38
10237,29,1052,43,57,26071.44
10242,29,919,40,135,25683.31
10247,29,939,39,61,26600.56
10252,29,955,39,78,26576.56
10257,29,933,38,64,26649.56
10262,29,981,40,586,26615.81
10267,29,964,38,170,26668.06
10272,29,1049,38,340,26620.06
10277,29,982,36,393,26620.06
10282,31,1431,36,66,26548.06
10287,30,1311,42,548,26524.06
10292,30,1135,39,49,26457.69
10298,30,998,35,64,26499.25
10303,30,1065,35,143,26347.25
10308,31,1143,193,61,26743.31
10313,35,1492,31,75,26599.31
10318,30,837,32,186,26745.44
10323,35,1493,44,65,27164.00
10328,30,1040,46,203,27108.00
10333,30,1053,49,57,27100.00
10338,30,1064,49,61,27092.00
10343,30,1095,49,66,27076.00
10348,39,1831,44,55,26908.00
10353,30,999,41,643,26796.00
10359,30,1044,41,249,26772.00
10364,30,1051,39,67,26748.00
10369,30,959,36,72,26805.94
10374,30,1023,40,90,26797.94
10379,30,1092,42,62,26789.94
10384,29,1050,39,61,27325.38
10389,29,909,32,286,29257.31
10394,29,933,46,59,29217.31
10399,29,927,44,70,29185.31
10404,29,921,39,62,29161.31
10409,29,806,40,66,29844.00
10414,29,853,35,71,29796.00
10419,29,890,38,95,29764.00
10425,29,567,19,279,33305.94
10430,29,623,19,109,36548.44
10435,29,681,20,58,37480.94
10440,29,730,22,104,38472.44
10445,29,768,21,124,38622.94
10450,29,799,21,58,38623.69
10455,29,712,20,69,38292.94
10460,29,761,23,92,37865.06
10465,29,734,23,85,38123.69
10470,29,776,84,58,38066.06
10475,34,1164,39,60,38795.62
10481,34,1095,26,63,38211.62
10486,29,644,29,66,37644.88
10491,29,746,80,65,37544.00
10496,29,714,49,101,37685.56
10501,29,777,51,57,37518.81
10506,29,774,39,125,37540.38
10511,29,795,42,102,37599.62
10516,29,756,94,402,38322.25
10521,29,642,42,73,37788.88
10526,29,765,44,54,38041.88
10531,29,777,93,66,38047.06
10536,29,714,47,61,38205.44
10542,29,739,39,69,38132.69
10547,29,759,91,59,38090.31
10552,29,697,47,159,38356.25
10557,29,768,50,63,38324.25
10562,29,752,49,65,38220.25
10567,29,788,37,61,37966.88
10572,29,753,38,72,37973.62
10577,29,778,37,67,37956.12
10582,29,734,38,59,37978.00
10588,29,752,89,59,38027.06
10593,29,730,83,62,38003.06
10598,29,661,47,256,38127.31
10603,29,675,37,70,37812.88
10608,29,746,35,66,37761.69
10613,29,687,35,69,37670.88
10618,29,643,39,64,37871.94
10623,29,803,90,58,38333.38
10628,29,700,35,107,37739.50
10633,29,789,37,72,38112.50
10638,29,765,35,57,38239.12
10643,29,758,87,80,38251.88
10648,29,689,43,62,38008.94
10654,29,646,35,62,38064.69
10659,29,786,44,140,38175.81
10664,29,728,31,88,37826.50
10669,29,634,32,20,37509.25
10674,29,748,41,216,38047.75
10679,29,747,39,71,37957.75
10684,29,838,36,68,37792.06
10689,29,849,34,63,38039.00
10694,29,813,39,120,38285.62
10699,29,825,37,184,38367.12
10704,29,872,34,237,38409.12
10709,29,877,36,74,38186.06
10714,29,792,34,58,38214.38
10720,29,782,58,56,38209.44
10725,29,772,56,280,38396.31
10730,29,795,36,246,38276.94
10735,29,772,33,68,38262.75
10740,29,712,37,67,37788.12
10745,29,759,34,62,37806.44
10750,29,787,34,68,37785.50
10755,29,831,38,95,37870.38
10760,29,806,38,14,38092.19
10765,29,840,38,74,38269.50
10770,29,821,38,64,38118.69
10775,29,798,38,102,38108.31
10780,29,804,86,60,38086.00
10786,29,713,46,78,38093.19
10791,29,800,47,103,38210.00
10796,29,801,37,70,38100.25
10801,29,747,38,100,37831.06
10806,29,829,39,70,38239.12
10811,29,825,37,192,38533.50
10816,29,823,40,98,38646.75
10821,29,795,86,97,38419.00
10826,29,776,38,120,38462.88
10832,29,814,41,67,38334.38
10837,29,776,38,57,38501.19
10842,29,673,58,70,38039.38
10847,29,785,40,82,38471.81
10852,29,816,45,87,38397.25
10857,29,753,42,65,38173.19
10863,29,774,37,101,38503.94
10868,29,796,33,20,37917.12
10873,29,855,37,243,38252.44
10878,29,802,83,62,38092.19
10883,29,820,43,66,38448.81
10888,29,756,44,67,38929.50
10893,29,743,42,844,39015.06
10898,29,805,41,66,38359.06
10903,29,832,41,109,38754.50
10908,29,790,42,1503,39935.75
10913,29,806,43,1131,39783.69
10918,29,823,45,747,39679.69
10924,29,872,45,288,39583.69
10929,29,908,45,307,39503.69
10934,29,916,41,64,39367.69
10939,29,791,36,549,39282.06
10944,29,805,36,225,38972.06
10949,29,832,34,73,38641.06
10954,29,633,85,394,40021.06
10959,34,943,114,1567,40106.56
10964,29,779,36,254,39191.25
10969,29,798,33,67,38400.56
10974,29,755,33,60,38317.75
10980,29,742,34,90,38096.62
10985,29,794,42,104,38392.06
10990,29,762,33,56,38097.38
10995,29,740,32,60,38683.38
11000,34,1217,39,57,39160.62
11005,29,809,60,237,39206.00
11010,29,880,62,69,39134.00
11015,29,910,65,87,39038.00
11020,29,917,65,61,38990.00
11025,29,737,51,38,39241.44
11030,29,802,45,1579,39584.25
11035,29,855,48,161,38848.19
11040,29,808,48,72,38660.94
11046,29,823,48,68,38357.00
11051,29,838,44,71,38320.19
11056,29,794,43,203,38564.56
11061,29,826,44,73,38349.00
11066,29,807,44,62,38256.94
11071,29,801,46,70,38258.44
11076,29,764,43,113,38376.44
11081,29,690,43,332,38322.38
11086,29,795,44,68,38342.75
11091,29,790,49,330,38787.44
11096,38,1628,40,172,39212.81
11101,29,792,43,65,38372.06
11106,29,844,43,60,38588.19
11111,29,822,40,75,38587.19
11117,29,712,43,66,38323.56
11122,29,825,43,53,38476.44
11127,29,835,41,61,38441.38
11132,29,819,43,137,38394.75
11137,38,1624,41,71,38935.69
11142,29,799,40,72,38656.12
11147,29,796,41,73,38401.88
11152,29,808,41,57,38293.31
11157,29,744,40,62,38290.81
11162,29,829,38,90,38360.56
11167,29,846,38,122,38530.38
11172,29,823,36,65,38510.88
11177,29,876,36,62,38455.81
11182,29,853,35,61,38435.38
11188,29,851,36,145,38591.00
11193,29,714,39,910,39375.94
11198,29,778,34,81,38470.62
11203,29,830,38,77,38861.12
11208,29,828,38,65,38539.25
11213,29,794,38,185,38500.19
11218,29,790,38,97,38514.44
11223,29,809,38,65,38364.06
11228,29,768,36,104,38117.81
11233,29,832,36,135,38589.00
11238,29,846,36,79,38449.38
11243,29,802,36,156,38483.62
11248,29,756,36,60,38633.38
11254,29,791,40,58,38675.19
11259,29,809,36,61,38635.12
11264,29,784,38,85,38669.25
11269,29,783,36,112,38626.69
11274,38,1419,35,376,39041.44
11279,29,767,34,86,38654.88
11284,29,812,36,165,38712.12
11289,29,798,34,168,38556.44
11294,29,713,33,68,38861.62
11299,29,722,36,394,39115.19
11305,29,647,31,153,38644.94
11310,34,1025,33,332,38816.94
11315,29,744,35,218,38667.00
11320,29,754,36,70,39045.38
11326,38,1810,36,105,39283.69
11331,30,913,35,451,39169.56
11336,38,1726,47,29,39746.81
11341,38,1755,42,597,39604.06
11346,29,814,42,193,38699.94
11351,29,662,44,60,39214.50
11356,34,1026,36,57,40113.81
11362,29,738,45,653,39412.62
11367,29,651,47,61,39403.31
11372,29,800,42,1051,39887.25
11377,29,725,39,529,39619.06
11382,29,745,40,504,38837.06
11387,30,861,39,476,38886.50
11392,34,1218,37,83,38714.06
11397,29,740,38,105,38672.00
11402,30,978,42,249,38750.88
11407,29,848,41,153,38960.81
11412,29,856,43,62,38868.75
11417,29,853,42,343,38865.31
11422,29,783,209,68,38851.81
11427,29,799,112,372,38842.75
11433,29,752,78,65,38603.25
11438,29,749,75,65,38348.00
11443,29,780,77,107,38774.69
11448,29,822,78,89,38772.25
11453,29,760,79,93,38682.50
11458,29,808,75,194,38796.94
11463,29,827,80,203,38949.50
11468,29,851,80,144,38977.38
11473,29,814,78,62,38772.31
11478,29,765,77,62,38899.06
11483,34,1160,76,83,39513.81
11489,29,765,76,87,38836.75
11494,29,768,78,364,38962.00
11499,29,798,76,168,38854.31
11504,29,768,76,271,38946.94
11509,29,752,75,88,38671.81
11514,29,722,73,62,38665.88
11519,29,762,124,190,38694.00
11524,29,761,76,58,38695.12
11529,29,746,102,75,38302.81
11534,29,746,79,65,38602.19
11539,29,806,78,96,38427.75
11544,29,827,83,77,38793.62
11550,29,709,82,66,39012.25
11555,29,795,79,58,39106.31
11560,29,785,79,88,38878.50
11565,29,712,74,61,38903.69
11570,29,809,77,67,38886.38
11575,29,729,77,332,39069.06
11580,29,789,122,106,38974.69
11585,29,679,76,260,38999.44
11590,29,809,80,59,39122.88
11596,34,1141,82,55,40103.88
11601,34,1101,81,77,39732.81
11606,29,686,83,88,39319.56
11611,29,772,87,178,38835.75
11616,29,791,89,71,38830.31
11621,29,741,84,369,38959.19
11626,29,799,82,133,38889.06
11631,29,809,84,218,39099.69
11636,29,768,95,145,39196.00
11641,29,803,101,60,39183.12
11646,29,848,86,202,39192.62
11651,29,878,86,73,39096.56
11657,29,825,84,70,39074.94
11662,29,766,87,215,39092.00
11667,29,673,88,76,39507.44
11672,29,618,78,119,39431.44
11677,29,712,80,368,39463.00
11682,34,959,72,53,39798.44
11688,29,771,74,51,40184.19
11693,29,797,75,68,39330.56
11698,29,826,75,179,38868.38
11703,29,651,72,356,39718.44
11708,29,803,78,880,39659.06
11713,29,718,73,401,39235.38
11719,29,691,75,60,39562.62
11724,29,630,75,688,40847.81
11729,29,790,76,602,40175.81
11734,29,837,78,454,40023.81
11739,29,761,104,442,39919.81
11745,34,1098,87,797,40263.94
11750,34,1257,87,434,40135.94
11755,29,825,128,526,40063.88
11760,29,853,128,627,39975.88
11765,34,1273,89,68,39895.88
11770,29,779,78,60,39255.12
11775,29,750,130,61,39483.19
11780,29,658,75,57,40527.00
11786,34,1091,78,44,40431.38
11791,38,1639,82,253,40343.38
11796,38,1743,129,90,40231.38
11801,38,1190,83,61,40690.62
11806,38,1718,77,196,41046.38
11811,29,819,81,1500,40958.38
11817,29,839,82,1399,40870.38
11822,29,874,82,721,40774.38
11827,29,887,85,847,40734.38
11832,29,897,85,505,40686.38
11837,29,905,85,396,40598.38
11842,29,889,83,65,39630.62
11847,29,782,77,116,39271.12
11852,29,794,81,102,39000.25
11857,29,777,77,127,38983.44
11862,29,839,78,201,38970.44
11868,29,806,80,380,39230.94
11873,29,744,79,63,39005.38
11878,29,692,71,66,38507.69
11883,29,832,72,288,38997.94
11888,29,843,74,499,39221.50
11893,29,752,74,59,38930.69
11898,29,804,73,271,39128.56
11903,29,799,76,274,39327.62
11908,29,796,79,67,39005.44
11913,29,781,73,74,38970.44
11918,29,783,75,371,39122.94
11924,29,747,73,60,39292.12
11929,29,782,73,105,39073.00
11934,29,672,73,199,39082.94
11939,29,796,72,86,38993.44
11944,29,847,73,87,39155.06
11949,29,867,75,59,39322.81
11954,29,826,73,116,39204.94
11959,29,829,70,64,38976.88
11964,29,709,71,79,38923.25
11969,29,801,73,345,39204.12
11974,29,812,75,81,39241.69
11980,29,835,74,70,39102.25
11985,29,675,72,58,39015.06
11990,29,811,73,261,39156.44
11995,29,759,72,254,39231.56
12000,29,811,73,74,39016.69
12005,29,701,73,217,39373.19
12010,29,809,70,73,38881.12
12015,30,807,69,313,39261.69
12020,29,730,73,63,39420.19
12025,29,732,69,196,39035.69
12031,29,833,72,96,39323.44
12036,29,808,74,71,39465.69
12041,29,761,72,66,39251.25
12046,29,751,72,86,38995.94
12051,29,799,69,122,38958.19
12056,29,812,70,72,39239.62
12061,29,849,72,190,39354.38
12066,29,855,74,67,39325.50
12071,29,854,74,230,39370.00
12076,29,829,74,61,39241.94
12082,29,850,74,112,39172.06
12087,29,818,72,74,39041.94
12092,29,836,67,79,39102.69
12097,29,820,73,150,39090.44
12102,29,768,71,64,39140.50
12107,29,770,69,58,39075.38
12112,29,790,70,60,39249.88
12117,29,675,69,321,39393.00
12122,29,822,72,343,39501.44
12127,29,787,74,311,39457.69
12132,34,1204,68,257,40076.50
12137,29,795,72,265,40110.38
12143,34,1148,75,186,40010.31
12148,29,761,66,71,39354.31
12153,34,1057,69,129,39619.75
12158,29,802,72,266,39405.69
12163,29,755,72,67,39180.94
12168,29,764,70,72,38878.12
12173,29,813,70,219,39215.31
12178,29,794,70,97,39283.81
12183,29,781,70,82,39343.94
12188,29,790,76,87,39146.88
12193,29,657,72,70,38958.69
12199,29,823,72,141,39127.88
12204,29,832,72,61,39166.19
12209,29,843,72,65,39103.38
12214,29,809,70,76,38971.69
12219,29,793,72,67,39138.12
12224,29,790,72,151,39541.25
12229,29,768,76,367,39334.75
12234,29,749,74,62,39326.81
12239,29,761,71,71,39492.62
12244,36,1184,70,62,39801.19
12249,29,740,70,137,39628.38
12254,29,750,69,71,39449.44
12260,29,786,69,63,39169.75
12265,38,1518,70,70,39789.19
12270,29,792,69,68,39293.88
12275,29,823,70,113,39455.44
12280,29,828,72,69,39316.44
12285,29,739,71,64,39178.50
12290,29,793,70,129,39118.81
12295,29,750,72,133,39692.75
12300,29,770,71,111,39390.94
12305,29,903,71,71,39344.00
12310,29,874,72,65,38770.81
12315,29,854,71,119,38822.44
12320,29,791,70,70,38878.44
12325,29,836,74,88,39009.38
12331,29,752,72,66,38901.88
12336,29,766,71,186,39110.94
12341,29,819,74,76,38992.88
12346,29,686,68,73,38928.19
12351,29,820,72,215,39094.69
12356,29,690,68,179,39049.44
12361,29,805,72,382,39233.69
12366,29,837,74,65,39088.94
12371,29,843,72,72,38995.94
12376,29,687,66,62,38794.69
12381,29,839,70,111,39104.25
12386,29,837,72,65,39387.62
12391,29,796,72,288,39410.25
12397,29,740,72,86,39259.81
12402,34,1145,69,275,39946.69
12407,34,1135,69,60,39834.62
12412,34,1153,70,73,39746.56
12417,34,1040,68,293,39965.25
12422,37,1101,66,47,40081.56
12427,44,1742,66,191,40702.00
12433,44,1722,66,65,40529.75
12438,44,1675,66,72,40569.31
12443,44,1784,70,69,41041.81
12448,41,1364,69,60,40698.19
12453,34,881,68,86,40549.31
12458,44,1710,74,101,41121.25
12464,44,1732,71,127,41109.19
12469,44,1742,71,73,40882.44
12474,44,1516,72,172,40863.38
12479,41,1384,69,59,40771.50
12484,34,959,69,60,40464.00
12489,34,971,70,77,40326.19
12494,34,895,68,72,39760.44
12500,34,885,70,71,39788.69
12505,34,970,72,256,40459.75
12510,34,889,71,169,40258.44
12515,34,890,72,66,40019.69
12520,34,1005,71,286,40464.56
12525,34,1028,72,94,40308.00
12530,34,1031,71,64,40050.12
12535,34,983,70,73,40010.31
12540,34,1019,70,70,39845.19
12545,34,951,66,61,39637.19
12550,34,1073,74,93,39642.94
12556,34,1032,70,83,39675.75
12561,37,1078,68,63,40002.50
12566,34,869,67,72,39682.56
12571,34,998,69,105,39858.62
12576,34,998,73,189,39729.25
12581,34,969,70,90,39580.06
12586,34,903,71,73,39590.06
12591,34,1044,70,92,39626.12
12596,34,1022,69,76,39790.62
12601,34,1000,69,70,39688.81
12606,29,679,74,608,39576.94
12612,29,797,72,228,39731.06
12617,29,873,74,170,39523.69
12622,29,823,68,60,39546.12
12627,29,786,71,72,39258.44
12632,29,796,69,66,38828.56
12637,29,839,74,77,39229.56
12642,29,845,72,67,39173.94
12647,29,840,72,80,39248.19
12652,29,854,72,145,39370.25
12657,29,869,74,143,39510.06
12662,29,887,72,344,39554.00
12667,29,897,74,63,39386.75
12672,29,892,74,70,39274.62
12678,29,867,76,79,39193.19
12683,29,730,137,89,39226.06
12688,29,815,80,56,39425.38
12693,29,822,80,75,39278.75
12698,29,734,144,288,39254.06
12703,29,799,86,56,39184.50
12708,29,810,85,63,39010.50
12713,29,836,86,58,39230.62
12718,29,740,84,177,39301.12
12723,29,765,83,57,38981.94
12728,29,882,86,240,39401.12
12734,29,886,88,285,39604.88
12739,29,843,86,62,39435.75
12744,29,763,90,248,39437.44
12749,29,729,85,71,39216.38
12754,29,800,86,106,39165.31
12759,29,842,88,63,39247.44
12764,29,873,86,62,39238.56
12770,29,879,86,161,39281.00
12775,29,786,87,83,39403.38
12780,29,832,92,64,39293.62
12785,29,871,84,139,39420.75
12790,29,842,86,222,39358.38
12795,29,792,84,50,39289.12
12800,29,838,81,76,39374.19
12805,29,838,87,66,39569.88
12810,29,844,88,101,39430.50
12815,29,715,115,64,39511.94
12821,29,799,82,75,39292.06
12826,29,813,83,67,39586.75
12831,29,817,83,180,39499.12
12836,29,788,79,64,39513.81
12841,29,851,83,78,39298.88
12846,29,780,84,67,39488.94
12851,29,854,85,255,39593.31
12856,29,861,85,62,39757.25
12862,29,871,84,232,39738.19
12867,29,881,85,216,40066.56
12872,29,886,85,129,39866.56
12877,29,897,87,65,39621.06
12882,29,922,87,112,39618.44
12887,29,879,83,65,39391.62
12892,29,911,83,68,39274.50
12897,29,761,78,186,39334.44
12902,29,830,81,357,39576.88
12907,29,858,83,68,39471.62
12913,29,855,83,63,39477.69
12918,29,847,81,66,39530.94
12923,29,834,80,197,39491.94
12928,29,840,81,206,39513.00
12933,29,854,79,242,39522.88
12938,29,810,86,80,39446.31
12943,29,757,82,106,39469.94
12948,29,805,80,73,39431.69
12953,29,828,83,67,39584.69
12958,29,860,83,64,39484.88
12963,30,749,83,82,40014.62
12968,34,1319,85,237,40559.31
12974,29,866,85,340,40247.31
12979,38,1691,85,67,40334.81
12984,39,1710,82,279,40494.19
12989,29,848,83,112,40398.19
12994,29,819,387,59,40206.06
12999,29,854,85,209,40078.06
13004,29,861,85,73,39729.62
13009,29,842,85,150,39675.19
13014,29,849,83,105,39729.06
13019,34,1283,81,92,39929.94
13024,34,1370,81,62,39854.38
13029,34,1282,83,68,39961.69
13034,34,1269,83,76,40011.56
13040,34,1315,81,70,39995.06
13045,34,1309,77,59,40003.00
13050,34,1295,81,82,39920.50
13055,34,1250,80,74,39798.56
13060,34,1092,71,73,39421.81
13065,34,1228,71,111,39769.56
13070,34,1242,70,76,39586.31
13075,34,1128,69,62,39616.50
13080,34,1245,69,68,39742.06
13085,34,1240,70,70,39948.19
13090,34,1257,72,63,39728.88
13095,34,1151,71,73,39656.56
13100,34,1223,71,77,39645.25
13106,34,1188,75,63,39765.12
13111,34,1244,71,73,39861.56
13116,34,1072,71,65,39542.62
13121,34,1204,108,290,40319.44
13126,34,1261,75,218,40295.56
13131,39,1660,71,80,40604.94
13136,34,1182,70,66,40433.44
13141,34,1255,71,68,40465.00
13146,34,1185,70,61,40301.81
13151,34,1207,75,84,40346.19
13156,34,1237,73,67,40387.38
13162,34,1260,74,71,40422.94
13167,34,1180,72,82,40354.00
13172,34,1202,71,103,39792.69
13177,34,1206,69,58,39679.12
13182,34,1137,75,63,39479.62
13187,34,1120,68,109,39245.75
13192,34,1289,70,81,39445.88
13197,34,1222,70,89,39591.25
13202,34,1139,69,113,39425.44
13207,34,1135,67,77,39578.06
13212,34,1236,72,71,39589.75
13218,34,1256,74,97,39676.62
13223,34,1245,75,75,39832.00
13228,34,1237,74,74,39764.62
13233,34,1225,74,74,39815.56
13238,34,1161,70,63,39750.62
13243,34,1182,71,75,39638.12
13248,34,1136,72,73,39508.25
13253,34,1296,68,97,39419.81
13258,34,1087,69,70,39340.62
13263,34,1228,68,80,39545.81
13268,34,1239,70,75,39505.62
13273,34,1134,72,68,39297.12
13279,34,1194,72,76,39397.69
13284,34,1229,72,57,39582.00
13289,34,1213,71,72,39482.81
13294,34,1226,70,86,39401.00
13299,34,1220,70,76,39438.06
13304,34,1178,72,68,39431.94
13309,34,1148,70,75,39459.50
13314,34,1109,70,77,39447.19
13319,34,1188,70,72,39482.94
13324,34,1234,70,98,39460.81
13329,34,1144,68,64,39174.94
13334,34,1182,73,60,39297.06
13339,43,1894,68,104,39993.56
13345,34,1218,75,61,39599.06
13350,34,1082,69,70,38744.94
13355,34,1174,68,101,39094.31
13360,34,1190,69,94,39132.88
13365,34,1188,70,77,38926.69
13370,29,785,69,64,38867.50
13375,29,810,66,300,38892.94
13380,34,1344,65,89,38921.62
13385,34,1321,66,98,39003.31
13390,34,1247,66,68,38866.75
13395,34,1066,65,58,38645.56
13400,34,1241,65,65,39022.75
13405,34,1319,68,83,39269.00
13410,34,1194,168,56,39254.19
13416,34,1227,66,61,38915.81
13421,34,1121,66,115,38523.38
13426,34,1197,69,101,38784.44
13431,34,1222,69,144,38940.62
13436,34,1260,69,73,38952.12
13441,34,1281,66,104,39007.06
13446,34,1171,66,81,38874.44
13451,34,1213,66,63,38868.56
13456,34,1210,63,85,38817.38
13461,34,1198,65,62,38830.75
13466,34,1273,72,73,38950.75
13471,34,1268,72,73,38854.69
13476,34,1119,62,58,38664.00
13482,29,771,68,68,38462.88
13487,29,778,68,121,38817.00
13492,29,830,68,58,38807.75
13497,34,1159,66,82,39176.12
13502,29,826,65,69,38579.31
13507,29,1183,67,116,38863.38
13512,38,2320,67,56,39376.38
13517,29,869,70,605,39190.94
13522,38,1814,65,99,39251.88
13527,29,804,67,369,38945.12
13532,29,808,63,161,38682.12
13537,29,833,66,74,38651.69
13543,34,1230,64,66,39208.94
13548,29,824,67,77,38783.56
13553,34,1068,63,59,38956.19
13558,36,1400,62,64,39279.25
13563,45,2109,62,76,39427.38
13568,36,1315,65,96,39322.19
13573,36,1382,67,67,39263.06
13578,36,1456,66,76,39167.19
13583,36,1428,69,68,39144.06
13588,36,1449,63,168,39276.56
13593,36,1476,65,77,39192.75
13599,36,1517,65,122,39292.19
13604,36,1464,67,62,39394.44
13609,35,1337,67,120,39330.31
13614,30,897,67,172,39299.56
13619,34,1303,67,67,39372.56
13624,37,1727,66,83,39515.19
13629,37,1803,67,98,39492.88
13634,37,1707,68,99,39487.06
13639,37,1667,66,97,39257.81
13644,37,1545,63,71,39274.94
13649,37,1439,65,44,38947.38
13655,37,1648,64,76,39076.50
13660,37,1641,65,69,39195.75
13665,37,1616,67,143,39146.06
13670,36,1454,64,137,38979.00
13675,29,817,65,58,39032.88
13680,29,847,65,476,39193.56
13685,29,861,65,64,38770.81
13690,29,784,65,69,38482.00
13695,29,803,66,60,38589.31
13700,29,827,67,208,38890.81
13705,29,835,69,63,38746.25
13710,29,830,69,113,38702.69
13716,29,810,66,111,38871.38
13721,29,848,68,143,38901.50
13726,29,831,70,223,38889.19
13731,29,843,70,72,38894.94
13736,29,784,67,65,39061.31
13741,29,801,68,75,38798.25
13746,29,846,66,75,38721.00
13751,29,749,65,439,39122.31
13756,29,742,64,36,38625.75
13761,29,831,67,110,38668.44
13766,29,864,75,119,38828.00
13771,29,868,138,74,39032.00
13777,29,827,129,294,38999.19
13782,29,806,80,88,38857.88
13787,29,818,90,78,38768.50
13792,29,797,89,79,38801.94
13797,29,836,82,66,38810.25
13802,29,860,79,69,38720.69
13807,29,871,79,60,38621.81
13812,29,867,81,65,38563.69
13817,29,741,79,66,38512.00
13822,29,843,81,95,38753.44
13827,29,842,80,77,38682.25
13832,29,815,79,72,38661.12
13837,29,801,79,87,38510.06
13842,29,835,81,91,38717.81
13848,29,794,81,503,39160.88
13853,29,856,81,78,38718.88
13858,29,848,79,61,38553.69
13863,29,833,78,95,32327.50
13868,29,854,79,64,32464.94
13873,29,866,81,62,32429.69
13878,29,890,81,80,32589.75
13883,29,858,82,81,32613.75
13888,29,821,77,57,32511.62
13893,29,836,81,61,32780.88
13898,29,815,82,163,32813.69
13903,29,814,83,104,32614.44
13908,29,723,81,91,32362.06
13913,29,812,77,67,32286.38
13919,29,786,78,61,32879.56
13924,29,843,78,65,32707.88
13929,29,803,79,60,32434.31
13934,29,828,81,208,32795.06
13939,29,844,81,90,32797.12
13944,29,829,86,59,32765.06
13949,30,953,82,67,32827.75
13954,29,796,471,163,33096.19
13959,34,1190,81,302,33339.56
13964,34,931,70,19,32820.12
13970,29,764,71,308,32882.12
13975,29,799,71,72,32632.75
13980,29,801,69,74,32438.81
13985,29,807,70,83,32541.75
13990,29,1080,70,65,32717.12
13995,29,968,71,58,32843.69
14000,29,914,73,231,32796.69
14005,29,944,71,62,32793.69
14010,29,925,71,116,32947.50
14015,29,943,71,129,33075.38
14020,29,932,70,80,32907.31
14025,29,927,71,70,32831.94
14031,29,908,71,80,32740.19
14036,29,808,67,112,32694.75
14041,29,936,71,71,32763.44
14046,29,996,69,254,33093.75
14051,29,970,71,97,33147.38
14056,29,934,73,64,32851.31
14061,29,916,70,60,32828.81
14066,29,908,69,63,33007.00
14071,29,975,71,160,33073.06
14076,29,931,71,66,33136.75
14081,29,922,70,68,33069.81
14087,29,921,73,67,32919.56
14092,29,914,69,60,32764.44
14097,29,802,63,66,32549.88
14102,29,1007,70,81,33268.50
14107,29,1029,70,74,33077.75
14112,29,944,66,93,32872.81
14118,29,894,64,87,32678.44
14123,29,935,71,80,33144.25
14128,29,938,69,92,32979.81
14133,29,941,68,57,32730.62
14138,29,919,63,70,32663.69
14143,30,1022,68,159,32846.44
14148,29,922,65,226,32824.06
14153,29,923,68,63,32843.56
14158,29,832,62,107,32487.69
14163,30,1042,68,244,32926.00
14168,29,930,68,242,32997.00
14173,29,905,69,240,32908.25
14179,29,884,67,403,32809.00
14184,29,817,68,75,32525.50
14189,29,899,68,69,32672.19
14194,29,932,68,90,32721.19
14199,29,933,68,77,32671.38
14204,29,881,67,79,32451.75
14209,29,901,68,73,32485.06
14214,29,898,67,72,32441.75
14219,29,912,66,91,32405.19
14224,29,895,66,80,32424.69
14229,29,948,66,63,32424.06
14234,29,955,68,69,32580.50
14239,29,913,67,181,32629.38
14245,29,868,66,89,32470.50
14250,29,903,66,93,32637.94
14255,29,980,66,65,32675.25
14260,29,978,66,116,32628.50
14265,29,975,68,79,32527.00
14270,29,875,64,70,32194.62
14275,29,914,66,67,32404.50
14280,29,946,66,83,32340.25
14285,29,947,66,77,32365.12
14290,29,956,66,72,32448.81
14295,29,968,68,89,32694.81
14300,29,975,68,67,32461.94
14306,29,879,71,97,32486.25
14311,29,916,71,96,32502.75
14316,29,884,66,123,32631.06
14321,29,944,66,78,32713.69
14326,29,930,67,136,32678.25
14331,29,911,66,80,32539.69
14336,29,940,66,83,32646.94
14341,29,972,66,75,32598.56
14346,29,981,66,62,32711.75
14351,29,989,66,160,32722.56
14356,29,897,69,90,32369.25
14361,29,965,69,85,32484.00
14367,29,946,73,100,32588.69
14372,29,870,66,28,32384.81
14377,29,936,66,65,32762.06
14382,29,930,66,69,32654.56
14387,29,926,68,95,32737.94
14392,29,903,66,68,32483.50
14397,29,871,66,113,32399.38
14402,29,973,66,66,32602.81
14407,29,951,66,92,32628.00
14412,29,875,66,57,32173.88
14417,29,938,69,65,32526.31
14422,29,953,69,101,32868.50
14427,29,979,70,69,32574.00
14433,29,1025,66,74,32646.56
14438,29,979,64,166,32569.44
14443,29,1021,66,134,32724.56
14448,29,992,68,98,32593.12
14453,29,958,68,124,32564.38
14458,29,942,64,118,32580.19
14463,29,1035,66,119,32761.62
14468,29,1041,66,63,32565.12
14473,29,1000,65,144,32499.31
14478,29,970,65,66,32544.75
14483,29,980,68,100,32737.06
14488,29,963,68,66,32632.94
14493,29,925,63,72,32411.88
14499,29,958,66,215,32666.44
14504,29,975,68,116,32677.06
14509,29,963,68,90,32607.88
14514,29,977,68,72,32736.25
14519,29,814,65,64,32445.00
14524,29,955,66,98,32343.19
14529,29,985,66,107,32467.50
14534,29,1002,68,74,32594.44
14539,29,880,68,54,32444.12
14544,29,973,73,63,32847.44
14549,29,938,69,63,32821.94
14554,29,957,66,85,32770.56
14560,29,823,64,67,32352.56
14565,29,942,67,58,32570.38
14570,29,942,67,97,32701.69
14575,29,949,67,60,32730.69
14580,29,941,64,133,32625.88
14585,29,962,66,104,32634.88
14590,29,995,66,91,32915.56
14595,29,964,66,68,32775.19
14600,29,994,68,76,32802.06
14605,29,981,89,68,32711.62
14610,29,859,84,36,32326.62
14615,29,963,87,89,32611.69
14620,29,964,71,72,32534.69
14626,29,957,72,58,32655.75
14631,29,950,71,61,32542.69
14636,29,967,71,67,32804.50
14641,29,986,69,58,32734.31
14646,29,972,69,86,32786.81
14651,29,992,69,149,32629.88
14656,29,943,70,60,32600.50
14661,29,968,70,72,32725.12
14666,29,969,71,141,32801.88
14671,29,960,69,60,32585.19
14676,29,929,68,57,32507.75
14681,29,958,69,84,32620.38
14687,29,969,71,142,32764.19
14692,29,963,71,67,32578.56
14697,29,968,71,69,32703.81
14702,29,977,68,60,32655.50
14707,29,950,69,90,32497.44
14712,29,979,69,87,32733.19
14717,29,994,71,67,32710.44
14722,29,1009,71,138,32838.81
14727,29,870,69,119,32649.06
14732,29,973,69,58,32767.06
14737,29,958,69,64,32697.12
14742,29,961,69,71,32660.50
14748,29,955,70,73,32647.19
14753,29,947,70,62,32410.12
14758,29,966,70,75,32652.75
14763,29,996,69,82,32680.44
14768,29,1002,66,66,32562.69
14773,29,948,68,63,32407.75
14778,29,974,70,105,32906.75
14783,29,949,71,67,32775.50
14788,29,965,71,69,32816.50
14793,29,988,69,76,32759.62
14798,29,868,65,73,32217.62
14803,29,956,69,107,32378.94
14808,29,971,70,76,32614.06
14814,29,948,70,66,32580.00
14819,29,871,69,101,32481.06
14824,29,973,69,74,32647.00
14829,29,979,71,76,32627.69
14834,29,994,73,117,32705.56
14839,29,967,71,100,32578.12
14844,29,939,68,77,32544.81
14849,29,950,69,102,32849.19
14854,29,947,69,57,32748.94
14859,29,962,69,95,32748.38
14864,29,939,69,118,32574.19
14869,29,973,72,150,32740.00
14874,29,978,72,63,32730.31
14880,29,980,72,120,32680.56
14885,29,1030,69,70,32788.19
14890,29,851,69,58,32367.50
14895,29,940,70,123,32632.56
14900,29,962,71,86,32645.56
14905,29,924,71,71,32696.50
14910,29,933,71,90,32598.75
14915,29,925,69,118,32722.88
14920,29,945,69,69,32706.69
14925,29,890,70,115,32640.00
14930,29,895,70,71,32502.38
14935,29,908,69,67,32529.62
14941,29,947,69,58,32603.31
14946,29,942,69,79,32609.81
14951,29,967,70,77,32659.62
14956,29,911,72,71,32581.88
14961,29,940,72,125,32781.44
14966,29,960,71,74,32731.31
14971,29,1046,71,131,32856.88
14976,29,1062,69,85,32876.94
14981,29,853,69,19,32507.38
14986,29,884,72,83,32445.56
14991,29,915,72,60,32588.69
14996,29,906,72,78,32569.81
15002,29,902,67,65,32632.44
15007,29,958,69,87,32786.94
15012,29,990,69,62,32724.94
15017,29,916,70,101,32795.81
15022,29,925,70,90,32827.69
15027,29,923,71,62,32694.69
15032,29,955,74,83,32716.00
15037,29,970,74,86,32846.31
15042,29,881,68,67,32554.06
15047,29,898,70,67,32607.69
15052,29,951,70,108,32837.31
15057,29,937,70,71,32686.25
15062,29,984,70,64,32690.19
15068,29,923,70,72,32558.69
15073,29,957,70,65,32666.19
15078,29,934,72,66,32529.81
15083,29,953,71,126,32855.81
15088,29,929,69,76,32913.50
15093,29,916,71,88,32820.69
15098,29,925,68,70,32873.81
15103,29,910,68,92,32718.25
15108,29,892,68,80,32818.75
15113,29,899,70,118,32654.31
15118,29,915,70,62,32750.56
15123,29,925,66,73,32548.44
15128,29,960,69,150,32689.25
15134,29,971,69,101,32782.19
15139,29,913,70,72,32787.62
15144,29,911,76,90,33134.69
15149,29,789,71,61,32805.38
15154,29,852,65,65,32833.94
15159,29,920,68,61,32980.81
15164,29,939,69,75,33072.81
15169,29,927,70,95,32942.50
15174,29,811,70,67,32893.88
15179,29,920,68,64,33165.44
15184,29,939,67,65,33098.31
15189,29,926,70,89,33053.00
15195,29,911,70,61,32912.88
15200,29,892,69,64,32902.56
15205,29,856,69,65,33010.00
15210,29,905,69,71,33008.00
15215,29,915,69,66,32935.69
15220,29,935,67,71,32987.06
15225,29,840,69,87,32739.88
15230,29,911,70,102,32902.19
15235,29,911,71,67,32866.12
15240,29,928,71,147,32994.44
15245,29,906,69,78,32856.19
15250,29,900,67,91,32438.94
15255,29,927,70,76,32750.31
15261,29,951,70,96,32737.19
15266,29,938,75,65,32760.38
15271,29,909,73,58,32611.44
15276,29,933,73,64,32940.19
15281,29,909,73,75,32836.81
15286,29,912,70,76,32889.25
15291,29,898,70,60,32787.62
15296,29,819,70,64,32713.25
15301,29,942,67,88,32610.31
15306,29,956,68,101,32825.19
15311,29,987,68,77,32815.06
15316,29,900,69,69,32718.31
15321,29,907,70,116,32715.25
15326,29,926,70,79,32882.81
15332,29,912,70,99,32871.69
15337,29,941,68,130,32824.88
15342,29,924,67,62,32718.19
15347,29,892,36,97,32577.00
15352,29,906,36,82,32699.25
15357,29,899,36,67,32675.50
15362,29,908,34,65,32622.56
15367,29,935,34,139,32919.75
15372,29,949,34,76,32712.06
15377,29,923,36,64,32774.69
15382,29,903,39,69,32760.19
15387,29,841,35,223,32786.25
15393,29,923,39,87,32783.50
15398,29,932,34,67,32689.00
15403,29,899,30,106,32657.62
15408,29,916,36,80,32916.44
15413,29,920,36,74,32878.81
15418,29,911,36,72,32945.75
15423,29,952,36,69,32918.00
15428,29,887,34,64,32605.88
15433,29,890,35,72,32497.62
15438,29,915,37,138,32694.62
15443,29,904,37,156,32856.44
15448,29,926,37,91,32951.88
15453,29,895,33,57,32816.25
15459,29,912,33,97,33040.75
15464,29,910,33,64,32881.12
15469,29,899,35,108,32844.06
15474,29,905,35,65,32751.31
15479,29,916,34,62,32787.31
15484,29,936,33,101,32677.06
15489,29,1030,33,74,32882.06
15494,29,949,32,67,32695.94
15499,29,944,34,118,32584.19
15504,29,975,42,59,32856.31
15509,29,991,40,59,32829.50
15514,29,956,40,62,32911.81
15520,29,967,40,76,32820.44
15525,29,806,31,90,32454.38
15530,29,937,34,148,32712.00
15535,29,942,34,80,32755.44
15540,29,896,34,69,32672.94
15545,29,935,32,78,32894.56
15550,29,948,32,99,32935.50
15555,29,909,34,67,32833.44
15560,29,910,35,61,32704.75
15565,29,863,32,72,32755.06
15570,29,917,32,112,32838.31
15575,29,939,32,103,32860.56
15580,29,918,32,84,32781.81
15585,29,888,32,98,32756.88
15591,29,917,34,128,32883.19
15596,29,923,34,71,32851.38
15601,29,956,34,75,32798.31
15606,29,925,34,66,32855.31
15611,29,906,34,119,32637.69
15616,29,936,36,96,32717.50
15621,29,934,34,78,32650.62
15626,29,909,34,58,32865.38
15631,29,878,32,121,32834.88
15636,29,926,32,65,32852.12
15641,29,925,31,76,32756.19
15646,29,928,34,139,32885.00
15651,29,915,34,139,32736.81
15657,29,925,34,90,32827.94
15662,29,938,32,65,32887.75
15667,29,871,30,91,32587.19
15672,29,947,32,79,32739.38
15677,29,970,34,101,32958.38
15682,29,936,34,71,32899.38
15687,29,944,34,65,32886.50
15692,29,877,32,102,32691.06
15697,29,925,32,89,32739.44
15702,29,936,32,107,32754.12
15707,29,927,34,66,32799.56
15712,29,934,33,74,32789.38
15717,29,936,34,79,32937.94
15723,29,920,34,67,32772.81
15728,29,963,32,86,32868.62
15733,29,930,32,100,32605.38
15738,29,956,34,124,33044.19
15743,29,881,38,86,32941.12
15748,29,799,35,65,32755.38
15753,29,880,32,74,32799.88
15758,29,912,32,74,32983.69
15763,29,921,32,74,32833.69
15768,29,934,34,79,32892.56
15773,29,890,33,25,32605.38
15778,29,903,33,87,32723.19
15783,29,946,32,61,32661.56
15789,29,959,32,147,32805.56
15794,29,922,33,122,32735.94
15799,29,944,36,101,32914.38
15804,29,884,36,66,32900.81
15809,29,929,34,62,32853.31
15814,29,924,32,90,32767.44
15819,29,897,32,105,32641.62
15824,29,951,32,77,32845.31
15829,29,904,34,64,32814.69
15834,29,852,34,111,32396.25
15839,29,905,34,116,32881.50
15844,29,954,34,58,32862.69
15849,29,962,32,145,32925.88
15854,29,971,32,66,32776.88
15860,29,778,33,68,32822.25
15865,29,865,34,100,33273.31
15870,29,903,32,101,33335.38
15875,29,917,32,69,33379.56
15880,29,859,32,91,33153.94
15885,29,903,32,71,33424.69
15890,29,894,33,79,33206.50
15895,29,902,34,82,33179.94
15900,29,918,34,60,32963.81
15905,29,937,31,129,32949.25
15910,29,961,32,110,32980.75
15916,29,886,32,60,32883.88
15921,29,937,34,70,33060.62
15926,29,772,37,92,32758.75
15931,29,878,37,77,32951.00
15936,29,905,37,66,33076.12
15941,29,919,37,121,33144.12
15946,29,830,31,68,32983.25
15951,29,806,34,79,32718.56
15956,29,873,34,69,32923.69
15961,29,918,34,92,32914.38
15966,29,915,32,88,32782.06
15971,29,880,31,84,32815.12
15976,29,919,34,76,33087.62
15982,29,877,34,87,33037.81
15987,29,889,33,62,33040.62
15992,29,883,32,57,32991.81
15997,29,868,30,67,32957.88
16002,29,882,34,85,32965.12
16007,29,888,36,65,33094.00
16012,29,875,36,60,32988.12
16017,29,859,31,77,32790.25
16022,29,939,31,110,33063.12
16027,29,979,32,81,33062.88
16032,29,987,32,57,33002.75
16037,29,986,34,83,33076.19
16042,29,868,32,63,33048.75
16047,29,793,32,66,32777.44
16053,29,841,32,70,32968.12
16058,29,872,31,69,32874.56
16063,29,917,31,97,33052.12
16068,29,924,34,71,33061.31
16073,29,887,34,145,32971.69
16078,29,907,34,85,33083.69
16083,29,904,34,76,32891.62
16088,29,907,32,92,33042.00
16093,29,919,32,119,32911.12
16098,29,815,32,103,32775.81
16103,29,895,34,64,33036.31
16108,29,872,34,94,33036.25
16113,29,864,32,108,32935.62
16119,29,877,32,96,32918.44
16124,29,889,32,92,33121.50
16129,29,891,34,76,32994.25
16134,29,885,34,75,32864.31
16139,29,899,34,72,32999.38
16144,29,910,29,67,32724.19
16149,29,947,32,104,32807.06
16154,29,958,32,94,32832.31
16159,29,931,34,68,32792.00
16164,29,913,39,101,33021.38
16169,29,850,39,63,32862.25
16174,29,899,37,89,33046.50
16180,29,880,34,91,32975.25
16185,29,874,34,75,32770.38
16190,29,875,36,61,32966.62
16195,29,849,34,66,32760.56
16200,29,895,34,72,33069.75
16205,29,907,32,80,33111.38
16210,29,925,32,65,33088.00
16215,29,866,55,88,33281.31
16220,29,891,34,99,33297.12
16225,29,909,34,79,33177.75
16230,29,954,34,65,32773.06
16235,29,937,32,66,32637.81
16240,29,796,31,104,32319.81
16246,29,900,32,93,32500.25
16251,29,903,34,64,32489.25
16256,29,856,34,33,32480.62
16261,29,919,34,66,32567.56
16266,29,914,32,55,32497.62
16271,29,938,32,64,32509.94
16276,29,911,32,62,32473.19
16281,29,874,34,85,32364.44
16286,29,902,34,96,32666.25
16291,29,887,32,119,32556.44
16296,29,836,32,81,32275.06
16301,29,900,32,128,32589.38
16306,29,888,32,59,32615.25
16312,29,886,34,73,32639.25
16317,29,910,34,78,32617.31
16322,29,860,29,62,32314.19
16327,29,927,32,110,32454.25
16332,29,953,32,74,32348.69
16337,29,983,34,91,32484.88
16342,29,999,34,79,32614.81
16347,29,954,39,65,32815.50
16352,29,897,37,75,32636.81
16357,29,897,33,109,32624.00
16362,29,917,32,55,32522.31
16367,29,889,33,73,32603.94
16373,29,888,34,64,32437.38
16378,29,899,34,65,32580.38
16383,29,924,34,67,32663.25
16388,29,887,32,121,32583.19
16393,29,889,32,69,32278.44
16398,29,945,34,91,32602.00
16403,29,930,34,78,32791.69
16408,29,923,37,97,32652.31
16413,29,933,37,65,32607.88
16418,29,881,32,57,32454.12
16423,29,847,32,116,32259.50
16428,29,909,34,114,32429.94
16434,29,914,34,64,32407.50
16439,29,816,31,63,32540.81
16444,29,842,31,114,32492.06
16449,29,931,32,75,32541.94
16454,29,956,32,65,32563.00
16459,29,933,33,59,32512.88
16464,29,882,34,86,32493.62
16469,29,916,34,125,32676.00
16474,29,900,32,71,32535.50
16479,29,885,32,123,32414.38
16484,29,919,32,130,32481.19
16489,29,934,34,98,32635.44
16494,29,938,34,72,32578.56
16500,29,926,34,67,32521.56
16505,29,872,33,84,32300.50
16510,29,925,34,97,32430.75
16515,29,906,32,151,32432.25
16520,29,912,34,72,32561.50
16525,29,904,34,66,32583.75
16530,29,908,34,65,32607.19
16535,29,903,32,77,32449.06
16540,29,907,32,152,32608.88
16545,29,855,32,55,32379.38
16550,29,898,34,74,32597.56
16555,29,901,34,64,32594.38
16560,29,850,32,57,32427.12
16565,29,944,32,71,32504.38
16571,29,971,32,87,32660.69
16576,29,941,32,66,32562.31
16581,29,950,34,91,32641.38
16586,29,836,31,66,32435.56
16591,29,815,32,102,32401.12
16596,29,908,32,67,32573.81
16601,29,915,32,85,32540.88
16606,29,900,32,129,32717.88
16611,29,915,34,132,32727.62
16616,29,904,34,82,32581.75
16621,29,920,34,86,32652.12
16626,29,920,34,102,32609.88
16632,29,860,34,71,32302.38
16637,29,911,34,63,32499.94
16642,29,916,34,87,32736.75
16647,29,846,34,65,32610.94
16652,29,836,32,112,32346.62
16657,29,915,32,86,32558.12
16662,29,934,32,67,32672.25
16667,29,898,32,81,32525.62
16672,29,906,34,66,32582.44
16677,29,885,33,70,32547.38
16682,29,937,34,162,32697.00
16687,29,935,32,77,32549.19
16692,29,949,34,81,32584.56
16697,29,904,34,110,32830.62
16703,29,836,42,74,32770.25
16708,29,891,43,75,32727.50
16713,29,909,40,28,32484.00
16718,29,920,34,83,32603.81
16723,29,905,34,105,32445.50
16728,29,913,36,131,32726.81
16733,29,917,36,68,32532.94
16738,29,871,36,75,32429.94
16743,29,948,36,105,32743.94
16748,29,924,34,74,32640.12
16753,29,962,34,126,32751.81
16758,29,973,36,77,32602.88
16763,29,763,36,89,32333.00
16769,29,891,37,76,32534.81
16774,29,902,35,100,32496.00
16779,29,910,35,92,32386.75
16784,29,838,32,69,32468.38
16789,29,934,36,101,32770.88
16794,29,924,36,71,32603.00
16799,29,915,36,131,32674.75
16804,29,947,36,73,32594.94
16809,29,913,34,82,32536.25
16814,29,934,34,67,32507.31
16819,29,961,36,68,32637.44
16824,29,950,41,66,32622.88
16829,29,840,39,161,32626.75
16835,29,882,39,87,32671.75
16840,29,909,34,79,32699.38
16845,29,909,34,105,32655.12
16850,29,910,36,78,32672.31
16855,29,837,35,80,32351.88
16860,29,918,36,107,32562.38
16865,29,963,36,119,32670.19
16870,29,967,34,72,32484.25
16875,29,883,34,60,32474.69
16880,29,939,36,62,32752.12
16885,29,902,37,77,32738.19
16890,29,918,37,64,32770.62
16895,29,886,34,72,32546.81
16900,29,909,34,58,32635.81
16906,29,927,35,67,32702.44
16911,29,932,38,61,32865.75
16916,29,917,38,78,32875.94
16921,29,932,35,81,32821.88
16926,29,867,34,69,32713.69
16931,29,955,34,72,32880.94
16936,29,926,34,77,32909.75
16941,29,941,36,82,32864.00
16946,29,833,42,82,32850.06
16951,29,874,40,78,32676.44
16956,29,872,33,87,32602.38
16961,29,910,33,68,32722.25
16966,29,920,34,82,32705.06
16972,29,988,36,62,32739.69
16977,29,939,35,59,32670.19
16982,29,984,36,131,32811.06
16987,29,958,34,74,32765.00
16992,29,975,34,88,32730.75
16997,29,944,34,118,32701.69
17002,29,906,36,75,32712.69
17007,29,882,37,70,32765.62
17012,29,901,37,61,32874.31
17017,29,881,34,112,32793.94
17022,29,837,32,68,32396.94
17027,29,902,34,68,32756.44
17032,29,917,38,75,32875.31
17037,29,889,38,94,32785.25
17043,29,954,38,63,32793.81
17048,29,930,33,81,32622.44
17053,29,981,34,71,32774.94
17058,29,943,34,86,32681.06
17063,29,888,39,58,32788.88
17068,29,917,41,102,32887.94
17073,29,922,41,71,32789.31
17078,29,941,36,159,32789.62
17083,29,919,33,89,32632.81
17088,29,892,32,225,32827.50
17093,29,906,36,74,32723.19
17098,29,893,35,79,32731.50
17104,29,903,32,127,32521.56
17109,29,934,34,130,32775.94
17114,29,954,34,75,32735.56
17119,29,956,36,113,32826.69
17124,29,938,37,63,32903.44
17129,29,845,34,89,32548.88
17134,29,910,35,77,32729.19
17139,29,925,35,76,32686.06
17144,29,936,34,64,32688.56
17149,29,935,36,108,32866.00
17154,29,957,36,91,32798.69
17159,29,927,36,84,32675.31
17164,29,941,36,72,32736.38
17170,29,940,32,104,32680.06
17175,29,959,34,74,32750.94
17180,29,901,36,65,32780.12
17185,29,889,41,63,32670.50
17190,29,919,42,130,33022.12
17195,29,910,40,81,33018.75
17200,29,919,40,96,33064.25
17205,29,925,34,88,32939.94
17210,29,860,37,70,32681.69
17215,29,907,38,96,32783.69
17220,29,917,38,76,32788.75
17225,29,947,38,69,32706.81
17230,29,939,34,69,32694.06
17235,29,980,34,162,33086.81
17241,29,932,36,76,32946.94
17246,29,916,36,68,32900.88
17251,29,911,35,63,32938.44
17256,29,798,34,71,32949.19
17261,29,873,34,74,32836.69
17266,29,921,34,89,33119.88
17271,29,922,36,86,33003.38
17276,29,906,36,90,32920.50
17281,29,904,36,63,32900.69
17286,29,934,36,62,33113.06
17291,29,960,34,200,33143.50
17296,29,977,34,79,33078.50
17301,29,949,36,64,32978.44
17307,29,801,34,58,32665.25
17312,29,823,34,339,34002.75
17317,29,926,34,63,33655.75
17322,29,948,34,139,33192.69
17327,29,948,33,113,33160.69
17332,29,957,36,134,33239.12
17337,29,929,36,71,33095.38
17342,29,948,36,90,33081.81
17347,29,884,33,71,32955.81
17352,29,946,34,80,32987.06
17357,29,822,33,64,33558.75
17363,29,922,36,79,33183.06
17368,29,906,37,139,33177.31
17373,29,821,35,82,33289.31
17378,29,823,32,56,33632.38
17383,29,885,34,83,33253.50
17388,29,898,34,59,33200.75
17393,29,918,36,72,33268.75
17398,29,870,34,59,33971.44
17403,29,919,34,61,33881.75
17408,29,865,34,67,32896.06
17413,29,908,34,106,32958.69
17418,29,924,34,97,33071.19
17423,29,856,36,62,33507.06
17429,29,918,36,126,33425.44
17434,29,897,36,67,33312.62
17439,29,899,34,65,33257.06
17444,29,862,34,115,33008.50
17449,29,883,34,78,32988.19
17454,29,885,36,108,33013.75
17459,29,896,36,78,33165.69
17464,29,904,33,95,33060.88
17469,29,886,34,92,33181.50
17474,29,915,34,145,33397.12
17479,29,917,33,62,33444.94
17484,29,851,36,67,33500.94
17489,29,824,57,67,33520.56
17495,29,756,29,60,33279.50
17500,29,820,31,61,33543.12
17505,29,838,31,62,33553.44
17510,29,869,34,64,33594.38
17515,29,860,34,101,33614.19
17520,29,743,32,103,33369.06
17525,29,834,32,71,33415.44
17530,29,850,32,60,33407.81
17536,29,742,32,69,33279.56
17541,29,788,34,58,33288.06
17546,29,783,39,52,33456.38
17551,29,745,33,58,33361.81
17556,29,796,33,55,33334.25
17561,29,819,33,128,33292.81
17566,29,781,32,97,32569.81
17571,29,828,35,109,32692.62
17576,29,846,35,67,32782.38
17581,29,881,35,117,32822.06
17586,29,866,33,82,32811.69
17591,29,722,33,64,32352.69
17596,29,825,35,66,32565.62
17601,29,816,35,61,32685.00
17607,29,833,35,171,32892.50
17612,29,843,35,68,32757.25
17617,29,768,32,85,32774.50
17622,29,845,33,80,32924.06
17627,29,765,33,70,32961.88
17632,29,831,35,59,32864.00
17637,29,800,35,56,32855.56
17642,29,819,33,73,32785.75
17647,29,838,33,115,32928.94
17652,29,861,33,64,32873.56
17657,29,871,33,99,32875.94
17662,29,775,35,243,32894.88
17667,29,819,35,91,32866.81
17672,29,825,34,74,32736.56
17678,29,839,33,74,32879.19
17683,29,757,32,93,32380.06
17688,29,835,33,93,32573.44
17693,29,878,35,83,32714.88
17698,29,891,35,76,32710.56
17703,29,873,31,62,32695.25
17708,29,891,33,65,33112.12
17713,29,846,33,72,33103.25
17718,29,838,33,93,32957.44
17723,29,782,38,89,32834.00
17728,29,790,37,68,32789.81
17734,29,822,37,70,32859.69
17739,29,858,31,90,32803.94
17744,29,843,31,64,32530.88
17749,29,823,31,99,32537.75
17754,29,840,33,109,32714.75
17759,29,810,33,66,32659.69
17764,29,877,33,75,32752.38
17769,29,815,28,57,32483.94
17774,29,840,31,136,32466.62
17779,29,858,33,85,32474.31
17784,29,804,31,62,32661.06
17789,29,855,33,95,32916.31
17794,29,815,31,61,32715.25
17800,29,825,29,67,32772.25
17805,29,839,31,65,32674.75
17810,29,780,28,109,32645.06
17815,29,827,33,135,32797.50
17820,29,826,33,75,32679.62
17825,29,786,29,55,32572.00
17830,29,859,31,110,32703.38
17835,29,913,31,75,32896.31
17840,29,880,31,80,32798.44
17845,29,866,33,60,32835.94
17850,29,725,30,61,32632.94
17855,29,785,31,44,32696.00
17861,29,818,31,65,32775.88
17866,29,851,31,67,32887.12
17871,29,860,33,73,32827.06
17876,29,825,33,72,32737.75
17881,29,882,33,77,32931.25
17886,29,854,31,82,32796.88
17891,29,813,31,88,32700.88
17896,29,833,31,68,32773.56
17901,29,845,32,123,33034.94
17906,29,836,38,60,33048.62
17911,29,850,38,55,32960.31
17916,29,827,32,83,32793.00
17922,29,853,33,106,33036.62
17927,29,847,33,69,32967.38
17932,29,845,33,70,33037.88
17937,29,834,33,80,33005.25
17942,29,758,31,80,32604.75
17947,29,869,31,69,32770.44
17952,29,903,31,64,32745.25
17957,29,904,31,134,32871.62
17962,29,772,33,99,33027.75
17967,29,836,38,66,32959.94
17972,29,824,38,70,32941.19
17977,29,828,31,139,32974.38
17982,29,852,30,60,32819.12
17987,29,859,31,67,33043.56
17993,29,859,33,69,33026.12
17998,29,848,32,70,32995.44
18003,29,821,31,64,32660.50
18008,29,901,31,108,32982.12
18013,29,911,31,75,32962.31
18018,29,878,33,72,32915.31
18023,29,866,35,66,32945.38
18028,29,812,32,60,32750.44
18033,29,841,33,190,32879.50
18038,29,858,33,118,32825.69
18043,29,861,31,72,32687.19
18048,29,840,31,101,32936.19
18054,29,875,33,93,32963.88
18059,29,842,33,77,32813.38
18064,29,885,33,70,32837.56
18069,29,879,31,62,32826.94
18074,29,819,29,97,32657.25
18079,29,869,31,130,32909.75
18084,29,889,33,73,32961.00
18089,29,779,29,57,32762.44
18094,29,781,31,60,32688.56
18099,29,840,31,126,32940.00
18104,29,856,31,89,32934.19
18109,29,859,31,72,32918.81
18114,29,866,33,68,32870.19
18119,29,799,28,63,32628.50
18125,29,865,31,206,32921.94
18130,29,889,31,60,32750.00
18135,29,905,31,63,32860.62
18140,29,857,29,77,33024.25
18145,29,832,40,64,33170.31
18150,29,843,38,66,33184.12
18155,29,855,31,82,33085.31
18160,29,861,31,69,33046.38
18165,29,871,31,87,32969.50
18170,29,796,33,72,33012.19
18175,29,822,33,70,33000.44
18180,29,840,33,72,33160.12
18185,29,861,30,96,33161.38
18191,29,838,31,69,33051.88
18196,29,826,31,92,33036.38
18201,29,871,33,77,33322.69
18206,29,855,36,97,33250.25
18211,29,862,36,66,33208.75
18216,29,855,34,76,33115.62
18221,29,737,28,67,32682.06
18226,29,833,30,62,32762.44
18231,29,856,33,90,33076.06
18236,29,861,35,246,33230.69
18241,29,898,35,63,33057.69
18246,29,887,31,99,33211.31
18251,29,911,31,73,33175.56
18257,29,884,30,90,33049.56
18262,29,832,33,80,33189.69
18267,29,832,33,81,33103.00
18272,29,821,31,81,33061.19
18277,29,786,31,83,33086.56
18282,29,851,30,76,33152.81
18287,29,844,31,67,33097.62
18292,29,762,33,109,32803.88
18297,29,842,33,92,33242.75
18302,29,870,35,116,33149.50
18307,29,875,33,56,33299.19
18312,29,900,33,78,33076.81
18317,29,784,31,68,32662.94
18323,29,851,33,72,32980.44
18328,29,857,33,69,33002.94
18333,29,872,33,100,32932.44
18338,29,858,33,70,33031.88
18343,29,887,31,60,33165.62
18348,29,833,31,60,33000.75
18353,29,853,33,74,32995.88
18358,29,831,33,64,32950.50
18363,29,868,30,60,32970.00
18368,29,877,31,123,33067.25
18373,29,894,31,61,32936.25
18378,29,875,31,66,33000.56
18384,29,852,33,103,33002.56
18389,29,867,33,115,33067.19
18394,29,852,31,68,32959.94
18399,29,854,33,68,33058.88
18404,29,862,31,75,32944.12
18409,29,741,28,78,32696.75
18414,29,845,33,90,32796.81
18419,29,877,33,61,32893.12
18424,29,909,33,101,32809.50
18429,29,738,29,80,32789.44
18434,29,845,31,78,32939.19
18439,29,885,31,97,33025.44
18444,29,923,33,90,33116.62
18450,29,817,31,75,32999.06
18455,29,844,31,79,33089.50
18460,29,854,31,66,33029.94
18465,29,867,31,68,33048.56
18470,29,858,31,70,33076.50
18475,29,847,33,191,33041.44
18480,29,883,33,102,33077.00
18485,29,889,33,107,32989.25
18490,29,894,31,91,32911.19
18495,29,844,33,59,32870.19
18500,29,862,32,69,32815.44
18505,29,889,35,82,32970.25
18511,29,893,33,88,33095.94
18516,29,872,33,74,33023.62
18521,29,862,31,101,33067.62
18526,29,880,31,65,33090.44
18531,29,860,33,70,33035.00
18536,29,839,33,66,32837.56
18541,29,894,33,67,32975.62
18546,29,885,31,71,32893.19
18551,29,914,31,171,33191.44
18556,29,926,31,65,32981.00
18561,29,952,33,95,33011.56
18566,29,940,32,101,32883.94
18571,29,1012,33,88,33078.56
18577,29,961,31,66,33021.69
18582,29,904,31,64,32916.12
18587,29,850,30,68,32907.50
18592,29,835,33,84,32906.56
18597,29,854,33,77,32920.31
18602,29,923,33,65,33054.62
18607,29,858,30,75,32787.88
18612,29,917,31,89,32972.12
18617,29,927,31,97,33038.31
18622,29,860,31,68,33173.06
18627,29,824,38,66,33048.44
18632,29,822,36,68,32961.75
18637,29,865,30,77,33126.50
18642,29,888,31,76,33178.38
18648,29,874,31,68,33023.12
18653,29,839,32,94,32855.12
18658,29,822,33,83,32879.62
18663,29,828,31,67,32788.88
18668,29,893,31,65,33012.44
18673,29,923,31,77,32910.25
18678,29,881,31,86,33102.12
18683,29,861,33,75,33052.69
18688,29,870,33,111,33239.00
18693,29,848,33,74,33179.19
18698,29,866,31,106,33042.12
18703,29,889,31,143,33085.81
18709,29,900,31,82,33051.94
18714,29,871,33,59,33004.12
18719,29,848,33,71,33076.38
18724,29,847,31,82,32919.75
18729,29,904,33,84,33207.88
18734,29,884,33,55,33136.38
18739,29,899,33,78,33155.88
18744,29,832,37,60,33087.50
18749,29,825,36,60,33097.25
18754,29,781,31,61,33231.38
18759,29,861,31,59,33196.25
18764,29,793,152,62,33529.56
18769,29,836,31,66,33209.44
18774,29,734,32,66,32845.50
18780,29,842,33,66,33101.31
18785,29,870,31,120,33081.38
18790,29,873,31,58,33170.00
18795,29,847,31,100,32817.50
18800,29,877,31,104,33022.88
18805,29,878,33,75,32965.69
18810,29,808,33,86,33009.00
18815,29,825,31,30,32800.44
18820,29,870,31,78,33052.50
18825,29,878,31,65,33098.69
18830,29,800,29,68,32796.12
18835,29,817,33,79,32745.81
18840,29,892,33,68,32946.62
18846,29,917,33,177,33186.12
18851,29,922,33,73,32952.19
18856,29,801,31,73,32817.00
18861,29,900,31,87,33174.62
18866,29,843,38,88,33069.38
18871,29,876,38,61,33206.81
18876,29,853,33,66,32860.75
18881,29,885,33,93,33007.62
18886,29,898,33,81,33136.38
18891,29,855,31,64,33133.44
18896,29,846,33,71,33034.25
18901,29,878,35,240,33177.62
18906,29,887,35,64,33089.56
18911,29,893,33,76,33061.06
18917,29,863,31,80,33076.38
18922,29,870,33,79,33122.25
18927,29,816,33,74,32930.00
18932,29,858,33,65,33061.25
18937,29,855,31,68,33098.06
18942,29,804,31,95,32905.75
18947,29,845,31,66,33142.81
18952,29,865,33,69,33275.44
18957,29,856,33,105,33428.75
18962,29,887,33,91,33025.31
18967,29,915,33,96,33257.56
18972,29,924,31,61,33235.12
18977,29,854,31,69,33280.44
18983,29,838,38,104,33261.00
18988,29,841,38,67,33061.94
18993,29,868,38,88,33336.12
18998,29,844,36,81,33227.38
19003,29,848,31,65,32954.75
19008,29,816,30,70,33071.06
19013,29,810,31,33,32850.50
19018,29,881,33,91,33229.00
19023,29,893,33,77,33118.12
19028,29,896,30,98,33209.81
19033,29,833,31,101,32978.94
19038,29,895,31,60,33199.62
19043,29,862,32,92,33280.44
19049,29,820,33,84,33300.88
19054,29,815,33,70,33084.00
19059,29,863,31,66,32948.44
19064,29,907,31,70,33050.38
19069,29,975,31,99,33101.94
19074,29,963,33,82,33160.06
19079,29,852,33,58,32999.31
19084,29,870,33,118,33182.31
19089,29,914,33,73,33166.69
19094,29,919,31,74,33040.81
19099,29,912,31,63,33068.31
19104,29,809,40,69,33181.25
19109,29,814,40,64,32909.31
19114,29,879,38,65,33228.44
19120,29,873,31,107,33168.31
19125,29,807,30,58,32960.44
19130,29,862,33,119,33208.44
19135,29,866,35,61,33109.25
19140,29,874,35,94,33240.00
19145,29,915,33,76,33213.94
19150,29,918,31,66,32991.31
19155,29,940,31,67,33046.19
19160,29,940,31,91,33186.00
19165,29,839,33,61,33134.00
19170,29,848,33,86,33130.94
19175,29,869,31,94,32971.81
19181,29,902,31,67,33081.56
19186,29,921,31,69,33162.12
19191,29,811,33,84,32871.50
19196,29,843,35,86,32896.94
19201,29,876,31,146,33076.06
19206,29,899,31,60,33148.81
19211,29,922,31,109,33146.94
19216,29,867,31,97,33070.69
19221,29,905,31,88,33240.25
19226,29,872,33,62,33189.62
19231,29,881,33,67,33284.81
19237,29,846,33,102,33063.00
19242,29,887,33,113,33202.75
19247,29,892,31,91,33162.06
19252,29,879,31,106,33242.31
19257,29,825,33,38,32968.56
19262,29,917,36,93,33210.19
19267,29,901,42,65,33282.12
19272,29,922,42,124,33263.81
19277,29,870,35,71,33139.94
19282,29,898,34,72,33162.94
19287,29,830,36,76,33191.81
19292,29,865,36,58,33261.19
19298,29,878,36,64,33416.38
19303,29,880,34,67,33564.62
19308,29,893,34,175,33782.56
19313,29,903,36,87,33627.31
19318,29,879,36,71,33640.62
19323,29,926,36,69,33654.19
19328,29,933,36,71,33600.00
19333,29,931,36,64,33563.75
19338,29,940,34,67,33580.12
19343,29,875,40,71,33559.69
19348,29,735,41,64,33372.31
19353,29,844,34,61,33432.75
19359,29,878,34,71,33484.56
19364,29,888,34,91,33460.06
19369,29,687,32,50,32652.06
19374,29,814,36,96,32875.12
19379,29,858,36,60,32951.00
19384,29,910,36,64,32997.06
19389,29,916,34,67,32849.25
19394,29,907,34,102,32779.81
19399,29,919,34,84,32841.06
19404,29,826,35,68,33006.94
19409,29,819,36,61,32899.81
19414,29,830,34,76,32835.12
19419,29,843,34,106,33099.62
19425,29,827,33,75,33047.56
19430,29,904,34,86,33001.06
19435,29,829,34,61,32734.50
19440,29,847,31,69,32801.75
19445,29,868,29,66,33420.19
19450,29,824,31,68,33358.56
19455,29,853,29,79,33265.19
19460,29,733,29,75,32955.69
19465,29,849,33,72,33016.50
19470,29,852,32,79,33132.56
19475,29,856,31,110,33077.00
19480,29,844,31,116,32788.12
19485,29,873,31,97,32808.38
19491,29,882,31,58,32935.56
19496,29,788,39,106,32853.75
19501,29,836,38,59,32802.75
19506,29,898,35,140,33058.38
19511,29,915,35,82,33106.19
19516,29,878,35,85,32970.50
19521,29,854,34,72,33010.50
19526,29,805,43,75,33037.62
19531,29,773,35,204,33017.50
19536,29,851,35,80,33001.62
19541,29,840,35,81,32959.44
19547,29,822,34,64,32966.50
19552,29,842,35,57,33050.31
19557,29,843,37,101,33101.31
19562,29,839,36,73,33094.31
19567,29,867,37,84,32909.44
19572,29,892,37,81,33011.88
19577,29,919,35,66,33063.75
19582,29,876,35,58,33011.38
19587,29,822,37,58,33035.25
19592,29,843,37,86,33139.25
19598,29,851,35,83,33232.75
19603,29,842,34,66,33267.12
19608,29,834,35,93,33153.50
19613,29,853,35,67,33067.94
19618,29,788,34,55,32820.25
19623,29,802,35,66,32851.62
19628,29,861,35,118,32914.56
19633,29,879,35,80,33027.06
19638,29,852,35,85,33138.88
19643,29,856,36,138,33112.44
19648,29,759,37,90,33001.94
19653,29,833,35,103,33235.06
19658,29,842,35,67,33324.81
19664,29,807,35,83,33139.12
19669,29,856,35,80,33047.94
19674,29,878,37,59,32934.12
19679,29,868,37,67,32838.94
19684,29,912,37,83,32916.12
19689,29,931,36,80,32881.62
19694,29,877,35,64,32906.31
19699,29,827,35,97,32923.81
19704,29,849,38,75,33125.00
19709,29,825,38,63,32977.75
19714,29,845,38,75,33068.50
19719,29,795,35,60,32944.81
19725,29,775,32,103,32606.94
19730,29,847,35,95,32971.25
19735,29,871,37,70,32922.50
19740,29,744,32,121,32712.25
19745,29,854,35,59,32878.19
19750,29,884,35,58,32964.56
19755,29,895,35,70,32967.00
19760,29,893,35,76,32882.06
19765,29,915,43,102,33069.94
19770,29,921,43,63,33059.69
19775,29,783,40,113,32884.44
19780,29,838,35,61,32866.00
19786,29,840,35,100,32906.75
19791,29,858,33,62,33107.31
19796,29,857,37,70,32902.62
19801,29,804,33,68,32759.12
19806,29,858,34,79,32828.19
19811,29,845,35,82,32860.25
19816,29,864,35,66,32931.00
19821,29,879,34,105,32909.94
19826,29,815,38,78,32861.88
19831,29,838,38,91,32999.12
19836,29,862,38,79,33041.75
19841,29,886,38,63,33100.31
19846,29,824,37,71,33069.12
19852,29,875,37,143,32891.12
19857,29,894,39,129,32959.31
19862,29,899,37,70,32877.62
19867,29,816,36,74,32801.25
19872,29,837,35,66,32908.62
19877,29,881,35,87,32928.25
19882,29,891,35,90,33269.12
19887,29,869,36,78,32995.25
19892,29,839,37,82,33027.56
19897,29,855,37,72,32950.62
19902,29,790,34,180,33097.25
19907,29,856,35,69,33128.81
19912,29,879,35,139,33100.19
19917,29,933,36,62,33085.38
19923,29,873,35,71,32806.94
19928,29,894,35,71,33029.94
19933,29,922,35,93,33072.31
19938,29,866,33,64,33031.38
19943,29,854,38,117,33003.56
19948,29,877,42,77,33076.69
19953,29,854,42,73,33014.00
19958,29,817,35,84,33019.56
19963,29,767,34,79,32854.12
19968,29,857,35,138,33172.94
19973,29,880,35,70,33097.31
19978,29,849,37,117,32977.56
19983,29,859,34,87,32741.81
19989,29,823,29,22,32699.12
19994,29,852,31,174,32974.69
19999,29,873,31,75,32933.56
20004,29,848,33,67,32925.50
20009,29,857,38,79,33047.00
20014,29,878,38,93,33032.88
20019,29,856,33,73,32949.44
20024,29,859,31,75,33023.69
20029,29,855,31,92,32897.38
20034,29,870,33,96,32956.62
20039,29,853,31,90,32859.06
20045,29,856,31,90,32931.50
20050,29,852,31,61,32795.50
20055,29,873,31,93,33007.00
20060,29,899,31,67,33048.62
20065,29,873,30,77,33064.31
20070,29,803,35,72,32868.88
20075,29,769,29,67,32636.38
20080,29,859,31,127,33042.62
20085,29,862,31,81,32956.12
20090,29,794,29,85,32744.50
20095,29,890,33,122,33005.75
20100,29,855,33,67,32952.06
20105,29,882,33,130,33106.75
20111,29,872,31,86,32750.94
20116,29,896,31,69,32818.25
20121,29,918,31,113,32986.19
20126,29,794,33,63,32723.25
20131,29,842,33,84,32894.06
20136,29,850,28,79,32751.25
20141,29,863,31,137,33142.75
20146,29,850,31,121,32953.44
20151,29,807,30,65,32742.56
20156,29,816,33,113,32662.31
20161,29,904,33,278,33142.19
20166,29,907,33,65,32971.81
20171,29,820,31,63,32831.06
20176,29,877,31,110,32875.44
20182,29,892,31,76,33026.94
20187,29,881,32,68,32920.69
20192,29,838,33,75,32869.69
20197,29,880,33,127,32828.62
20202,29,885,33,104,32869.62
20207,29,807,30,63,32720.12
20212,29,831,31,64,32903.56
20217,29,827,33,50,32946.19
20222,29,891,33,81,33052.94
20227,29,902,32,72,32916.31
20232,29,876,31,72,32893.19
20237,29,864,31,68,32955.81
20243,29,830,30,66,32898.50
20248,29,878,33,61,32976.88
20253,29,842,33,143,33083.38
20258,29,833,30,62,32767.38
20263,29,887,31,61,32984.88
20268,29,835,31,66,32920.75
20273,29,840,31,112,32917.38
20278,29,829,32,69,32758.44
20283,29,892,32,128,32786.88
20288,29,905,33,84,32903.62
20293,29,819,31,60,32789.12
20298,29,918,31,85,32992.62
20303,29,860,34,71,32926.62
20308,29,841,38,161,33120.31
20314,29,887,38,75,33088.25
20319,29,873,31,100,33107.06
20324,29,792,29,114,32827.50
20329,29,748,31,79,32726.25
20334,29,832,31,100,32760.38
20339,29,880,33,111,33002.38
20344,29,936,33,64,33000.69
20349,29,920,33,63,33076.12
20354,29,800,31,100,32765.75
20359,29,850,31,70,32973.88
20364,29,852,31,153,33151.50
20370,29,850,33,96,33076.50
20375,29,858,33,66,32825.31
20380,29,880,33,79,32902.31
20385,29,892,33,94,33054.62
20390,29,828,31,89,33035.81
20395,29,852,32,74,32963.50
20400,29,852,33,48,32837.81
20405,29,906,33,85,33001.38
20410,29,912,31,75,33044.38
20415,29,905,31,61,32942.25
20420,29,875,31,131,33135.06
20425,29,843,37,64,32864.81
20431,29,864,38,107,32891.06
20436,29,887,38,104,32998.06
20441,29,867,31,96,32920.44
20446,29,867,28,77,32750.06
20451,29,942,31,76,32978.50
20456,29,877,33,67,33046.31
20461,29,911,33,75,33032.62
20466,29,886,33,63,32896.94
20471,29,926,33,99,32926.31
20476,29,939,33,174,33115.81
20481,29,917,32,70,32889.12
20486,29,806,34,133,33056.75
20491,29,849,33,72,33039.12
20497,29,842,33,72,32975.56
20502,29,868,33,56,33140.88
20507,29,877,33,88,33085.19
20512,29,864,31,73,33040.69
20517,29,858,33,82,32814.00
20522,29,843,31,63,32874.50
20527,29,855,30,81,32650.62
20532,29,869,31,65,32809.56
20537,29,871,31,77,32861.56
20542,29,842,30,67,32831.88
20547,29,853,38,56,32906.62
20552,29,865,38,68,33098.81
20557,29,870,33,64,33098.44
20562,29,863,31,73,33030.56
20568,29,799,31,86,32840.19
20573,29,871,31,92,32873.75
20578,29,878,33,71,32909.88
20583,29,888,32,103,32978.38
20588,29,891,31,77,32845.81
20593,29,910,31,119,32904.69
20598,29,916,31,85,33026.19
20603,29,888,31,97,32980.75
20608,29,871,33,87,32929.00
20613,29,768,32,70,32543.94
20618,29,847,33,86,32960.94
20623,29,835,31,82,32852.19
20628,29,782,30,27,32540.75
20634,29,913,31,110,32870.38
20639,29,916,33,89,32986.50
20644,29,950,33,87,32903.69
20649,29,877,30,76,32710.75
20654,29,917,31,94,32812.75
20659,29,940,31,86,32895.56
20664,29,854,36,69,32847.50
20669,29,860,36,63,32893.81
20674,29,876,38,65,32836.38
20679,29,901,38,94,33030.31
20684,29,891,31,65,32896.00
20689,29,804,31,65,32731.56
20694,29,830,29,76,32814.69
20699,29,853,33,80,32849.62
20704,29,918,32,74,32803.75
20709,29,895,29,68,32830.38
20715,29,833,31,101,32794.06
20720,29,851,31,66,32841.88
20725,29,869,31,61,32916.06
20730,29,845,33,88,32972.12
20735,29,867,33,114,32835.00
20740,29,906,33,112,32921.50
20745,29,856,28,64,32742.69
20750,29,867,31,88,32922.31
20755,29,842,31,128,32832.69
20760,29,934,33,115,33025.50
20765,29,959,33,76,32861.94
20770,29,953,33,75,32873.81
20775,29,790,28,36,32528.38
20781,29,872,31,71,32838.75
20786,29,870,36,74,32957.44
20791,29,815,36,74,32853.88
20796,29,834,33,81,32765.94
20801,29,888,31,74,32961.38
20806,29,898,31,98,33091.94
20811,29,808,31,67,33008.50
20816,29,868,31,87,32753.56
20821,29,913,33,114,32981.69
20826,29,905,33,73,32901.06
20831,29,893,33,96,32936.25
20836,29,862,31,106,32679.19
20841,29,897,31,131,32996.06
20847,29,893,33,77,32925.75
20852,29,865,33,81,33043.81
20857,29,840,31,67,32764.88
20862,29,826,31,88,32848.19
20867,29,860,31,93,32885.50
20872,29,866,33,72,32964.00
20877,29,862,35,64,32800.75
20882,29,855,33,16,32883.06
20887,29,909,35,71,33062.19
20892,29,896,33,48,33087.56
20897,29,884,31,62,33144.06
20902,29,887,31,111,33354.94
20908,29,889,36,95,33099.88
20913,29,917,36,64,33183.25
20918,29,914,35,57,33104.06
20923,29,827,31,1995,32784.25
20928,29,902,31,66,32256.19
20933,29,882,31,65,31368.44
20938,29,848,33,79,31283.75
20943,29,904,31,57,31078.12
20948,29,863,30,78,30972.94
20953,29,834,29,77,31632.69
20958,29,859,31,81,31576.69
20963,29,880,31,64,31480.69
20969,29,862,33,61,31472.69
20974,29,879,33,63,31464.69
20979,29,883,33,70,31336.69
20984,29,901,33,67,30767.31
20989,29,865,31,70,30674.94
20994,29,837,30,77,30650.94
20999,29,805,33,103,30412.25
21004,29,848,31,59,30377.25
21009,29,860,33,62,30471.94
21014,29,835,31,70,30274.12
21019,29,891,31,121,30399.81
21024,29,785,30,92,30853.81
21029,29,831,32,90,31129.81
21035,29,831,31,71,30976.38
21040,29,881,31,67,31299.44
21045,29,829,30,69,31203.44
21050,29,849,31,55,31136.12
21055,29,840,31,79,31010.81
21060,29,802,31,72,31061.50
21065,29,847,31,54,30997.50
21070,29,756,29,95,30881.12
21075,29,840,31,63,30927.69
21080,29,807,30,78,30768.31
21085,29,839,31,69,31071.69
21090,29,832,30,38,31142.44
21096,29,828,27,75,32177.19
21101,29,821,30,65,32274.88
21106,29,820,30,95,31835.69
21111,29,707,30,70,31642.19
21116,29,809,30,62,31738.81
21121,29,854,32,123,31988.94
21126,29,825,30,60,31555.56
21131,29,861,30,86,32148.12
21136,29,868,30,61,32018.25
21141,29,842,30,68,32119.88
21146,29,779,36,133,32202.38
21151,29,831,38,85,32232.31
21156,29,810,29,65,31998.88
21161,29,869,30,89,32267.31
21167,29,804,32,68,32128.62
21172,29,783,29,75,32059.62
21177,29,724,34,73,32221.50
21182,29,830,34,1456,31545.06
21187,29,876,34,284,29703.12
21192,29,877,30,60,29421.81
21197,29,757,29,76,29045.75
21202,29,730,30,55,29625.06
21207,29,768,33,60,29346.25
21212,29,800,32,66,29236.31
21217,29,806,30,74,29114.25
21222,29,709,30,63,29678.19
21228,29,791,30,62,30010.00
21233,29,814,30,72,29984.19
21238,29,788,32,369,29898.69
21243,29,753,30,72,30469.19
21248,29,840,29,67,30325.19
21253,29,846,30,68,30285.19
21258,29,843,30,59,30261.19
21263,29,880,32,70,30173.19
21268,29,890,34,76,30093.19
21273,29,895,34,108,30093.19
21278,29,885,34,67,30085.19
21283,29,885,34,70,30005.19
21289,29,880,34,78,29907.06
21294,29,884,34,80,29907.06
21299,29,890,34,77,29891.06
21304,29,919,34,61,29891.06
21309,29,926,34,75,29883.06
21314,29,931,34,90,29875.06
21319,29,936,34,59,29875.06
21324,29,934,37,62,29867.06
21329,29,903,38,60,29483.06
21334,29,893,38,60,29042.06
21339,29,873,38,64,29048.44
21344,29,897,38,65,29040.44
21350,29,888,34,62,29032.44
21355,29,749,28,408,29962.81
21360,29,842,32,64,29858.81
21365,29,823,32,78,29642.06
21370,29,757,29,69,29644.00
21375,29,801,30,61,29770.31
21380,29,874,32,72,29785.00
21385,29,826,31,68,29769.00
21390,29,733,30,91,29411.56
21395,29,815,30,60,29531.06
21400,29,812,28,128,29657.88
21405,29,785,30,72,29590.25
21410,29,828,30,75,29569.06
21415,29,798,29,66,29469.25
21421,29,840,32,69,29702.00
21426,29,827,30,77,29350.00
21431,29,799,30,76,29290.19
21436,29,805,32,61,29480.25
21441,29,762,32,68,29590.56
21446,29,804,32,68,29777.75
21451,29,796,28,61,29609.00
21456,29,818,30,119,29645.50
21461,29,770,30,77,29462.88
21466,29,823,30,69,29510.94
21471,29,811,30,66,29637.69
21476,29,773,28,93,29577.75
21481,29,791,27,57,29701.25
21487,29,827,30,65,29815.94
21492,29,789,30,70,29718.12
21497,29,799,30,278,29888.31
21502,29,780,30,63,29744.31
21507,29,816,37,85,29714.06
21512,29,765,32,110,29638.31
21517,29,799,32,93,29481.25
21522,29,835,32,95,29516.56
21527,29,849,34,68,29694.94
21532,29,714,30,149,29695.31
21537,29,774,32,67,29695.88
21542,29,834,32,66,29525.44
21547,29,886,30,59,29736.56
21553,29,749,30,65,29532.56
21558,29,820,32,93,29558.69
21563,29,793,36,62,29677.06
21568,29,807,38,99,29581.56
21573,29,763,30,53,29510.94
21578,29,799,30,83,29551.88
21583,29,778,30,87,29657.38
21588,29,792,31,64,29696.19
21593,29,801,32,105,29786.75
21598,29,850,34,60,29772.94
21603,29,913,32,146,30050.81
21608,29,787,27,59,29914.62
21613,29,797,30,131,29882.62
21618,29,733,30,59,29798.06
21624,29,710,31,104,29719.44
21629,29,795,33,58,29785.50
21634,29,842,32,64,29825.94
21639,29,769,27,63,29747.06
21644,29,744,29,78,29680.88
21649,29,753,30,79,29693.12
21654,29,835,30,68,29684.12
21659,29,785,32,62,29705.62
21664,29,831,31,63,29703.25
21669,29,879,31,69,29743.62
21674,29,799,31,70,29762.56
21679,29,848,32,75,29769.44
21684,29,675,27,76,30514.75
21690,29,828,33,66,30617.12
21695,29,856,33,70,30258.88
21700,29,865,32,108,30174.06
21705,29,719,30,64,29741.94
21710,29,793,29,68,30036.19
21715,29,746,30,30,29879.00
21720,29,829,32,79,29937.06
21725,29,862,32,64,30042.88
21730,29,858,30,77,29913.81
21735,29,817,28,80,29685.81
21740,29,756,29,63,29853.12
21745,29,785,36,63,29863.69
21750,29,735,29,104,29869.69
21755,29,790,30,121,29855.94
21761,29,754,28,62,29870.31
21766,29,846,30,56,29867.12
21771,29,690,28,72,29911.50
21776,29,806,30,110,30001.38
21781,29,785,27,65,30638.44
21786,29,757,27,76,31822.56
21791,29,802,28,66,32036.81
21796,29,757,30,64,32537.94
21801,29,744,27,64,33523.06
21806,29,764,29,85,33362.88
21811,29,727,30,63,32775.69
21817,29,814,28,64,32973.44
21822,29,731,27,58,32985.56
21827,29,776,28,65,32671.62
21832,29,729,28,91,32569.00
21837,29,797,28,74,32640.69
21842,29,815,30,107,32804.94
21847,29,847,30,91,32657.25
21852,29,708,26,15,32413.12
21857,29,814,28,71,32966.00
21862,29,715,26,59,32798.56
21867,29,664,29,67,32499.19
21872,29,785,25,58,32794.62
21878,29,811,27,59,32709.62
21883,29,683,34,89,32812.62
21888,29,809,34,75,32797.50
21893,29,757,28,58,32755.50
21898,29,791,31,67,32843.50
21903,29,747,28,73,32746.81
21908,29,772,27,60,32733.44
21913,29,827,29,71,32848.38
21918,29,691,28,105,33301.06
21923,29,797,29,90,33217.81
21928,29,779,28,72,32963.56
21933,29,800,29,69,32963.38
21938,29,836,29,100,32729.81
21943,29,680,26,63,32394.62
21949,29,810,27,127,32789.19
21954,29,725,29,68,32444.12
21959,29,627,26,65,32261.69
21964,29,842,28,66,32576.81
21969,29,746,28,73,32651.19
21974,29,718,28,74,32499.94
21979,29,788,28,57,32688.44
21984,29,748,29,61,32653.31
21989,29,795,32,80,32895.75
21994,29,806,30,101,32657.12
21999,29,807,27,64,32727.44
22004,29,781,28,69,32457.62
22010,29,686,24,52,32182.38
22015,29,666,27,98,32417.81
22020,29,748,30,80,32746.81
22025,29,832,30,64,32931.75
22030,29,854,30,89,33012.81
22035,29,861,30,105,32994.56
22040,29,880,30,61,33093.69
22045,29,772,28,71,32783.25
22050,29,794,32,75,33216.88
22055,29,798,31,73,33131.56
22060,29,815,31,73,33237.56
22065,29,826,31,62,33237.56
22071,29,834,31,66,33181.56
22076,29,856,31,65,33125.56
22081,29,859,31,100,33131.88
22086,29,862,31,83,33151.50
22091,29,877,31,204,32779.56
22096,29,841,30,70,32539.56
22101,29,804,28,86,31897.31
22106,29,855,28,33,32188.56
22111,29,775,30,67,32226.00
22116,29,760,28,73,32838.44
22121,29,695,24,71,32899.50
22126,29,760,28,78,32845.00
22131,29,765,27,62,32486.56
22137,29,738,26,71,32463.69
22142,29,821,31,70,32423.69
22147,29,847,31,65,32391.69
22152,29,869,31,80,32367.69
22157,29,880,31,76,32335.69
22162,29,768,29,67,32207.69
22167,29,801,30,66,32151.69
22172,29,826,32,62,32143.69
22177,29,823,32,76,32135.69
22182,29,848,32,67,32135.69
22187,29,857,30,101,31714.62
22193,29,852,29,69,31624.00
22198,29,824,30,65,31528.00
22203,29,816,32,78,31597.12
22208,29,877,32,82,31310.75
22213,29,869,28,69,31296.19
22218,29,785,28,63,31248.75
22223,29,686,155,92,31382.12
22228,29,784,30,73,31137.19
22233,29,653,26,34,30968.00
22238,29,804,29,95,31055.88
22243,29,803,29,73,31076.62
22248,29,767,29,70,31059.69
22253,29,773,29,66,31175.44
22259,29,710,31,61,30869.94
22264,29,819,31,62,31041.00
22269,29,845,29,90,31199.31
22274,29,807,29,146,31037.06
22279,29,736,31,114,31912.69
22284,29,736,28,66,32008.94
22289,29,755,33,105,32030.06
22294,29,681,26,14,31742.88
22299,29,804,29,110,32035.06
22304,29,821,29,85,31934.50
22309,29,646,25,58,31827.44
22314,29,779,29,202,32222.12
22319,29,765,28,71,32753.62
22325,29,816,31,118,32162.19
22330,29,852,29,81,31977.00
22335,29,809,29,71,31965.62
22340,29,835,29,65,31984.75
22345,29,698,35,108,32948.81
22350,29,765,32,64,32268.94
22355,29,818,31,74,33082.56
22360,29,747,29,69,32783.00
22365,29,738,30,70,32910.62
22370,29,805,31,73,32202.94
22375,29,806,31,60,32104.06
22381,29,803,36,137,32205.00
22386,29,682,31,79,31913.44
22391,29,831,31,118,32007.06
22396,29,789,30,58,32045.12
22401,29,813,32,104,32093.75
22406,29,703,31,78,32094.00
22411,29,788,32,120,32300.25
22416,29,716,29,65,34299.44
22421,29,808,31,76,33637.25
22426,29,826,31,116,33619.06
22431,29,825,31,65,33449.69
22437,29,757,27,277,34231.31
22442,29,712,30,64,34148.19
22447,29,798,25,62,33424.38
22452,29,788,29,75,33921.56
22457,29,800,29,73,33411.06
22462,29,755,29,76,33514.44
22467,29,848,34,83,33345.94
22472,29,834,36,118,33502.31
22477,29,826,36,82,33114.25
22482,29,843,31,114,33268.12
22487,29,788,28,58,33543.25
22492,29,805,29,181,33557.88
22497,29,782,29,75,33337.12
22503,29,856,31,88,33854.50
22508,29,856,31,63,33382.56
22513,29,747,31,60,33815.75
22518,29,858,30,59,34492.94
22523,29,856,29,91,33484.12
22528,29,759,29,78,33147.19
22533,29,799,30,71,33304.56
22538,29,573,20,71,33621.38
22543,29,685,22,77,33395.25
22548,29,742,23,31,33601.75
22553,29,670,23,79,33498.31
22558,29,693,26,70,34205.62
22563,29,807,26,88,33604.75
22569,29,742,23,44,34512.00
22574,29,642,23,57,33714.19
22579,29,805,24,55,33599.50
22584,29,671,30,75,33530.75
22589,29,747,31,67,33461.88
22594,29,725,26,80,33503.25
22599,29,763,26,65,33588.19
22604,29,652,24,60,34260.69
22609,29,753,24,74,33718.75
22615,29,760,24,55,33357.25
22620,29,704,25,37,33295.31
22625,29,740,26,71,33169.75
22630,29,784,25,114,33492.50
22635,29,702,25,69,33107.38
22640,29,730,24,54,33386.12
22645,29,661,24,66,33132.94
22650,29,594,25,54,33093.12
22655,29,744,27,104,33585.62
22660,29,753,25,93,33629.44
22665,29,733,25,68,33384.50
22670,29,690,24,63,33245.81
22676,29,760,25,62,33588.44
22681,29,751,24,73,33717.62
22686,29,702,25,66,33536.44
22691,29,825,27,70,33630.94
22696,29,844,27,130,33862.56
22701,29,732,25,78,33729.88
22706,29,785,33,71,33640.56
22711,29,800,36,74,33625.75
22716,29,682,24,151,33514.69
22721,29,768,26,92,33414.19
22726,29,671,23,66,33420.88
22731,29,765,26,61,33524.75
22737,29,705,24,63,33493.88
22742,29,710,26,92,33330.31
22747,29,803,25,93,33433.38
22752,29,740,24,87,33196.50
22757,29,820,26,111,33339.94
22762,29,823,26,107,33824.00
22767,29,809,27,70,33739.12
22772,29,763,28,86,33604.75
22777,29,812,28,63,33493.94
22782,29,829,28,60,33579.31
22787,29,835,25,70,33641.19
22792,29,801,26,63,33671.12
22797,29,803,26,83,33546.00
22803,29,804,27,66,33487.00
22808,29,723,26,92,33435.94
22813,29,809,26,116,33654.94
22818,29,857,26,76,33709.12
22823,29,860,26,72,33925.25
22828,29,873,27,80,33959.94
22833,29,829,29,67,33941.56
22838,29,831,29,70,33934.69
22843,29,831,27,74,33952.12
22848,29,791,26,77,33853.12
22853,29,813,26,62,33822.06
22858,29,829,26,67,33862.31
22863,29,888,28,109,34103.38
22869,29,911,28,68,34037.44
22874,29,899,28,62,34034.50
22879,29,912,28,108,34188.56
22884,29,843,27,63,34245.62
22889,29,825,27,66,34148.44
22894,29,830,29,63,34149.69
22899,29,825,28,75,33993.94
22904,29,680,25,81,33635.31
22909,29,814,24,62,33648.44
22914,29,765,27,66,33601.00
22919,29,701,23,60,33560.88
22924,29,841,27,116,33564.50
22929,29,788,27,69,33773.94
22935,29,780,25,62,33761.75
22940,29,730,27,66,33759.44
22945,29,802,31,72,33934.25
22950,29,814,31,51,34167.44
22955,29,776,81,78,34341.81
22960,29,803,28,59,33976.94
22965,29,797,26,94,33935.12
22970,29,798,26,63,33994.94
22975,29,730,26,69,33770.56
22980,29,814,26,77,33880.06
22985,29,820,28,94,33746.62
22990,29,819,26,71,33721.75
22995,29,747,26,78,34269.69
23001,29,784,24,66,34106.56
23006,29,759,25,81,34149.44
23011,29,808,26,64,34290.56
23016,29,772,28,60,34096.00
23021,29,826,28,63,34437.44
23026,29,811,26,84,34371.94
23031,29,817,26,70,34220.06
23036,29,819,26,120,34358.94
23041,29,829,28,62,34258.12
23046,29,793,27,63,34300.88
23051,29,841,26,64,34251.19
23056,29,848,24,66,34520.62
23061,29,796,25,103,34520.12
23066,29,793,24,96,34432.12
23072,29,704,26,59,33933.88
23077,29,799,26,69,33901.44
23082,29,739,24,29,33710.94
23087,29,801,26,79,34019.88
23092,29,790,25,55,33838.56
23097,29,818,24,48,33711.38
23102,29,871,28,71,33963.06
23107,29,854,28,68,33815.25
23112,29,804,24,69,33640.75
23117,29,864,26,67,33890.88
23122,29,819,27,211,34316.12
23127,29,813,30,87,34149.19
23132,29,803,33,137,33960.81
23138,29,794,28,80,33799.62
23143,29,776,25,61,33755.88
23148,29,782,26,89,33885.81
23153,29,814,26,62,33793.44
23158,29,840,26,102,34015.19
23163,29,817,28,88,33929.38
23168,29,869,28,58,33826.06
23173,29,801,23,150,33752.88
23178,29,803,26,99,33878.81
23183,29,844,26,140,34099.75
23188,29,874,26,64,34049.44
23193,29,921,31,58,34254.75
23199,29,928,30,82,34149.12
23204,29,903,30,101,34011.88
23209,29,806,26,117,33921.50
23214,29,808,27,75,34061.31
23219,29,785,27,75,33887.81
23224,29,831,28,93,33773.88
23229,29,1201,27,77,33907.06
23234,29,992,27,94,33924.12
23239,29,850,27,62,33997.88
23244,29,805,27,60,34172.81
23249,29,791,24,67,34112.25
23254,29,822,29,60,33992.44
23260,29,776,27,62,33875.19
23265,29,808,27,58,33843.69
23270,29,833,27,65,33971.62
23275,29,776,27,60,33800.69
23280,29,871,27,77,34100.88
23285,29,894,29,59,34016.50
23290,29,908,29,55,33876.44
23295,29,914,29,71,33846.25
23300,29,844,27,49,33851.38
23305,29,803,27,71,33850.81
23310,29,781,27,94,33892.12
23316,29,814,29,68,33879.62
23321,29,801,24,81,33828.94
23326,29,798,27,61,33897.62
23331,29,823,27,90,34062.06
23336,29,1174,27,72,34016.62
23341,29,1235,27,84,34141.62
23346,29,1031,29,82,33958.25
23351,29,872,29,99,33967.44
23356,29,909,29,60,34139.75
23361,29,885,23,61,34116.62
23366,29,829,32,70,34052.50
23371,29,876,34,116,34082.06
23376,29,919,34,64,34116.31
23382,29,885,26,91,34045.75
23387,29,790,27,71,33941.81
23392,29,829,27,72,34128.38
23397,29,858,27,71,34190.12
23402,29,854,27,69,34045.44
23407,29,866,25,71,34025.88
23412,29,868,27,71,33896.81
23417,29,890,27,78,34017.38
23422,29,790,24,64,34096.94
23427,29,859,26,65,34148.69
23432,29,866,29,66,34204.50
23437,29,834,29,66,34163.44
23442,29,1254,29,63,34207.38
23448,29,1237,27,61,34050.31
23453,29,874,27,67,34196.75
23458,29,826,27,74,34021.12
23463,29,877,29,73,33834.06
23468,29,912,31,120,34049.06
23473,29,938,31,67,33961.94
23478,29,884,27,80,34012.00
23483,29,887,26,59,34200.81
23488,29,865,27,68,34196.06
23493,29,840,29,149,34173.12
23498,29,853,29,112,34084.94
23503,29,839,29,75,34108.31
23508,29,871,27,82,34119.31
23514,29,859,27,67,34041.62
23519,29,863,27,69,34104.06
23524,29,912,29,133,34248.62
23529,29,905,26,108,34176.00
23534,29,924,29,83,34261.81
23539,29,918,31,78,34175.62
23544,29,873,32,63,34272.62
23549,29,753,29,71,34073.88
23554,29,815,29,63,34027.94
23559,29,858,29,81,34159.69
23564,29,851,28,86,34034.94
23569,29,818,29,72,34127.75
23574,29,857,29,66,34169.75
23580,29,842,26,77,34213.38
23585,29,871,29,88,34401.25
23590,29,845,29,88,34325.81
23595,29,856,26,59,34209.75
23600,29,882,27,105,34430.00
23605,29,807,30,68,34155.31
23610,29,909,30,70,34390.12
23615,29,892,32,91,34233.56
23620,29,834,29,69,34107.25
23625,29,847,29,90,34059.44
23630,29,868,29,90,34198.75
23635,29,818,26,69,34104.06
23640,29,885,27,119,34438.69
23645,29,861,29,72,34342.81
23651,29,842,27,68,34318.31
23656,29,945,27,79,34456.50
23661,29,919,26,65,34320.81
23666,29,847,27,64,34293.62
23671,29,871,27,70,34380.19
23676,29,856,29,77,34504.38
23681,29,879,29,75,34474.81
23686,29,883,29,64,34436.62
23691,29,854,25,75,34426.75
23696,29,846,27,100,34325.25
23701,29,908,27,90,34226.31
23706,29,928,29,69,34342.50
23711,29,921,29,87,34262.06
23717,29,831,27,90,34184.12
23722,29,878,27,77,34521.31
23727,29,843,26,67,34370.50
23732,29,832,27,56,34411.56
23737,29,803,29,65,34319.62
23742,29,861,29,59,34485.00
23747,29,870,25,90,34459.88
23752,29,784,27,90,34262.00
23757,29,874,27,128,34472.69
23762,29,895,27,67,34497.38
23767,29,903,29,82,34545.81
23772,29,900,29,75,34336.31
23777,29,916,27,56,34100.06
23783,29,928,27,82,34398.50
23788,29,895,27,62,34273.56
23793,29,808,29,67,34162.94
23798,29,863,29,71,34360.81
23803,29,852,41,65,34377.69
23808,29,845,39,66,34329.62
23813,29,877,31,65,34490.19
23818,29,865,30,58,34341.94
23823,29,867,32,83,34366.19
23828,29,899,32,103,34401.56
23833,29,903,32,84,34478.44
23838,29,888,32,68,34338.50
23843,29,834,31,63,34495.69
23848,29,835,30,67,34291.94
23854,29,849,32,89,34257.00
23859,29,870,32,69,34352.12
23864,29,825,31,65,34373.00
23869,29,873,32,66,34314.75
23874,29,866,32,65,34374.25
23879,29,869,32,61,34351.75
23884,29,866,32,84,34416.19
23889,29,900,32,73,34380.31
23894,29,885,32,122,34478.75
23899,29,822,30,128,34396.94
23904,29,851,36,60,34534.12
23909,29,907,36,68,34507.88
23914,29,893,38,76,34630.62
23920,29,894,32,78,34458.75
23925,29,854,32,72,34128.00
23930,29,877,32,140,34330.25
23935,29,881,30,67,34385.38
23940,29,838,30,94,34461.81
23945,29,915,32,73,34487.88
23950,29,921,30,69,34428.50
23955,29,859,30,56,34162.75
23960,29,922,30,84,34519.81
23965,29,832,31,67,34327.00
23970,29,856,31,84,34480.19
23975,29,868,32,66,34504.31
23980,29,857,32,95,34535.50
23986,29,879,32,69,34497.31
23991,29,860,30,72,34452.56
23996,29,792,30,93,34036.00
24001,29,908,30,102,34397.69
24006,29,917,32,65,34363.50
24011,29,829,31,65,34380.75
24016,29,904,30,69,34456.88
24021,29,897,28,75,34520.06
24026,29,820,34,81,34372.44
24031,29,897,35,63,34450.31
24036,29,886,37,118,34377.25
24041,29,902,32,70,34386.75
24047,29,888,32,83,34570.12
24052,29,835,30,63,34508.88
24057,29,869,30,71,34591.12
24062,29,903,30,66,34617.81
24067,29,900,32,62,34392.12
24072,29,904,32,83,34186.81
24077,29,919,32,65,34240.06
24082,29,886,30,70,34373.50
24087,29,816,31,91,34321.38
24092,29,850,31,61,34453.75
24097,29,875,32,58,34495.00
24102,29,810,32,33,34287.75
24107,29,869,32,128,34505.25
24113,29,889,30,65,34360.50
24118,29,893,30,71,34459.81
24123,29,894,31,104,34594.00
24128,29,912,32,67,34503.88
24133,29,901,32,68,34513.50
24138,29,907,32,85,34590.31
24143,29,803,33,60,34472.69
24148,29,863,36,75,34440.25
24153,29,817,31,65,34331.75
24158,29,839,32,164,34575.44
24163,29,859,32,80,34410.50
24168,29,874,32,90,34399.31
24173,29,866,30,109,34580.12
24179,29,879,30,81,34502.19
24184,29,853,32,86,34500.38
24189,29,872,31,79,34425.75
24194,29,930,32,75,34600.50
24199,29,923,32,65,34501.00
24204,29,905,31,63,34528.31
24209,29,874,31,68,34421.75
24214,29,872,32,70,34529.12
24219,29,855,32,86,34440.38
24224,29,874,32,67,34579.19
24229,29,875,30,72,34430.00
24234,29,861,30,135,34413.88
24239,29,898,30,89,34414.25
24245,29,897,32,73,34577.81
24250,29,907,32,65,34543.19
24255,29,825,30,56,34552.38
24260,29,873,128,66,34773.25
24265,29,886,35,78,34608.75
24270,29,768,31,117,34366.12
24275,29,872,34,58,34495.44
24280,29,862,27,78,34359.50
24285,29,860,28,69,34452.50
24290,29,853,27,87,34570.12
24295,29,842,27,88,34549.00
24300,29,866,26,78,34527.38
24306,29,946,29,85,34529.94
24311,29,855,29,62,34244.56
24316,29,915,29,81,34286.62
24321,29,931,27,64,34526.31
24326,29,754,27,81,34445.31
24331,29,843,27,81,34446.25
24336,29,869,29,71,34407.75
24341,29,860,29,68,34422.00
24346,29,854,29,79,34357.75
24351,29,852,27,65,34363.50
24356,29,830,25,28,34165.31
24361,29,908,27,232,34668.69
24366,29,974,28,66,34454.44
24372,29,1001,29,63,34493.25
24377,29,932,29,66,34489.50
24382,29,867,26,73,34449.25
24387,29,763,32,76,34009.81
24392,29,941,32,124,34478.25
24397,29,988,34,85,34389.44
24402,29,854,29,101,34409.50
24407,29,914,29,69,34474.50
24412,29,856,25,109,34418.25
24417,29,866,27,224,34427.69
24422,29,904,27,80,34509.81
24427,29,886,27,63,34347.12
24432,29,879,28,70,34348.06
24437,29,900,29,72,34479.62
24443,29,875,25,79,34603.38
24448,29,883,26,76,34572.56
24453,29,887,29,71,34599.31
24458,29,887,29,82,34450.81
24463,29,885,29,64,34240.62
24468,29,911,29,79,34412.88
24473,29,878,29,62,34282.62
24478,29,850,27,81,34201.19
24483,29,928,29,66,34444.88
24488,29,908,29,69,34372.06
24493,29,856,29,73,34433.69
24498,29,857,27,124,34307.56
24504,29,886,29,72,34563.62
24509,29,859,32,74,34470.25
24514,29,835,32,68,34377.25
24519,29,876,31,134,34502.25
24524,29,862,29,73,34534.56
24529,29,896,29,76,34499.56
24534,29,861,27,76,34478.38
24539,29,904,27,85,34458.19
24544,29,896,28,21,34352.19
24549,29,922,29,64,34289.62
24554,29,944,29,67,34488.50
24559,29,979,29,65,34489.56
24564,29,921,25,64,34641.25
24570,29,800,27,66,34389.19
24575,29,868,29,84,34507.12
24580,29,882,29,108,34583.06
24585,29,866,29,88,34335.00
24590,29,888,29,129,34449.56
24595,29,839,27,70,34330.19
24600,29,890,27,65,34316.75
24605,29,895,29,64,34560.81
24610,29,920,28,72,34466.06
24615,29,913,29,66,34578.38
24620,29,924,27,65,34521.38
24625,29,806,26,53,34387.50
24630,29,860,27,77,34335.25
24636,29,871,29,57,34377.00
24641,29,849,29,63,34279.06
24646,29,841,27,86,34349.06
24651,29,870,27,76,34407.56
24656,29,829,26,97,34335.31
24661,29,874,27,72,34438.69
24666,29,908,30,63,34459.44
24671,29,902,29,76,34412.38
24676,29,902,30,58,34277.19
24681,29,898,28,126,34457.25
24686,29,829,26,104,34336.00
24691,29,882,26,111,34579.94
24696,29,843,29,63,34723.75
24702,29,842,25,70,34566.56
24707,29,824,26,77,34167.94
24712,29,846,27,81,34290.75
24717,29,859,27,75,34312.88
24722,29,800,26,102,34325.00
24727,29,891,29,89,34508.44
24732,29,844,29,112,34393.88
24737,29,761,26,96,34153.00
24742,29,872,25,62,34520.00
24747,29,868,32,75,34403.56
24752,29,814,32,69,34277.31
24757,29,854,29,71,34230.19
24762,29,837,29,77,34395.31
24768,29,841,29,112,34414.38
24773,29,848,27,85,34392.62
24778,29,871,27,76,34295.31
24783,29,916,27,133,34380.44
24788,29,909,29,59,34326.75
24793,29,897,29,79,34225.44
24798,29,870,27,117,34375.12
24803,29,793,27,57,34598.56
24808,29,850,27,69,34465.94
24813,29,796,27,111,34307.69
24818,29,863,29,65,34432.94
24823,29,848,29,150,34423.81
24829,29,803,27,42,34187.69
24834,29,867,27,66,34419.38
24839,29,867,27,66,34356.31
24844,29,881,29,61,34342.06
24849,29,881,29,70,34312.81
24854,29,847,27,63,34171.69
24859,29,895,27,150,33919.31
24864,29,928,27,91,34037.44
24869,29,847,25,99,33925.94
24874,29,874,29,83,34192.31
24879,29,839,29,105,34117.25
24884,29,831,28,63,34044.31
24889,29,840,27,91,33912.50
24895,29,874,29,61,34092.44
24900,29,870,29,72,33907.56
24905,29,875,29,86,33965.94
24910,29,899,29,78,34165.06
24915,29,900,29,76,34114.56
24920,29,875,29,58,33974.00
24925,29,837,32,69,34047.19
24930,29,826,31,63,33767.75
24935,29,858,34,91,34049.19
24940,29,864,29,64,34023.75
24945,29,854,29,80,34002.56
24950,29,865,26,73,34103.38
24955,29,868,27,73,33992.88
24961,29,869,27,69,33966.88
24966,29,870,28,67,33976.81
24971,29,893,29,70,34079.12
24976,29,869,29,103,33921.94
24981,29,885,27,94,34288.88
24986,29,846,25,75,34285.69
24991,29,859,27,83,34236.50
24996,29,807,28,57,34241.19
25001,29,855,29,74,34176.31
25006,29,916,27,23,34006.25
25011,29,929,27,66,33947.88
25016,29,923,27,66,33974.69
25021,29,895,27,63,34001.62
25027,29,853,29,240,34210.31
25032,29,829,28,75,33988.69
25037,29,902,29,63,34005.69
25042,29,886,25,153,34261.62
25047,29,826,26,87,34017.62
25052,29,835,25,71,34075.75
25057,29,849,29,64,34030.00
25062,29,851,29,97,34120.69
25067,29,775,27,59,33981.31
25072,29,880,26,73,34138.62
25077,29,886,27,69,34088.44
25082,29,897,27,65,34037.56
25087,29,903,28,90,33833.62
25093,29,914,29,157,33951.19
25098,29,833,29,100,33919.94
25103,29,815,30,115,34177.88
25108,29,883,32,66,34025.69
25113,29,891,32,80,34125.69
25118,29,866,28,94,33986.88
25123,29,870,29,65,34208.25
25128,29,825,27,109,34144.62
25133,29,824,26,56,33998.94
25138,29,852,27,227,34288.06
25143,29,859,27,113,34118.62
25148,29,866,29,109,34227.38
25153,29,874,28,64,34206.06
25159,29,841,29,67,34037.31
25164,29,863,32,80,34355.69
25169,29,883,32,68,34131.69
25174,29,865,32,76,34110.94
25179,29,835,29,115,33967.31
25184,29,857,29,74,34147.19
25189,29,806,27,72,34054.00
25194,29,809,27,98,33946.12
25199,29,868,27,61,34115.50
25204,29,911,27,72,34081.19
25209,29,893,29,116,34052.25
25214,29,890,29,73,34166.56
25219,29,918,29,65,34148.31
25225,29,936,27,61,34225.94
25230,29,897,27,74,34115.12
25235,29,774,29,66,33737.44
25240,29,852,29,98,33918.50
25245,29,874,29,59,33995.12
25250,29,834,27,94,33869.88
25255,29,880,29,98,34215.50
25260,29,853,27,64,34048.81
25265,29,854,29,76,34064.56
25270,29,866,29,74,34091.00
25275,29,875,29,72,34044.38
25280,29,898,27,60,34004.62
25285,29,905,27,227,34368.44
25290,29,913,27,112,34176.62
25296,29,878,29,81,34191.25
25301,29,870,29,77,34276.81
25306,29,805,29,67,34039.00
25311,29,865,27,72,33986.88
25316,29,897,27,84,34097.75
25321,29,906,27,60,34021.94
25326,29,772,29,120,34031.81
25331,29,876,29,71,34131.81
25336,29,861,29,69,34123.94
25341,29,814,27,157,34192.19
25346,29,857,31,63,34160.56
25351,29,847,29,64,34289.75
25356,29,860,29,59,34177.69
25361,29,816,29,68,34066.19
25367,29,880,29,66,34150.62
25372,29,849,24,79,34382.12
25377,29,842,27,73,34382.12
25382,29,852,26,75,34173.12
25387,29,866,28,84,33923.50
25392,29,914,29,100,34165.12
25397,29,906,29,73,34078.69
25402,29,818,27,81,34491.25
25407,29,866,30,63,34336.50
25412,29,858,30,80,34402.75
25417,29,864,32,67,34217.19
25423,29,864,29,67,34260.00
25428,29,854,29,72,34213.25
25433,29,852,27,107,34339.19
25438,29,951,27,59,34103.00
25443,29,963,27,102,34386.19
25448,29,904,29,55,34311.06
25453,29,878,29,86,34322.69
25458,29,884,29,65,34291.12
25463,29,877,26,120,34299.75
25468,29,931,26,83,34204.25
25473,29,879,27,59,34019.00
25479,29,915,29,87,34171.81
25484,29,870,29,65,34111.44
25489,29,855,27,141,34120.44
25494,29,870,27,66,34242.31
25499,29,888,26,67,34269.19
25504,29,910,27,69,34304.31
25509,29,859,29,75,34179.94
25514,29,916,29,67,34333.75
25519,29,890,29,71,34143.62
25524,29,882,27,71,34236.06
25529,29,898,27,74,34159.19
25534,29,838,27,96,34127.69
25539,29,899,29,79,34313.44
25545,29,883,29,78,34277.75
25550,29,876,29,83,34166.31
25555,29,882,27,69,33906.31
25560,29,911,27,117,34071.44
25565,29,929,27,61,34099.25
25570,29,828,29,14,33930.19
25575,29,923,29,104,34276.62
25580,29,880,27,64,34130.19
25585,29,869,27,59,34165.88
25590,29,891,27,74,34141.44
25595,29,877,29,69,34233.06
25600,29,867,29,107,34276.12
25605,29,848,29,97,34081.44
25611,29,910,29,93,34260.38
25616,29,893,27,63,34170.31
25621,29,910,27,89,34314.44
25626,29,897,29,74,34182.81
25631,29,895,28,58,34188.44
25636,29,879,29,116,33940.12
25641,29,898,29,96,34130.12
25646,29,892,27,91,34062.25
25651,29,870,27,97,34350.88
25656,29,853,29,91,34500.06
25661,29,831,29,68,34489.06
25666,29,842,44,63,34402.00
25671,29,832,26,68,34258.38
25677,29,839,27,72,34108.62
25682,29,861,27,74,34154.94
25687,29,894,28,101,34154.75
25692,29,858,29,240,34421.25
25697,29,883,29,74,34238.44
25702,29,883,26,83,34358.00
25707,29,886,27,72,34248.19
25712,29,843,27,78,34142.81
25717,29,804,29,64,34046.69
25722,29,851,29,87,33834.38
25727,29,866,29,97,33971.00
25732,29,869,29,91,33987.88
25737,29,729,25,102,33974.50
25743,29,895,27,63,34244.50
25748,29,872,29,76,34110.19
25753,29,907,28,84,34123.12
25758,29,869,29,104,33894.44
25763,29,885,27,74,34293.50
25768,29,850,27,73,34010.88
25773,29,856,27,75,34064.38
25778,29,890,29,101,34237.06
25783,29,891,29,107,34361.19
25788,29,851,29,77,34199.06
25793,29,907,27,113,34232.88
25798,29,909,27,61,34150.38
25803,29,928,27,126,34074.94
25809,29,959,29,140,34117.81
25814,29,918,29,81,34068.19
25819,29,883,29,70,34145.75
25824,29,807,31,83,34219.62
25829,29,857,32,66,34168.00
25834,29,851,32,121,34160.06
25839,29,855,28,91,34004.06
25844,29,858,29,120,34109.38
25849,29,875,29,78,34015.69
25854,29,859,27,70,34039.62
25859,29,890,27,135,34264.44
25864,29,910,27,94,34237.69
25869,29,909,29,61,34261.75
25875,29,856,28,78,34169.56
25880,29,835,29,68,33789.69
25885,29,884,29,61,34112.38
25890,29,849,26,76,34027.50
25895,29,820,27,77,34107.00
25900,29,792,29,64,33886.25
25905,29,773,27,14,33899.69
25910,29,848,27,58,34143.56
25915,29,814,27,115,34146.19
25920,29,835,27,69,34121.81
25925,29,899,29,69,34328.94
25930,29,895,28,86,34209.94
25936,29,849,29,64,34135.94
25941,29,920,27,102,33955.06
25946,29,906,32,69,34026.75
25951,29,886,27,96,34069.62
25956,29,826,29,79,34044.62
25961,29,799,29,80,33900.69
25966,29,845,29,83,34010.94
25971,29,856,27,99,34099.69
25976,29,851,27,67,34052.62
25981,29,868,25,64,34083.94
25986,29,909,29,176,34333.00
25991,29,908,29,69,34147.62
25996,29,890,29,77,34016.44
26002,29,887,29,149,34026.31
26007,29,900,29,103,34010.38
26012,29,890,27,68,33963.44
26017,29,867,29,58,34118.94
26022,29,839,29,110,34074.50
26027,29,858,27,118,34123.69
26032,29,869,27,107,34063.69
26037,29,903,27,83,34152.81
26042,29,941,25,97,34221.81
26048,29,912,29,66,33943.19
26053,29,959,29,108,34221.94
26058,29,892,29,96,34115.69
26063,29,846,30,66,34127.75
26068,29,849,32,100,33738.06
26073,29,838,26,111,33950.00
26078,29,857,31,64,34004.31
26083,29,856,31,15,34061.19
26088,29,832,26,121,33936.06
26093,29,866,28,92,34096.62
26098,29,878,29,72,34094.06
26103,29,907,29,65,34040.06
26108,29,928,29,111,34177.12
26114,29,881,29,70,33992.50
26119,29,891,27,68,33933.06
26124,29,904,27,115,34070.25
26129,29,929,27,72,34063.44
26134,29,868,27,69,34089.25
26139,29,868,29,102,33968.19
26144,29,844,29,102,33889.69
26149,29,860,26,64,33962.19
26154,29,865,27,160,34245.44
26159,29,866,27,69,34081.62
26164,29,893,26,56,34082.19
26169,29,926,29,89,34116.25
26175,29,931,29,122,34225.56
26180,29,885,29,59,34066.19
26185,29,882,32,67,33966.56
26190,29,823,32,126,34088.31
26195,29,796,26,69,34079.06
26200,29,875,29,112,34135.38
26205,29,871,27,47,33909.25
26210,29,864,27,61,34385.38
26215,29,858,27,70,34269.94
26220,29,868,27,71,34254.44
26225,29,887,27,103,34262.75
26230,29,913,28,74,34281.00
26236,29,871,29,72,34179.25
26241,29,896,29,66,34243.62
26246,29,891,26,91,34072.38
26251,29,901,27,92,34294.31
26256,29,867,27,74,34214.06
26261,29,884,29,67,34175.94
26266,29,872,31,98,34187.12
26271,29,849,29,69,34059.06
26276,29,881,29,106,34147.06
26281,29,939,27,76,34099.25
26286,29,899,26,173,34369.88
26291,29,930,29,67,34274.38
26296,29,881,29,89,34140.50
26302,29,892,26,51,34339.69
26307,29,892,35,81,34313.94
26312,29,894,35,59,34229.19
26317,29,910,37,71,34225.81
26322,29,852,29,94,33952.12
26327,29,885,29,77,34001.25
26332,29,862,26,74,34123.31
26337,29,823,27,74,34042.25
26342,29,869,27,58,34201.94
26347,29,872,27,122,34074.62
26352,29,918,29,54,34306.81
26357,29,920,29,65,34391.06
26362,29,913,27,83,34348.56
26368,29,877,27,62,34175.38
26373,29,901,27,63,34314.44
26378,29,901,29,78,34348.31
26383,29,878,29,69,34180.12
26388,29,855,27,74,34028.62
26393,29,882,29,72,34214.50
26398,29,887,29,69,34145.50
26403,29,839,25,76,34133.75
26408,29,899,29,73,34167.12
26413,29,879,27,62,34215.62
26418,29,880,27,68,34160.25
26423,29,863,26,143,34294.81
26428,29,895,27,89,34412.75
26434,29,858,27,179,34524.00
26439,29,845,28,72,34349.88
26444,29,834,29,102,34526.12
26449,29,905,27,72,34624.62
26454,29,858,27,58,34380.81
26459,29,913,27,71,34357.69
26464,29,810,26,91,32538.00
26469,29,874,30,87,32662.12
26474,29,843,30,104,32924.75
26479,29,854,26,43,32745.69
26484,29,836,27,63,33134.00
26489,29,863,27,63,33266.25
26494,29,872,27,70,33174.31
26500,29,888,29,64,33127.25
26505,29,873,29,69,33130.00
26510,29,866,29,69,33046.94
26515,29,849,27,66,33047.31
26520,29,880,27,74,33117.38
26525,29,913,27,94,33332.44
26530,29,941,29,63,33133.81
26535,29,931,29,81,33286.94
26540,29,944,29,70,33381.94
26545,29,816,34,84,33331.50
26550,29,850,34,71,33314.31
26555,29,870,27,65,33395.25
26560,29,875,29,66,33466.44
26566,29,849,29,74,33319.31
26571,29,817,29,70,33180.81
26576,29,851,28,78,33175.19
26581,29,872,27,72,33208.31
26586,29,818,27,57,33176.38
26591,29,898,29,64,33157.38
26596,29,918,29,66,32951.12
26601,29,976,29,181,33247.94
26606,29,933,27,67,33094.50
26611,29,879,27,69,33063.69
26616,29,858,28,85,33091.62
26621,29,896,27,55,33034.94
26627,29,901,29,74,32971.69
26632,29,901,27,96,33061.25
26637,29,917,27,63,33188.25
26642,29,885,26,91,33059.06
26647,29,834,27,64,32897.12
26652,29,899,29,71,33243.75
26657,29,895,28,71,33083.12
26662,29,880,27,70,33167.38
26667,29,839,26,77,32721.19
26672,29,810,25,62,33381.12
26677,29,804,29,71,33439.50
26682,29,768,27,110,33519.81
26687,29,833,27,67,33484.12
26693,29,860,27,68,33704.25
26698,29,775,27,108,33591.12
26703,29,830,23,14,33441.62
26708,29,820,25,72,33432.44
26713,29,854,28,70,33424.31
26718,29,863,28,63,33302.69
26723,29,789,29,94,33136.81
26728,29,866,32,68,33209.50
26733,29,874,32,60,33178.56
26738,29,849,34,65,33207.94
26743,29,845,29,71,33209.62
26748,29,796,24,205,33265.56
26754,29,798,27,67,33129.19
26759,29,828,27,110,33254.62
26764,29,879,27,87,33437.06
26769,29,895,29,84,33260.88
26774,29,865,29,88,33280.69
26779,29,869,28,56,33164.81
26784,29,881,27,84,33458.81
26789,29,852,27,60,33264.31
26794,29,846,27,89,33283.25
26799,29,755,29,74,32867.12
26804,29,812,29,117,33145.44
26809,29,771,27,77,33109.50
26814,29,822,27,61,33160.75
26820,29,830,27,60,33189.50
26825,29,800,27,62,33110.31
26830,29,871,29,89,33215.19
26835,29,884,29,67,33291.25
26840,29,816,29,59,33228.75
26845,29,781,27,68,33171.12
26850,29,843,27,72,33467.50
26855,29,839,27,66,33420.81
26860,29,804,28,77,33326.50
26865,29,783,29,63,33077.50
26870,29,861,29,112,33255.44
26875,29,855,27,64,33321.44
26880,29,870,27,64,33107.38
26886,29,814,27,68,33156.19
26891,29,851,29,139,33259.00
26896,29,788,29,66,33083.31
26901,29,848,29,87,33171.50
26906,29,849,27,73,33371.25
26911,29,840,27,68,33228.19
26916,29,786,26,110,33196.25
26921,29,854,32,64,33298.00
26926,29,836,40,62,33214.00
26931,29,828,29,68,32887.06
26936,29,857,30,131,32991.38
26941,29,863,30,61,33168.75
26946,29,894,30,81,33086.38
26952,29,873,32,58,33199.00
26957,29,829,32,90,33006.56
26962,29,870,32,207,33389.81
26967,29,871,35,84,33176.06
26972,29,851,35,89,33198.69
26977,29,888,35,93,33314.38
26982,29,859,33,77,33166.62
26987,29,854,34,66,33139.44
26992,29,839,32,69,33050.94
26997,29,856,30,65,33106.75
27002,29,885,30,67,33134.06
27007,29,849,30,97,33121.19
27012,29,841,32,76,33113.06
27017,29,815,28,70,32986.69
27023,29,866,30,76,33337.00
27028,29,869,30,67,33168.81
27033,29,844,28,58,33209.69
27038,29,891,32,95,33331.31
27043,29,840,32,67,33464.75
27048,29,856,32,81,33389.56
27053,29,827,52,116,33303.06
27058,29,830,28,59,33237.88
27063,29,842,30,81,33457.00
27068,29,846,32,59,33229.25
27073,29,861,32,85,33365.44
27078,29,846,27,66,33282.38
27084,29,835,30,106,33391.94
27089,29,868,30,73,33452.44
27094,29,843,30,112,33497.00
27099,29,854,32,77,33464.81
27104,29,851,32,112,33664.62
27109,29,826,32,64,33550.88
27114,29,863,29,75,33579.38
27119,29,830,30,65,33424.81
27124,29,780,30,105,33159.00
27129,29,884,32,131,33471.19
27134,29,893,32,69,33392.19
27139,29,859,32,76,33410.50
27145,29,792,34,60,33446.75
27150,29,841,35,58,33397.75
27155,29,792,29,71,33450.31
27160,29,802,32,89,33474.75
27165,29,803,32,86,33403.88
27170,29,861,32,115,33582.94
27175,29,843,30,69,33476.44
27180,29,855,30,63,33467.25
27185,29,877,27,81,33569.38
27190,29,862,29,84,33502.88
27195,29,839,29,119,33543.56
27200,29,878,29,63,33298.94
27206,29,863,30,68,33306.12
27211,29,826,30,85,33296.81
27216,29,789,27,74,33307.81
27221,29,807,29,84,33273.00
27226,29,777,28,90,33404.19
27231,29,803,27,69,33313.56
27236,29,851,27,71,33475.81
27241,29,860,27,66,33398.94
27246,29,854,27,82,33473.88
27251,29,903,29,67,33521.25
27256,29,881,29,98,33565.25
27261,29,931,27,62,33407.75
27266,29,826,27,170,33189.19
27271,29,856,27,69,33231.12
27277,29,845,27,73,33225.50
27282,29,883,29,140,33446.75
27287,29,815,29,65,33304.06
27292,29,809,27,67,33296.38
27297,29,859,27,63,33479.94
27302,29,881,27,59,33574.81
27307,29,890,26,61,33511.75
27312,29,894,29,101,33589.81
27317,29,976,29,66,33591.75
27322,29,973,27,94,33711.81
27327,29,828,27,62,33100.12
27332,29,929,27,81,33333.62
27337,29,862,27,97,33501.75
27343,29,792,28,26,33248.06
27348,29,857,28,71,33406.88
27353,29,860,27,75,33354.81
27358,29,881,27,131,33568.75
27363,29,877,26,69,33436.38
27368,29,923,27,82,33471.19
27373,29,922,29,71,33504.56
27378,29,871,29,129,33382.75
27383,29,842,29,89,33321.31
27388,29,909,29,71,33397.19
27393,29,870,25,69,33535.12
27398,29,848,27,99,33432.00
27404,29,822,29,59,33312.31
27409,29,845,27,78,33378.56
27414,29,859,27,71,33677.50
27419,29,838,26,90,33573.88
27424,29,880,27,57,33600.38
27429,29,875,29,70,33393.38
27434,29,898,29,58,33589.81
27439,29,882,29,62,33475.75
27444,29,847,27,63,33582.75
27449,29,856,27,77,33529.88
27454,29,866,27,76,33526.31
27459,29,894,28,64,33492.12
27464,29,839,29,64,33467.44
27469,29,782,27,66,33488.12
27475,29,855,27,60,33556.19
27480,29,872,27,71,33631.12
27485,29,891,27,69,33690.56
27490,29,886,29,60,33545.00
27495,29,878,28,65,33667.69
27500,29,886,29,66,33538.56
27505,29,842,31,61,33629.06
27510,29,866,31,124,33404.69
27515,29,886,32,69,33496.56
27520,29,844,29,122,33680.00
27525,29,806,28,137,33653.94
27530,29,806,27,91,33368.75
27535,29,845,27,75,33487.06
27540,29,903,27,81,33681.94
27546,29,846,27,66,33612.62
27551,29,859,29,72,33634.69
27556,29,875,29,68,33768.06
27561,29,902,29,63,33728.06
27566,29,871,27,67,33689.06
27571,29,810,26,63,33316.12
27576,29,881,26,62,33506.56
27581,29,833,29,70,33474.25
27586,29,828,29,80,33407.38
27591,29,856,27,65,33449.12
27596,29,827,27,74,33583.00
27601,29,900,27,73,33530.62
27606,29,920,27,83,33567.50
27611,29,884,29,59,33515.44
27617,29,857,29,58,33604.31
27622,29,883,29,220,33741.88
27627,29,895,32,70,33456.00
27632,29,867,32,63,33468.19
27637,29,852,27,59,33548.94
27642,29,862,29,127,33528.44
27647,29,858,29,59,33486.50
27652,29,813,29,58,33577.56
27657,29,874,27,99,33625.06
27662,29,887,27,62,33597.12
27667,29,905,27,64,33676.88
27672,29,889,28,74,33699.94
27677,29,893,29,79,33635.19
27683,29,853,27,88,33422.81
27688,29,845,27,81,33545.75
27693,29,778,27,67,33659.12
27698,29,843,27,103,33575.12
27703,29,853,29,68,33683.19
27708,29,858,27,91,33689.56
27713,29,875,27,93,33707.62
27718,29,889,27,63,33681.06
27723,29,892,27,63,33732.94
27728,29,895,27,111,33666.94
27733,29,907,29,76,33785.44
27738,29,880,29,90,33767.94
27743,29,873,32,61,33846.88
27749,29,757,32,97,33546.31
27754,29,885,32,84,33885.19
27759,29,878,25,75,33738.94
27764,29,877,29,64,33773.50
27769,29,834,28,95,33596.12
27774,29,841,27,76,33625.69
27779,29,874,27,95,33733.94
27784,29,876,27,78,33599.19
27789,29,922,27,62,33655.00
27794,29,931,29,88,33816.94
27799,29,904,29,61,33701.94
27804,29,838,27,91,33649.88
27809,29,875,27,112,33838.56
27814,29,877,27,60,33750.88
27820,29,888,29,139,33812.69
27825,29,786,28,70,33516.94
27830,29,865,27,64,33550.50
27835,29,861,27,69,33786.25
27840,29,857,27,61,33594.94
27845,29,907,27,108,33730.06
27850,29,881,28,182,33763.00
27855,29,923,29,119,33963.44
27860,29,924,29,60,33804.06
27865,29,862,32,56,33783.12
27870,29,870,32,102,33758.00
27875,29,903,32,92,33937.12
27880,29,913,29,76,33741.00
27886,29,911,29,62,33747.19
27891,29,878,29,110,33582.62
27896,29,885,29,65,33593.62
27901,29,905,29,69,33690.19
27906,29,867,26,62,33609.62
27911,29,915,29,65,33742.56
27916,29,860,29,105,33738.88
27921,29,840,27,84,33673.94
27926,29,868,27,63,33711.44
27931,29,884,26,105,34024.19
27936,29,881,27,91,33896.69
27941,29,863,29,66,33807.50
27946,29,879,29,66,33931.38
27952,29,892,29,75,33829.56
27957,29,894,27,117,33820.88
27962,29,907,26,82,33567.44
27967,29,916,27,93,33760.56
27972,29,837,29,76,33761.19
27977,29,860,29,71,33664.06
27982,29,880,29,147,33942.62
27987,29,787,31,14,33538.06
27992,29,878,32,121,33867.62
27997,29,879,32,67,33849.44
28002,29,894,29,76,33966.31
28007,29,862,29,66,33806.06
28012,29,878,29,93,34036.25
28018,29,868,27,63,33872.38
28023,29,908,27,72,33930.25
28028,29,896,27,104,33647.12
28033,29,940,29,82,33868.12
28038,29,894,27,68,33748.38
28043,29,866,27,79,33917.31
28048,29,794,27,90,33796.19
28053,29,813,26,79,33896.88
28058,29,835,25,107,33919.38
28063,29,859,29,102,34090.19
28068,29,874,28,72,33946.69
28073,29,823,25,71,34007.31
28079,29,864,27,60,34108.94
28084,29,874,26,92,33994.31
28089,29,794,27,67,33629.12
28094,29,893,29,108,33872.50
28099,29,873,29,119,33884.44
28104,29,833,27,61,33905.75
28109,29,874,30,60,33916.25
28114,29,867,25,72,34075.81
28119,29,893,27,78,34058.88
28124,29,880,31,85,33968.62
28129,29,900,31,60,34004.94
28134,29,908,31,176,34221.94
28139,29,894,27,72,34023.06
28145,29,904,27,111,34020.56
28150,29,876,27,38,33795.88
28155,29,908,29,120,33828.00
28160,29,896,29,70,34003.88
28165,29,895,29,71,33950.75
28170,29,870,26,65,34167.38
28175,29,850,26,60,33976.56
28180,29,865,29,81,34026.12
28185,29,825,29,59,34022.69
28190,29,861,27,149,34225.56
28195,29,791,26,73,34033.19
28200,29,900,27,64,34097.88
28205,29,937,27,166,34293.62
28211,29,955,29,62,34012.31
28216,29,908,28,78,34030.81
28221,29,868,27,102,33619.69
28226,29,826,29,86,33931.62
28231,29,866,29,83,33925.81
28236,29,845,26,76,33864.50
28241,29,880,29,59,34027.81
28246,29,829,29,78,33859.88
28251,29,871,31,60,34009.38
28256,29,870,29,66,34062.00
28261,29,905,29,73,33950.50
28266,29,905,28,94,33962.38
28271,29,922,30,91,33986.25
28276,29,909,30,62,34013.25
28282,29,894,29,105,34006.88
28287,29,809,28,63,33753.00
28292,29,921,28,75,34125.44
28297,29,911,27,75,34040.81
28302,29,902,29,77,34053.19
28307,29,834,29,75,34030.81
28312,29,844,27,65,33822.69
28317,29,834,24,70,33988.69
28322,29,852,27,61,33972.94
28327,29,902,27,55,34108.69
28332,29,907,29,60,34155.25
28337,29,799,26,162,34398.69
28342,29,879,27,88,34375.88
28348,29,872,32,62,34246.75
28353,29,792,25,69,34232.56
28358,29,824,27,61,33999.88
28363,29,840,55,68,34179.00
28368,29,745,26,48,33994.75
28373,29,827,25,74,34043.44
28378,29,827,26,74,34059.62
28383,29,812,25,59,33992.44
28388,29,864,27,98,34206.81
28393,29,865,29,63,34181.88
28398,29,840,29,66,34131.62
28403,29,816,27,86,34345.94
28408,29,833,27,60,34264.50
28414,29,841,27,68,34242.44
28419,29,810,26,80,34096.94
28424,29,831,29,74,34004.88
28429,29,846,29,120,34142.62
28434,29,714,26,63,34128.62
28439,29,815,25,79,34129.88
28444,29,857,27,65,34142.25
28449,29,787,25,64,34027.81
28454,29,866,29,78,34207.75
28459,29,896,29,88,34233.12
28464,29,851,27,67,34327.31
28469,29,802,27,65,34057.19
28474,29,843,27,62,34334.62
28480,29,829,27,88,34219.56
28485,29,800,29,62,34270.19
28490,29,753,27,64,33926.69
28495,29,790,27,71,34219.31
28500,29,810,27,70,34238.88
28505,29,859,27,59,34213.88
28510,29,828,27,72,34278.31
28515,29,810,29,55,34134.06
28520,29,829,29,91,34473.56
28525,29,777,32,102,34405.62
28530,29,829,32,74,34290.06
28536,29,843,27,110,34371.69
28541,29,854,27,77,34427.94
28546,29,828,28,63,34277.56
28551,29,861,29,61,34258.88
28556,29,840,27,95,33975.88
28561,29,887,27,65,34085.94
28566,29,860,27,70,34062.44
28571,29,829,27,66,34036.56
28576,29,835,29,59,34035.75
28581,29,783,29,98,33975.31
28586,29,792,27,60,34082.62
28591,29,831,27,68,34026.81
28596,29,819,27,86,34336.50
28602,29,843,29,73,34176.69
28607,29,839,29,78,34221.69
28612,29,838,29,72,34262.31
28617,29,820,27,64,34235.88
28622,29,864,27,83,34165.31
28627,29,888,27,65,34203.88
28632,29,850,29,73,33854.44
28637,29,874,29,90,34031.56
28642,29,762,26,89,34031.75
28647,29,788,25,68,34104.62
28652,29,846,27,97,34187.75
28657,29,770,27,73,34055.50
28662,29,808,29,74,33962.62
28667,29,868,29,85,34143.75
28673,29,921,29,73,34208.50
28678,29,938,27,77,34154.25
28683,29,937,26,115,34122.25
28688,29,897,27,57,34328.62
28693,29,906,29,60,34328.94
28698,29,847,28,93,34132.25
28703,29,825,32,104,34156.75
28708,29,849,32,147,34306.19
28713,29,860,32,87,34035.75
28718,29,851,27,94,34071.00
28724,29,810,27,74,34131.06
28729,29,754,29,64,34180.12
28734,29,801,27,66,34159.69
28739,29,837,27,73,34195.00
28744,29,869,27,63,34221.06
28749,29,950,27,68,34350.06
28754,29,921,29,79,34311.69
28759,29,972,29,72,34304.00
28764,29,840,34,62,34348.75
28769,29,851,32,69,34173.44
28774,29,825,31,59,34151.44
28780,29,862,27,80,34172.88
28785,29,872,29,102,34290.44
28790,29,903,29,59,34344.25
28795,29,917,29,66,34464.88
28800,29,926,29,63,34500.19
28805,29,882,29,87,34371.62
28810,29,898,27,65,34158.81
28815,29,854,29,67,34238.06
28820,29,845,29,141,34287.38
28825,29,839,27,74,34080.75
28830,29,874,27,65,34136.56
28835,29,833,27,96,33982.00
28840,29,769,27,72,33944.00
28846,29,802,29,67,34099.75
28851,29,835,28,69,33920.44
28856,29,818,26,72,34144.88
28861,29,844,27,152,34021.00
28866,29,898,27,89,34200.88
28871,29,934,26,61,34185.25
28876,29,811,29,107,34197.56
28881,29,849,27,94,34203.31
28886,29,864,27,61,34263.50
28891,29,868,27,72,34187.19
28896,29,845,27,58,34118.56
28901,29,880,27,129,34057.19
28907,29,890,29,63,34137.19
28912,29,848,31,73,34108.06
28917,29,825,29,102,34048.12
28922,29,878,27,83,34048.31
28927,29,881,27,67,34176.19
28932,29,861,29,67,34141.44
28937,29,896,29,70,34337.88
28942,29,883,28,63,34466.50
28947,29,821,32,74,34279.06
28952,29,859,27,111,34324.94
28957,29,893,27,77,34384.12
28962,29,887,29,60,34260.50
28967,29,761,24,57,34560.75
28973,29,823,27,110,34063.44
28978,29,842,27,68,34275.62
28983,29,853,24,17,34342.00
28988,29,782,27,69,34266.06
28993,29,829,26,66,34453.50
28998,29,830,27,68,34462.31
29003,29,823,27,77,34932.44
29008,29,815,30,68,34792.44
29014,29,748,27,65,34605.50
29019,29,791,27,116,34421.88
29024,29,811,29,74,34726.06
29029,29,781,29,78,34599.81
29034,29,803,25,73,34460.50
29039,29,812,24,59,34278.75
29044,29,883,26,107,34613.06
29049,29,906,25,86,34463.00
29054,29,777,26,106,34310.56
29059,29,835,28,66,34277.88
29065,29,763,26,69,34600.56
29070,29,784,26,73,34442.56
29075,29,837,26,73,34533.62
29080,29,806,25,70,34532.25
29085,29,826,28,64,34495.38
29090,29,823,28,85,34450.12
29095,29,831,28,107,34560.19
29100,29,836,26,100,34357.56
29105,29,834,26,60,34204.25
29110,29,850,26,67,34174.19
29115,29,856,27,65,34373.81
29121,29,753,28,67,34175.12
29126,29,800,26,68,34316.69
29131,29,843,26,20,34195.94
29136,29,869,26,73,34441.94
29141,29,846,26,80,34416.12
29146,29,799,28,65,34270.25
29151,29,839,28,67,34618.12
29156,29,829,28,54,34453.06
29161,29,861,26,86,34410.69
29166,29,888,26,72,34188.94
29171,29,907,26,69,34299.44
29176,29,797,27,78,34225.81
29182,29,841,28,65,34332.88
29187,29,814,28,64,34366.88
29192,29,823,26,66,34209.19
29197,29,852,26,78,34402.44
29202,29,858,25,70,34392.50
29207,29,791,28,69,34362.44
29212,29,841,28,116,34468.81
29217,29,855,26,56,34402.12
29222,29,900,26,121,34451.81
29227,29,818,26,70,33982.38
29232,29,830,23,71,34192.25
29237,29,850,28,85,34277.88
29242,29,838,26,95,34328.06
29248,29,834,26,64,34328.38
29253,29,816,26,65,34171.00
29258,29,856,26,80,34343.81
29263,29,857,28,60,34431.00
29268,29,845,28,87,34369.31
29273,29,831,28,88,34237.00
29278,29,833,28,74,34374.06
29283,29,883,26,65,34370.75
29288,29,873,25,80,34057.56
29293,29,924,27,72,34269.44
29298,29,894,28,70,34276.44
29303,29,818,26,84,34382.12
29309,29,794,26,86,34297.69
29314,29,828,25,123,34374.44
29319,29,801,26,116,34394.12
29324,29,777,28,107,34373.25
29329,29,854,28,108,34575.81
29334,29,844,28,76,34356.31
29339,29,796,26,19,34234.69
29344,29,878,26,67,34436.56
29349,29,878,26,75,34434.56
29354,29,889,28,58,34524.38
29359,29,845,28,55,34078.25
29364,29,871,28,78,34296.00
29370,29,783,26,65,34271.56
29375,29,907,25,78,34432.88
29380,29,914,26,69,34254.50
29385,29,872,28,68,34360.69
29390,29,853,27,86,34435.94
29395,29,851,26,64,34643.19
29400,29,841,28,64,34444.62
29405,29,897,27,73,34470.81
29410,29,915,28,85,34529.19
29415,29,878,28,71,34604.12
29420,29,874,28,77,34377.19
29425,29,851,32,77,34413.50
29431,29,864,32,93,34282.31
29436,29,882,32,66,34335.44
29441,29,856,27,63,34285.38
29446,29,898,29,64,34417.44
29451,29,889,29,70,34419.50
29456,29,758,27,70,34307.00
29461,29,892,26,81,34348.81
29466,29,920,27,67,34538.88
29471,29,906,27,84,34566.94
29476,29,885,29,69,34502.19
29481,29,863,29,106,34576.12
29486,29,870,29,64,34597.25
29492,29,806,27,66,34370.88
29497,29,720,27,55,34120.38
29502,29,865,27,78,34208.94
29507,29,874,29,76,34535.12
29512,29,838,27,66,34346.31
29517,29,844,26,61,34399.00
29522,29,885,27,102,34475.00
29527,29,897,27,122,34630.50
29532,29,907,27,77,34435.44
29537,29,872,29,98,34479.12
29542,29,895,29,62,34810.00
29548,29,792,32,74,34537.12
29553,29,877,31,62,34559.19
29558,29,813,26,63,34373.94
29563,29,837,27,133,34459.81
29568,29,829,29,69,34508.38
29573,29,857,29,61,34525.56
29578,29,846,27,75,34526.31
29583,29,787,27,96,34428.12
29588,29,834,27,59,34427.44
29593,29,868,29,90,34633.25
29598,29,869,28,59,34645.25
29603,29,826,27,76,34720.50
29609,29,850,27,106,34749.00
29614,29,864,26,73,34671.00
29619,29,845,25,66,34551.44
29624,29,813,29,69,34528.19
29629,29,850,27,67,34576.44
29634,29,874,27,67,34659.00
29639,29,748,25,49,34365.00
29644,29,859,26,66,34540.56
29649,29,896,26,164,34663.62
29654,29,907,29,60,34792.00
29659,29,860,29,72,34549.25
29664,29,729,31,67,34700.19
29670,29,852,32,71,34819.44
29675,29,873,27,84,34806.44
29680,29,881,27,92,34729.50
29685,29,842,29,59,34611.19
29690,29,888,29,74,34665.12
29695,29,883,29,66,34763.88
29700,29,870,27,62,34584.44
29705,29,873,27,67,34645.12
29710,29,858,27,65,34619.88
29715,29,879,29,78,34700.62
29720,29,829,28,68,34575.06
29725,29,870,29,67,34779.19
29730,29,853,29,78,34804.00
29736,29,845,27,127,34771.19
29741,29,858,27,67,34705.50
29746,29,856,29,72,34952.25
29751,29,834,29,63,34727.12
29756,29,858,31,66,34758.75
29761,29,867,28,66,34348.50
29766,29,887,27,57,34690.00
29771,29,805,26,59,34499.62
29776,29,809,77,69,34874.38
29781,29,815,27,98,34669.44
29786,29,819,31,61,34783.00
29792,29,831,32,77,34791.69
29797,29,865,27,70,34820.00
29802,29,884,26,82,34873.69
29807,29,877,29,74,34831.62
29812,29,844,29,77,34776.00
29817,29,843,29,72,34761.81
29822,29,877,27,65,34753.12
29827,29,881,27,91,34577.44
29832,29,912,27,75,34676.62
29837,29,865,29,54,34694.19
29842,29,844,27,78,34662.62
29847,29,773,27,68,34534.88
29852,29,850,27,74,34580.38
29858,29,868,27,107,34690.25
29863,29,880,27,68,34679.06
29868,29,865,28,86,34607.44
29873,29,850,29,73,34565.25
29878,29,864,29,106,34841.94
29883,29,876,27,60,34627.00
29888,29,915,27,72,34658.62
29893,29,855,29,70,34353.31
29898,29,842,28,112,34585.62
29903,29,799,30,69,34728.00
29908,29,766,34,58,34484.31
29913,29,858,33,66,34572.56
29918,29,819,29,119,34573.31
29924,29,867,29,126,34733.94
29929,29,860,29,64,34557.69
29934,29,868,29,113,34751.94
29939,29,867,29,64,34617.38
29944,29,887,27,62,34770.69
29949,29,795,25,61,34465.75
29954,29,886,29,85,34718.69
29959,29,897,29,64,34737.56
29964,29,896,29,68,34743.44
29969,29,834,27,64,34687.06
29974,29,831,27,73,34612.69
29979,29,930,26,65,34700.50
29985,29,961,29,61,34859.94
29990,29,951,27,75,34855.44
29995,29,867,29,87,34736.69
30000,29,866,27,84,35127.12
30005,29,854,27,58,34904.75
30010,29,900,27,94,34853.88
30015,29,814,29,67,34662.12
30020,29,846,29,98,34417.81
30025,29,841,29,79,34814.25
30030,29,836,29,90,34581.56
30035,29,856,26,75,34762.12
30040,29,854,27,81,34677.19
30045,29,865,29,219,35011.88
30050,29,890,29,79,34698.19
30056,29,875,29,58,34721.94
30061,29,891,27,94,34847.00
30066,29,909,28,85,34765.12
30071,29,912,27,71,34745.69
30076,29,804,29,82,34553.38
30081,29,898,29,78,34639.75
30086,29,875,28,75,34695.94
30091,29,813,27,67,34663.06
30096,29,924,27,69,34660.00
30101,29,913,29,229,34886.12
30106,29,921,29,81,34706.69
30111,29,865,29,146,34906.75
30117,29,834,27,68,34737.69
30122,29,874,27,69,34712.88
30127,29,894,27,87,34829.38
30132,29,920,27,63,34774.88
30137,29,884,29,66,34748.56
30142,29,817,26,65,34459.06
30147,29,789,32,66,34417.69
30152,29,825,26,77,34733.38
30157,29,850,27,79,34590.00
30162,29,821,27,131,34594.12
30167,29,793,29,102,34550.94
30172,29,847,29,66,34684.56
30177,29,812,27,80,34626.50
30182,29,816,27,54,34541.56
30188,29,894,27,80,34904.31
30193,29,858,26,89,34906.88
30198,29,835,29,74,34783.00
30203,29,838,27,25,34579.44
30208,29,902,27,74,35146.06
30213,29,782,27,57,35056.50
30218,29,827,25,122,35148.94
30223,29,831,27,73,34999.62
30228,29,790,27,92,35158.69
30233,29,812,27,66,34910.88
30238,29,758,27,65,35103.44
30243,29,835,27,67,35048.94
30249,29,874,26,70,35104.69
30254,29,880,29,67,34844.12
30259,29,888,29,92,34802.00
30264,29,836,26,60,34787.62
30269,29,815,27,58,34420.19
30274,29,825,24,79,34724.06
30279,29,803,26,70,34659.31
30284,29,819,28,65,34786.81
30289,29,764,27,107,34600.56
30294,29,850,28,62,34801.31
30299,29,852,26,74,34763.88
30304,29,859,25,181,34918.81
30309,29,909,26,70,34869.31
30315,29,885,28,66,34839.38
30320,29,893,28,72,34832.12
30325,29,834,34,61,34945.88
30330,29,856,34,69,34951.44
30335,29,857,32,89,34955.31
30340,29,852,27,64,34886.44
30345,29,773,29,109,34854.69
30350,29,828,29,70,34798.06
30355,29,854,27,76,35069.56
30360,29,840,26,68,35049.25
30365,29,874,27,70,35045.25
30371,29,891,27,75,34961.12
30376,29,861,29,74,35125.00
30381,29,841,29,63,34875.75
30386,29,734,26,72,34544.25
30391,29,848,27,69,34744.62
30396,29,872,27,70,34956.50
30401,29,844,27,130,34835.94
30406,29,763,29,63,34891.56
30411,29,825,27,71,34855.06
30416,29,852,27,97,35111.25
30421,29,864,27,76,34919.62
30426,29,853,27,55,34955.81
30431,29,887,27,64,35126.88
30437,29,866,29,62,35082.94
30442,29,836,29,84,35195.00
30447,29,838,27,77,35026.06
30452,29,848,27,133,34963.62
30457,29,864,27,59,35061.38
30462,29,854,27,82,34983.50
30467,29,875,29,83,35025.81
30472,29,857,29,57,34972.56
30477,29,838,27,89,34929.06
30482,29,849,27,78,35011.94
30487,29,828,27,46,34902.56
30492,29,899,27,93,35030.19
30497,29,867,29,63,34947.69
30503,29,832,25,70,35105.75
30508,29,849,27,216,35289.50
30513,29,832,27,58,35092.56
30518,29,858,27,79,34977.81
30523,29,795,27,66,34825.12
30528,29,794,29,108,34849.25
30533,29,826,27,108,34979.62
30538,29,816,26,74,35057.56
30543,29,872,41,76,35114.75
30548,29,842,41,60,35011.19
30553,29,844,31,73,34802.19
30558,29,890,33,65,35071.00
30563,29,828,38,62,35184.31
30569,29,840,36,73,34998.94
30574,29,838,36,81,34948.50
30579,29,867,36,101,35172.06
30584,29,806,31,67,34986.94
30589,29,856,33,67,35005.62
30594,29,835,33,74,34816.38
30599,29,851,33,74,34994.06
30604,29,817,31,63,34828.19
30609,29,860,31,85,34922.88
30614,29,854,32,69,34910.31
30619,29,821,33,238,35046.44
30624,29,786,31,98,34955.81
30629,29,838,31,113,35101.25
30635,29,843,31,64,35103.88
30640,29,871,31,84,34991.12
30645,29,823,33,67,34895.25
30650,29,892,33,87,35096.00
30655,29,816,31,66,34992.81
30660,29,848,33,86,34912.25
30665,29,855,31,76,34690.12
30670,29,811,30,65,34769.69
30675,29,832,33,118,34971.88
30680,29,816,33,104,34713.62
30685,29,862,30,68,34871.12
30690,29,844,31,125,35009.19
30696,29,857,31,103,35085.25
30701,29,859,31,76,34890.62
30706,29,839,33,32,34844.44
30711,29,859,33,78,35050.44
30716,29,821,33,78,34968.31
30721,29,897,31,83,35012.31
30726,29,893,31,60,34818.25
30731,29,919,31,68,34684.44
30736,29,933,33,74,34846.81
30741,29,865,33,90,34876.12
30746,29,815,36,121,35075.12
30751,29,796,30,65,34922.12
30756,29,844,31,66,34950.88
30761,29,843,31,73,34802.50
30767,29,856,33,139,35082.25
30772,29,874,33,63,34950.25
30777,29,845,33,70,34826.06
30782,29,892,30,72,35012.12
30787,29,879,31,62,34930.75
30792,29,907,31,83,34950.25
30797,29,825,32,60,34674.38
30802,29,863,33,70,34796.00
30807,29,789,34,80,34733.31
30812,29,835,33,75,34748.31
30817,29,856,31,61,34814.88
30822,29,792,30,232,34865.94
30828,29,866,33,129,34884.94
30833,29,875,33,98,34805.44
30838,29,834,31,71,34926.69
30843,29,884,31,67,34963.88
30848,29,876,31,67,34960.06
30853,29,869,31,79,34849.31
30858,29,904,33,101,34893.12
30863,29,907,33,80,34932.88
30868,29,885,33,59,34722.19
30873,29,850,31,153,34793.94
30878,29,850,29,94,34837.81
30883,29,860,31,91,34727.50
30888,29,847,33,81,34713.06
30893,29,862,33,131,34820.25
30899,29,887,33,72,34901.06
30904,29,915,31,96,34750.75
30909,29,837,31,86,34766.81
30914,29,913,31,55,34926.81
30919,29,882,33,97,34876.25
30924,29,844,33,69,34954.25
30929,29,845,30,75,34813.19
30934,29,859,31,65,34658.12
30939,29,842,31,99,34769.31
30944,29,853,30,58,34700.62
30949,29,860,33,68,34816.19
30954,29,760,33,59,34639.69
30959,29,856,33,61,34740.06
30965,29,891,31,69,34747.94
30970,29,882,31,190,34994.75
30975,29,875,28,56,34790.06
30980,29,911,33,77,34759.69
30985,29,872,33,58,34737.12
30990,29,888,33,71,34690.88
30995,29,859,29,62,34724.56
31000,29,857,31,62,34717.00
31005,29,837,28,66,34733.31
31010,29,786,32,87,34724.25
31015,29,838,33,105,34734.12
31020,29,855,31,77,34862.75
31025,29,834,30,74,34846.44
31031,29,891,31,62,34804.56
31036,29,906,33,91,34926.94
31041,29,891,33,65,34910.94
31046,29,871,33,71,34814.06
31051,29,832,31,59,34753.06
31056,29,861,31,67,34698.12
31061,29,868,31,60,34681.69
31066,29,869,33,56,34786.25
31071,29,824,32,72,34604.88
31076,29,860,33,65,34796.94
31081,29,826,31,167,34753.44
31086,29,894,31,93,34897.44
31091,29,968,30,62,34889.38
31097,29,899,33,58,34867.69
31102,29,837,33,125,34895.25
31107,29,875,37,70,34864.62
31112,29,865,36,113,34905.00
31117,29,864,33,97,34923.75
31122,29,849,31,90,34577.38
31127,29,939,33,63,34902.50
31132,29,863,33,60,34761.19
31137,29,806,31,90,34869.50
31142,29,908,27,101,34612.31
31147,29,836,27,262,34989.44
31152,29,873,27,115,34728.25
31158,29,886,29,72,34825.31
31163,29,872,28,79,34850.50
31168,29,852,27,101,34975.75
31173,29,818,25,61,34968.19
31178,29,870,27,89,35040.56
31183,29,889,27,90,34871.19
31188,29,878,29,69,34729.75
31193,29,859,29,74,34662.06
31198,29,758,27,86,34989.88
31203,29,875,26,69,34813.75
31208,29,874,27,65,34839.25
31213,29,842,27,94,34789.94
31218,29,907,28,84,34741.31
31224,29,907,34,79,35036.44
31229,29,883,32,96,34923.94
31234,29,848,31,67,34674.75
31239,29,885,27,80,34731.31
31244,29,890,29,115,34939.25
31249,29,841,31,72,34835.44
31254,29,855,28,130,34575.25
31259,29,882,29,120,34759.81
31264,29,861,27,55,34655.94
31269,29,870,27,71,34740.62
31274,29,847,27,81,34711.50
31279,29,859,27,72,34764.06
31285,29,850,29,116,35019.06
31290,29,767,25,87,34778.19
31295,29,868,27,86,34906.44
31300,29,855,26,83,34703.19
31305,29,902,27,88,34828.12
31310,29,923,29,67,34782.38
31315,29,897,29,69,34712.81
31320,29,856,27,122,34693.75
31325,29,811,27,85,34714.62
31330,29,827,27,72,34726.94
31335,29,846,27,64,34761.44
31340,29,783,29,62,34857.38
31345,29,781,32,96,34925.38
31351,29,856,32,82,34843.38
31356,29,888,32,74,35054.00
31361,29,846,27,63,34881.50
31366,29,864,29,63,34913.88
31371,29,833,29,63,34666.31
31376,29,849,29,71,34703.88
31381,29,874,29,114,34756.62
31386,29,873,27,79,34640.62
31391,29,910,27,77,34589.81
31396,29,930,27,231,34962.81
31401,29,923,29,67,34730.31
31406,29,844,27,74,34879.88
31411,29,844,27,73,34702.88
31417,29,817,27,61,34758.25
31422,29,811,27,97,34676.44
31427,29,881,29,77,34893.12
31432,29,869,29,70,34778.75
31437,29,849,29,117,34665.88
31442,29,923,29,93,34711.31
31447,29,923,27,70,34708.56
31452,29,815,27,26,34442.88
31457,29,893,29,79,34575.31
31462,29,792,28,71,34850.88
31467,29,859,32,66,34748.81
31472,29,767,26,60,35561.62
31477,29,856,27,79,32974.25
31483,29,896,27,86,33161.75
31488,29,852,29,60,33162.56
31493,29,842,29,69,33270.62
31498,29,846,27,68,33074.19
31503,29,899,27,91,33247.94
31508,29,897,27,59,33084.56
31513,29,861,26,65,32914.19
31518,29,897,29,94,33158.50
31523,29,877,29,73,33282.12
31528,29,803,29,91,33162.88
31533,29,856,27,63,33141.81
31538,29,866,27,71,33212.00
31543,29,846,27,210,33277.75
31549,29,783,27,78,33002.12
31554,29,881,29,99,33154.94
31559,29,883,29,71,33279.50
31564,29,913,27,68,33282.06
31569,29,888,26,91,33073.00
31574,29,849,27,288,34143.62
31579,29,855,29,103,33978.38
31584,29,885,34,64,33922.50
31589,29,888,34,75,33100.56
31594,29,913,35,67,33252.56
31599,29,813,27,100,33258.19
31604,29,826,29,90,33208.81
31609,29,845,31,68,33224.00
31614,29,866,27,80,33894.44
31620,29,730,25,63,33795.19
31625,29,885,27,70,33914.25
31630,29,894,27,79,34026.56
31635,29,852,27,104,34143.31
31640,29,844,28,63,33699.06
31645,29,898,29,61,33952.06
31650,29,886,27,159,34256.19
31655,29,892,27,63,33608.19
31660,29,767,25,98,33349.12
31665,29,937,27,81,33531.75
31670,29,935,29,81,33511.62
31675,29,794,26,77,33743.81
31680,29,879,27,100,33672.06
31685,29,756,27,55,33984.25
31691,29,863,27,79,33850.75
31696,29,859,27,68,33651.56
31701,29,888,29,79,33837.75
31706,29,855,31,63,34027.75
31711,29,791,29,78,33797.12
31716,29,837,27,94,33839.31
31721,29,872,29,68,33867.75
31726,29,891,31,81,33801.75
31731,29,856,29,73,33522.75
31736,29,870,29,119,33752.50
31741,29,775,27,68,33573.25
31747,29,814,27,57,33729.50
31752,29,836,27,67,33646.12
31757,29,827,27,68,33598.38
31762,29,870,29,195,34044.06
31767,29,871,29,67,33847.81
31772,29,839,26,85,33833.81
31777,29,850,27,106,33713.75
31782,29,873,27,117,33784.25
31787,29,886,29,88,33693.31
31792,29,803,28,108,33571.12
31797,29,887,29,77,33695.19
31802,29,896,27,91,33720.00
31808,29,810,27,62,33737.44
31813,29,874,27,84,33623.75
31818,29,898,28,71,33744.12
31823,29,824,29,85,33799.69
31828,29,845,29,68,33771.00
31833,29,781,26,60,33672.62
31838,29,852,27,105,33861.12
31843,29,874,27,68,33861.44
31848,29,825,29,62,33750.19
31853,29,838,28,65,33455.88
31858,29,829,29,89,33682.00
31863,29,844,29,73,33602.94
31868,29,883,27,87,33762.44
31873,29,831,27,117,33743.88
31879,29,890,29,63,33796.38
31884,29,849,29,74,33876.25
31889,29,775,27,14,33669.62
31894,29,844,27,133,33907.06
31899,29,885,27,64,33845.44
31904,29,885,27,73,33764.62
31909,29,868,27,58,33718.31
31914,29,872,29,93,33716.00
31919,29,833,29,63,33711.62
31924,29,894,27,67,33853.06
31929,29,824,26,87,33776.00
31934,29,825,26,82,33714.12
31939,29,880,29,128,33795.06
31945,29,864,34,65,33900.75
31950,29,805,32,67,33874.00
31955,29,925,27,109,33719.44
31960,29,976,27,68,33899.81
31965,29,1005,27,67,33840.19
31970,29,893,29,61,33811.94
31975,29,908,29,62,33478.44
31980,29,758,24,86,33558.62
31985,29,864,29,60,33722.25
31990,29,920,29,120,33716.19
31995,29,803,27,32,33483.69
32000,29,885,29,76,33812.75
32005,29,836,28,159,34127.94
32010,29,796,27,62,33830.31
32016,29,853,27,95,33576.25
32021,29,877,27,83,33696.12
32026,29,897,27,70,33737.31
32031,29,816,29,71,33553.06
32036,29,892,29,69,33808.62
32041,29,911,29,68,33695.69
32046,29,828,27,114,33735.94
32051,29,860,27,66,33611.81
32056,29,902,27,57,33744.31
32061,29,834,28,102,33728.50
32066,29,871,27,71,33812.69
32071,29,880,27,84,33713.94
32076,29,881,27,96,33772.56
32081,29,885,27,57,33653.12
32087,29,900,27,69,33720.38
32092,29,731,26,65,33564.44
32097,29,799,28,206,33757.12
32102,29,857,27,97,33677.00
32107,29,874,27,114,33713.44
32112,29,858,27,67,33756.75
32117,29,869,29,76,33759.94
32122,29,949,29,63,33974.88
32127,29,936,33,66,33962.56
32132,29,841,29,58,33966.75
32137,29,823,27,71,33708.00
32142,29,932,27,98,33911.69
32148,29,925,29,76,33777.19
32153,29,904,27,71,33590.06
32158,29,951,29,77,33620.38
32163,29,1004,29,111,33801.06
32168,29,950,27,63,33857.56
32173,29,904,27,92,33749.69
32178,29,885,28,65,33691.00
32183,29,868,29,60,33759.50
32188,29,854,27,89,33895.44
32193,29,863,27,76,33916.94
32198,29,864,27,100,33890.38
32203,29,871,27,64,33898.25
32208,29,878,29,123,33828.94
32214,29,888,29,59,33893.44
32219,29,884,29,82,33833.06
32224,29,919,29,71,33887.44
32229,29,874,27,85,33643.25
32234,29,880,26,83,33670.81
32239,29,877,29,65,33839.81
32244,29,805,27,61,34002.75
32249,29,820,25,61,33697.62
32254,29,822,27,87,33741.25
32259,29,852,27,69,33824.31
32264,29,856,27,127,33997.75
32269,29,859,29,78,33790.50
32274,29,796,29,62,33729.69
32279,29,889,29,74,33925.31
32285,29,927,29,89,33894.19
32290,29,902,26,66,33779.38
32295,29,870,27,107,33549.31
32300,29,916,29,130,33815.06
32305,29,909,34,65,33724.00
32310,29,827,32,69,33673.88
32315,29,869,25,60,33810.00
32320,29,848,27,20,33771.75
32325,29,854,24,72,33779.12
32330,29,816,28,111,33759.31
32335,29,877,29,64,33950.56
32341,29,867,27,58,33810.81
32346,29,822,26,69,33797.50
32351,29,916,27,66,33737.69
32356,29,940,27,80,33987.44
32361,29,979,29,81,33795.44
32366,29,978,33,65,33762.12
32371,29,942,31,70,33722.69
32376,29,805,27,93,33677.75
32381,29,850,27,88,33714.62
32386,29,885,27,76,33671.25
32391,29,864,29,64,33758.44
32396,29,859,28,92,33864.50
32401,29,932,29,67,33889.31
32407,29,924,27,73,33849.12
32412,29,898,26,64,33666.56
32417,29,916,27,104,33652.75
32422,29,943,29,109,33924.12
32427,29,923,29,77,33791.00
32432,29,815,26,39,33418.69
32437,29,882,26,110,33730.12
32442,29,883,27,79,33695.50
32447,29,876,38,58,33841.06
32452,29,815,37,67,33711.31
32457,29,840,32,80,33815.31
32462,29,865,30,75,33628.69
32467,29,880,30,149,33870.38
32472,29,942,30,63,33788.81
32478,29,904,33,66,33775.81
32483,29,916,34,70,33928.12
32488,29,941,34,102,33820.56
32493,29,919,30,77,33678.12
32498,29,861,30,127,33701.56
32503,29,846,29,98,33677.56
32508,29,877,31,75,33761.62
32513,29,841,32,70,33660.75
32518,29,870,30,69,33680.56
32523,29,917,32,234,33860.00
32528,29,934,32,146,33842.62
32533,29,922,32,78,33775.75
32539,29,872,32,66,33901.56
32544,29,872,35,109,33767.62
32549,29,915,37,72,33817.38
32554,29,902,35,68,33873.69
32559,29,851,28,41,33737.50
32564,29,893,30,58,33814.00
32569,29,879,46,57,34051.94
32574,29,877,29,68,34041.81
32579,29,840,30,94,33911.06
32584,29,896,30,86,33836.19
32589,29,813,25,46,33696.44
32594,29,886,27,88,33832.12
32600,29,921,29,81,33880.00
32605,29,831,31,71,33962.75
32610,29,860,30,96,34135.69
32615,29,887,30,71,34089.50
32620,29,855,29,70,33915.44
32625,29,855,27,80,33957.38
32630,29,855,28,62,33830.50
32635,29,853,29,72,33692.00
32640,29,862,27,84,33899.81
32645,29,885,25,55,33793.19
32650,29,852,27,144,33897.12
32655,29,868,27,59,33754.38
32660,29,920,29,74,33814.38
32666,29,928,29,68,33928.44
32671,29,878,27,131,33919.62
32676,29,822,27,96,33675.88
32681,29,867,27,80,33754.56
32686,29,870,27,63,33867.94
32691,29,819,28,15,33646.06
32696,29,889,28,91,33801.44
32701,29,913,29,65,33755.56
32706,29,867,27,68,33869.81
32711,29,829,27,67,33584.94
32716,29,838,27,67,33780.69
32721,29,863,29,67,33902.44
32726,29,848,27,60,34026.12
32732,29,794,27,80,33926.19
32737,29,857,27,91,33706.25
32742,29,906,27,100,33875.75
32747,29,919,27,60,33904.69
32752,29,882,28,58,33808.75
32757,29,873,29,95,33548.44
32762,29,891,27,79,33658.44
32767,29,868,26,73,33718.00
32772,29,891,27,101,33790.31
32777,29,877,27,58,33612.69
32782,29,887,29,166,33962.94
32787,29,884,29,69,33844.88
32792,29,824,29,72,33780.94
32798,29,875,27,70,33875.81
32803,29,880,27,101,33875.44
32808,29,816,24,65,33831.50
32813,29,900,29,73,33655.19
32818,29,914,29,78,33877.88
32823,29,922,29,69,33700.38
32828,29,917,27,99,33705.94
32833,29,892,27,60,33698.75
32838,29,878,27,74,33740.06
32843,29,880,29,66,33881.69
32848,29,857,27,63,33950.81
32853,29,855,27,88,33945.50
32858,29,871,26,60,33889.88
32864,29,875,27,95,33714.00
32869,29,899,29,92,33858.50
32874,29,897,29,62,33877.88
32879,29,738,27,72,33446.31
32884,29,891,27,94,33617.50
32889,29,909,26,56,33805.31
32894,29,921,27,71,33745.31
32899,29,868,29,86,33699.12
32904,29,872,28,65,33761.75
32909,29,830,27,87,33845.12
32914,29,854,27,101,33814.00
32919,29,910,27,83,33752.75
32924,29,892,27,83,33858.44
32930,29,810,29,81,33877.31
32935,29,854,29,96,33910.69
32940,29,876,29,64,34080.12
32945,29,901,27,67,34031.50
32950,29,913,27,74,33980.50
32955,29,938,27,98,33996.12
32960,29,809,29,68,33846.56
32965,29,900,29,65,33949.06
32970,29,796,28,62,33812.94
32975,29,852,29,56,33741.56
32980,29,852,27,97,33830.56
32985,29,802,26,80,33813.06
32990,29,848,29,76,33839.00
32996,29,913,29,84,33773.88
33001,29,852,28,79,33890.44
33006,29,885,27,80,33802.00
33011,29,857,27,69,34019.31
33016,29,858,27,101,33791.12
33021,29,851,29,72,33891.44
33026,29,702,31,55,33681.81
33031,29,819,27,61,33735.25
33036,29,764,26,62,33655.19
33041,29,817,27,248,33930.31
33046,29,646,26,65,33147.06
33051,29,794,27,56,33364.25
33057,29,832,28,101,33866.06
33062,29,866,30,65,33982.50
33067,29,890,30,76,33898.38
33072,29,901,30,65,33792.25
33077,29,909,28,78,33850.56
33082,29,920,30,65,33857.00
33087,29,865,29,66,33828.62
33092,29,869,29,62,33868.06
33097,29,833,27,70,33907.06
33102,29,821,27,67,33868.81
33107,29,831,26,65,33875.75
33112,29,846,28,67,33854.12
33118,29,793,28,54,33719.25
33123,29,850,28,85,32288.25
33128,29,724,23,80,32330.19
33133,29,788,25,78,32687.81
33138,29,830,26,89,32289.75
33143,29,916,28,62,32477.50
33148,29,806,31,66,32500.44
33153,29,824,29,222,32161.62
33158,29,687,26,73,32226.25
33163,29,799,27,68,32186.25
33168,29,840,27,66,32074.25
33173,29,863,29,73,32058.25
33179,29,869,29,63,31994.12
33184,29,831,29,76,32426.88
33189,29,858,29,63,32419.38
33194,29,845,29,60,32179.38
33199,29,888,29,73,31528.75
33204,29,892,31,64,31545.81
33209,29,802,29,64,32048.56
33214,29,751,26,72,31942.88
33219,29,836,27,98,31335.75
33224,29,701,25,158,31935.94
33229,29,737,29,67,32058.94
33234,29,857,29,58,31346.94
33240,29,887,29,62,30975.00
33245,29,859,27,62,30934.94
33250,29,816,27,78,30883.88
33255,29,772,24,64,31333.62
33260,29,815,28,78,31796.06
33265,29,716,32,81,31007.75
33270,29,802,27,92,30878.00
33275,29,834,25,61,30828.62
33280,29,812,27,79,30757.56
33285,29,745,25,78,31326.19
33290,29,761,27,494,31659.00
33295,29,761,25,62,32314.38
33300,29,803,29,197,32035.44
33305,29,815,25,64,32232.44
33311,29,887,29,69,31843.12
33316,29,868,29,109,31591.81
33321,29,875,31,70,32742.94
33326,29,873,31,14,31840.94
33331,29,771,25,362,32942.69
33336,29,811,27,67,32894.69
33341,29,821,27,76,31998.44
33346,29,783,27,90,31693.06
33351,29,773,29,66,31594.19
33356,29,739,27,82,31540.75
33361,29,865,27,71,31510.56
33366,29,882,27,58,31582.06
33371,29,838,29,119,31609.25
33376,29,772,27,67,31551.94
33381,29,855,29,78,31587.94
33387,29,822,34,64,31708.06
33392,29,794,27,80,31478.12
33397,29,779,27,83,31522.50
33402,29,836,27,100,31630.81
33407,29,810,27,65,31638.44
33412,29,793,29,69,31612.62
33417,29,823,27,62,31603.69
33422,29,859,27,85,31650.88
33427,29,807,27,116,32687.06
33432,29,779,26,59,33247.50
33437,29,837,29,53,32974.75
33442,29,839,29,62,33071.38
33447,29,857,27,170,33198.81
33453,29,781,27,69,33023.50
33458,29,825,24,63,33416.38
33463,29,818,28,63,33056.00
33468,29,719,27,63,32870.19
33473,29,798,28,75,32758.56
33478,29,762,26,86,32652.31
33483,29,857,27,131,32936.50
33488,29,868,27,76,32899.12
33493,29,867,27,75,32917.81
33498,29,817,27,65,32931.88
33503,29,752,33,67,33266.62
33508,29,856,35,207,33201.62
33514,29,858,29,67,33167.69
33519,29,848,27,92,33189.31
33524,29,820,27,124,32867.38
33529,29,850,27,65,33051.19
33534,29,833,29,63,32972.25
33539,29,823,26,92,33034.38
33544,29,873,27,115,33192.81
33549,29,859,27,101,33275.88
33554,29,821,27,61,33193.25
33559,29,768,26,216,33241.12
33564,29,911,29,87,33365.62
33570,29,911,29,60,33427.88
33575,29,907,27,61,33247.75
33580,29,864,26,83,33215.06
33585,29,747,27,82,32952.50
33590,29,839,29,78,33046.44
33595,29,895,28,90,32972.94
33600,29,815,25,72,33009.62
33605,29,908,27,78,33123.81
33610,29,854,25,76,33023.25
33615,29,863,27,129,33119.94
33620,29,857,29,101,33102.31
33625,29,836,28,83,33024.88
33630,29,848,27,81,33199.12
33635,29,788,27,63,33139.44
33641,29,802,27,63,33198.81
33646,29,835,27,68,32990.81
33651,29,854,29,89,33362.44
33656,29,864,29,80,33191.81
33661,29,763,27,66,33005.12
33666,29,892,27,58,33273.75
33671,29,847,27,84,33100.06
33676,29,862,27,67,33197.44
33681,29,894,29,95,33206.62
33686,29,896,29,67,33399.38
33691,29,851,29,62,33241.81
33696,29,814,27,69,33540.38
33701,29,840,27,70,33548.25
33706,29,865,27,83,33757.31
33712,29,872,29,60,33756.94
33717,29,884,29,64,33797.75
33722,29,905,29,67,33771.12
33727,29,854,27,64,33739.81
33732,29,880,27,59,33674.56
33737,29,860,27,67,33695.81
33742,29,861,29,76,33773.38
33747,29,741,60,59,33697.94
33752,29,812,128,64,33770.81
33757,29,800,27,69,33665.81
33762,29,789,27,99,33671.50
33767,29,833,27,81,33662.12
33772,29,856,31,74,33870.62
33778,29,856,30,61,33885.19
33783,29,796,31,92,33755.50
33788,29,853,27,76,33632.94
33793,29,812,27,57,33527.62
33798,29,832,27,85,33757.31
33803,29,788,29,60,33600.50
33808,29,809,29,94,33556.94
33813,29,856,27,66,33692.81
33818,29,773,26,129,33612.31
33823,29,845,27,61,33486.81
33828,29,803,27,58,33434.44
33833,29,827,29,107,33596.06
33839,29,797,29,67,33994.62
33844,29,878,27,70,34002.50
33849,29,816,27,81,33908.81
33854,29,816,26,69,33841.50
33859,29,820,26,64,33766.38
33864,29,778,27,95,33938.88
33869,29,825,25,56,34152.00
33874,29,828,26,84,33877.19
33879,29,842,26,73,33821.50
33884,29,828,27,118,33893.88
33889,29,828,27,62,33749.12
33894,29,803,29,76,33672.88
33899,29,802,29,84,33620.62
33904,29,861,27,60,33516.56
33910,29,854,27,147,33764.62
33915,29,769,25,67,33599.50
33920,29,857,26,77,33688.88
33925,29,842,34,62,33683.81
33930,29,823,32,92,33462.12
33935,29,838,27,81,33553.06
33940,29,867,27,123,33796.56
33945,29,882,27,84,33813.19
33950,29,860,27,94,33546.00
33955,29,855,29,94,33583.44
33960,29,876,29,159,33937.00
33965,29,854,27,95,33710.25
33971,29,892,27,60,33657.50
33976,29,862,27,80,33499.81
33981,29,852,24,53,33543.56
33986,29,843,29,67,33570.88
33991,29,818,28,73,33589.12
33996,29,876,27,76,33650.94
34001,29,854,26,67,33648.00
34006,29,758,27,88,33512.06
34011,29,839,27,69,33568.56
34016,29,878,29,77,33848.56
34021,29,830,26,68,33786.88
34026,29,861,27,68,33431.94
34031,29,902,27,83,33497.75
34036,29,795,27,62,33588.38
34042,29,807,29,121,33803.06
34047,29,845,29,77,33614.25
34052,29,820,27,57,33899.19
34057,29,833,27,64,33813.56
34062,29,817,27,65,33590.06
34067,29,857,27,67,33640.62
34072,29,848,29,79,33587.56
34077,29,869,29,72,33752.69
34082,29,868,29,60,33728.75
34087,29,875,27,72,33669.19
34092,29,910,27,151,33844.56
34097,29,892,27,76,33662.88
34102,29,894,29,73,33734.94
34107,29,883,29,179,33615.31
34113,29,896,29,134,33752.44
34118,29,856,30,66,33619.38
34123,29,841,29,70,33659.94
34128,29,852,27,59,33678.62
34133,29,806,29,63,33548.94
34138,29,877,29,98,33910.81
34143,29,889,29,71,33723.69
34148,29,884,27,59,33818.75
34153,29,851,27,65,33676.19
34158,29,858,27,61,33689.88
34163,29,820,34,82,33600.81
34168,29,864,32,60,33643.12
34173,29,878,32,97,33770.88
34179,29,909,26,51,33807.50
34184,29,884,27,85,33837.25
34189,29,771,27,83,33509.06
34194,29,851,29,128,33699.25
34199,29,875,29,80,33698.62
34204,29,868,27,60,33642.44
34209,29,900,26,64,33647.00
34214,29,1259,27,93,33565.56
34219,29,1006,27,72,33822.56
34224,29,819,29,69,33896.12
34229,29,807,25,74,33582.81
34235,29,906,26,82,33646.81
34240,29,928,29,74,33813.69
34245,29,775,29,77,33571.88
34250,29,868,29,103,33994.12
34255,29,845,27,66,33800.88
34260,29,840,29,95,33851.44
34265,29,878,26,104,33601.56
34270,29,941,27,90,33750.50
34275,29,945,27,84,33781.75
34280,29,836,27,186,33914.00
34285,29,802,29,82,33736.94
34291,29,856,27,122,33685.44
34296,29,873,27,66,33876.00
34301,29,770,26,89,33867.56
34306,29,856,27,122,33764.94
34311,29,860,27,65,33665.56
34316,29,853,29,64,33757.94
34321,29,837,24,107,33718.69
34326,29,910,27,84,33939.88
34331,29,900,27,82,33842.88
34336,29,826,27,47,33594.19
34341,29,896,29,80,33699.81
34347,29,892,34,68,33824.44
34352,29,925,34,66,33894.81
34357,29,884,27,109,33885.19
34362,29,813,26,72,33740.56
34367,29,865,27,69,33932.75
34372,29,865,29,63,33912.81
34377,29,835,29,65,33807.12
34382,29,894,27,52,33707.06
34387,29,876,27,55,33832.56
34392,29,864,27,127,33975.38
34397,29,811,27,80,33811.12
34402,29,864,29,76,34058.25
34407,29,880,32,62,34103.62
34413,29,866,32,81,33888.94
34418,29,892,30,74,33917.75
34423,29,889,27,83,33700.00
34428,29,905,27,105,33849.94
34433,29,915,29,60,33787.69
34438,29,845,28,70,33866.44
34443,29,905,27,72,33862.31
34448,29,876,26,72,33918.69
34453,29,884,26,76,34027.69
34458,29,890,27,64,33965.75
34463,29,886,29,57,34076.31
34468,29,815,29,77,33777.62
34473,29,810,26,57,33722.19
34479,29,874,26,89,33815.12
34484,29,827,27,116,33822.31
34489,29,872,27,75,33875.06
34494,29,862,29,75,33836.06
34499,29,886,29,70,33999.81
34504,29,927,29,95,34027.81
34509,29,936,29,75,33932.69
34514,29,931,27,58,33887.00
34519,29,915,25,76,33891.69
34524,29,798,29,71,33799.06
34529,29,894,29,104,34048.00
34534,29,870,26,60,33960.50
34539,29,830,27,58,33971.06
34544,29,807,27,67,33856.50
34550,29,834,27,103,33809.56
34555,29,853,29,72,33875.56
34560,29,838,29,90,33915.81
34565,29,927,29,80,33982.12
34570,29,937,27,81,33956.69
34575,29,882,27,62,33747.19
34580,29,926,27,108,33779.81
34585,29,900,29,90,33892.50
34590,29,861,27,73,33935.19
34595,29,890,27,118,33961.75
34600,29,855,26,73,33830.25
34605,29,904,27,111,34076.38
34611,29,933,27,71,33965.06
34616,29,866,28,75,33811.69
34621,29,828,27,85,33828.19
34626,29,932,27,73,33840.00
34631,29,875,27,80,33879.88
34636,29,889,27,116,34097.12
34641,29,894,27,79,34032.12
34646,29,879,29,60,34091.69
34651,29,764,25,54,33968.81
34656,29,868,27,67,33804.00
34661,29,895,29,95,33782.75
34666,29,906,29,144,33989.94
34671,29,753,29,82,33852.88
34677,29,878,29,71,33986.06
34682,29,941,27,65,34040.94
34687,29,931,27,148,34160.69
34692,29,922,27,65,34034.56
34697,29,896,26,70,34064.44
34702,29,892,29,102,34134.44
34707,29,878,34,56,33910.44
34712,29,847,33,91,33950.38
34717,29,891,27,56,33908.38
34722,29,883,27,141,34080.44
34727,29,893,27,74,34091.88
34732,29,882,29,78,33870.12
34737,29,875,29,85,33826.88
34743,29,938,29,149,34033.94
34748,29,926,29,69,33924.12
34753,29,929,27,64,33763.38
34758,29,922,27,62,33959.25
34763,29,817,29,83,34055.81
34768,29,869,29,70,34001.31
34773,29,920,27,75,34012.00
34778,29,868,26,70,34065.25
34783,29,821,27,71,33801.50
34788,29,877,27,82,33960.06
34793,29,866,28,141,34123.81
34798,29,876,29,93,34168.62
34803,29,921,29,114,34051.94
34809,29,882,24,60,33884.94
34814,29,932,27,112,33805.62
34819,29,945,27,98,33790.81
34824,29,782,34,87,33881.12
34829,29,852,32,75,33919.56
34834,29,889,29,89,33992.75
34839,29,909,27,84,34078.44
34844,29,899,27,77,33920.25
34849,29,920,27,114,34075.12
34854,29,897,27,150,34056.38
34859,29,868,28,61,33905.94
34864,29,925,27,106,34070.00
34869,29,937,25,65,34091.25
34875,29,936,27,73,33884.62
34880,29,900,27,108,33812.38
34885,29,916,29,61,33862.00
34890,29,910,29,78,33901.06
34895,29,849,29,104,33985.62
34900,29,803,27,64,33902.19
34905,29,896,27,58,34122.62
34910,29,849,27,76,34053.81
34915,29,859,29,89,34022.31
34920,29,889,28,74,33933.31
34925,29,912,27,61,34106.62
34930,29,883,27,67,33922.12
34936,29,909,27,81,34037.56
34941,29,930,26,74,34112.94
34946,29,902,37,85,34110.31
34951,29,761,35,70,34015.75
34956,29,886,29,115,34143.62
34961,29,890,29,70,34111.50
34966,29,882,29,76,33975.25
34971,29,851,29,75,34093.69
34976,29,843,30,67,33857.31
34981,29,912,30,69,34149.38
34986,29,916,29,60,34133.81
34991,29,947,29,77,34120.31
34997,29,911,28,71,34005.44
35002,29,855,29,190,34206.56
35007,29,859,32,63,34097.38
35012,29,802,30,100,34032.00
35017,29,886,31,75,34311.88
35022,29,893,31,81,34234.94
35027,29,895,29,77,34281.12
35032,29,863,29,70,34107.81
35037,29,888,31,130,34178.50
35042,29,936,31,64,34191.00
35047,29,926,31,70,34060.25
35052,29,899,31,62,33993.25
35057,29,895,30,62,34083.00
35063,29,848,31,113,34161.75
35068,29,862,38,83,34205.69
35073,29,887,37,81,34169.00
35078,29,861,29,108,34130.62
35083,29,898,29,69,34054.00
35088,29,886,29,85,34074.31
35093,29,877,30,70,34118.06
35098,29,872,31,134,34269.31
35103,29,942,31,64,34358.00
35108,29,947,29,209,34422.69
35113,29,890,29,56,34377.62
35118,29,821,28,59,34589.06
35124,29,862,31,62,34536.69
35129,29,876,31,65,34660.06
35134,29,797,152,70,34703.56
35139,29,849,29,98,34458.62
35144,29,811,29,90,34382.81
35149,29,825,29,68,34303.38
35154,29,815,31,70,34157.31
35159,29,809,31,70,34266.88
35164,29,886,29,59,34448.81
35169,29,843,29,198,34390.75
35174,29,820,29,66,34091.62
35180,29,870,28,63,34218.88
35185,29,830,36,75,34233.25
35190,29,873,36,68,34338.44
35195,29,851,36,75,34202.50
35200,29,861,28,72,34249.56
35205,29,856,29,86,34030.81
35210,29,866,29,152,34134.75
35215,29,771,31,73,34071.50
35220,29,836,31,73,34197.44
35225,29,856,27,135,34113.25
35230,29,892,29,145,34287.06
35235,29,846,29,73,34158.19
35241,29,878,29,62,34142.56
35246,29,833,30,79,34110.62
35251,29,874,31,75,34188.88
35256,29,834,29,67,34218.19
35261,29,838,27,111,34230.69
35266,29,869,29,66,34289.88
35271,29,889,28,66,34156.94
35276,29,887,31,70,34146.31
35281,29,926,31,170,34207.50
35286,29,919,31,77,34223.75
35291,29,905,29,124,34169.62
35296,29,851,29,59,34244.44
35302,29,767,27,71,34078.69
35307,29,861,34,71,34257.25
35312,29,865,33,117,34278.12
35317,29,863,34,79,34302.19
35322,29,834,29,64,34173.12
35327,29,823,28,62,34000.44
35332,29,840,29,65,34209.19
35337,29,793,31,78,34363.75
35342,29,818,30,153,34457.19
35347,29,876,29,67,34378.25
35352,29,888,29,47,34131.12
35357,29,913,29,101,34023.44
35363,29,908,29,62,34119.69
35368,29,828,31,73,34096.81
35373,29,806,29,62,34057.50
35378,29,858,29,86,34245.31
35383,29,879,29,89,34184.94
35388,29,824,29,62,34038.94
35393,29,883,29,77,34051.19
35398,29,865,31,87,34094.31
35403,29,854,29,67,33983.44
35408,29,912,29,85,34375.62
35413,29,951,29,66,34205.00
35418,29,886,29,91,34208.44
35423,29,903,29,89,34265.50
35429,29,917,31,105,34433.62
35434,29,847,30,62,34439.81
35439,29,872,31,76,34244.06
35444,29,876,31,72,34139.06
35449,29,854,31,117,34031.12
35454,29,866,31,76,34194.19
35459,29,848,30,89,34206.94
35464,29,878,29,56,34080.12
35469,29,840,29,75,34090.31
35474,29,856,29,71,34016.25
35479,29,882,27,67,34078.81
35484,29,814,31,184,34266.25
35490,29,878,31,108,34326.00
35495,29,868,31,62,34157.50
35500,29,879,31,65,34228.50
35505,29,817,29,70,33860.44
35510,29,873,29,118,34037.56
35515,29,879,31,77,34048.12
35520,29,827,30,59,33973.38
35525,29,932,29,69,34058.31
35530,29,845,29,73,34053.56
35535,29,887,29,101,34225.44
35540,29,907,30,105,34205.94
35545,29,802,37,63,34150.69
35550,29,804,36,58,33982.56
35555,29,898,30,77,34086.56
35561,29,844,29,69,33979.69
35566,29,891,29,64,34078.75
35571,29,825,29,141,34233.25
35576,29,837,31,59,34398.50
35581,29,874,28,60,34246.06
35586,29,919,31,79,34256.50
35591,29,918,29,69,34195.31
35596,29,888,28,75,33926.94
35601,29,921,29,69,34142.88
35606,29,925,31,73,34133.06
35611,29,885,30,61,34419.94
35616,29,795,29,71,34191.44
35621,29,853,29,67,34156.75
35626,29,878,31,71,34330.62
35632,29,816,29,100,34249.69
35637,29,872,33,68,34097.56
35642,29,910,31,63,34201.50
35647,29,865,27,65,34161.69
35652,29,865,28,81,34133.31
35657,29,812,29,80,34175.44
35662,29,912,29,114,34555.38
35667,29,879,30,63,34345.00
35672,29,833,32,96,34343.81
35677,29,881,29,83,34135.81
35682,29,895,29,69,34042.25
35687,29,926,29,95,34178.75
35692,29,859,28,101,34110.31
35697,29,851,31,67,34037.44
35702,29,918,31,116,34239.62
35708,29,901,28,71,34132.38
35713,29,934,29,63,34165.25
35718,29,852,29,87,34081.31
35723,29,842,28,57,34126.50
35728,29,799,36,72,34151.56
35733,29,867,36,86,34355.75
35738,29,895,29,79,34363.56
35743,29,899,29,166,34294.62
35748,29,859,29,99,34012.88
35753,29,879,29,105,34092.31
35759,29,882,31,71,34164.88
35764,29,869,31,71,34130.12
35769,29,908,29,69,34158.25
35774,29,915,28,115,34387.12
35779,29,915,29,63,34381.19
35784,29,869,32,67,34326.75
35789,29,840,31,58,34244.69
35794,29,872,29,83,34182.00
35799,29,836,29,96,34220.06
35804,29,877,29,103,34255.75
35809,29,874,29,99,34317.31
35814,29,882,31,81,34161.94
35820,29,877,31,77,34008.88
35825,29,935,31,113,34131.69
35830,29,937,31,79,34030.88
35835,29,926,29,121,34226.12
35840,29,836,28,94,34042.75
35845,29,884,31,68,34375.50
35850,29,890,31,78,34484.44
35855,29,872,30,64,34289.94
35860,29,879,29,94,34273.12
35865,29,855,27,89,34152.62
35870,29,870,29,72,34300.88
35875,29,800,31,119,34248.12
35880,29,885,31,78,34423.31
35885,29,912,31,65,34302.69
35891,29,912,29,74,34316.94
35896,29,894,29,91,34016.19
35901,29,923,29,103,34188.81
35906,29,876,36,64,34299.38
35911,29,867,36,63,34203.00
35916,29,871,29,68,34133.88
35921,29,928,29,60,34380.44
35926,29,878,29,67,34253.50
35931,29,881,31,65,34118.94
35936,29,873,33,68,34202.50
35941,29,851,31,65,34268.44
35946,29,938,29,178,34488.50
35951,29,947,28,68,34321.62
35956,29,905,29,87,34233.38
35961,29,922,29,82,34341.88
35967,29,792,35,115,34110.62
35972,29,892,36,75,34263.44
35977,29,899,36,61,34128.38
35982,29,863,27,74,34317.88
35987,29,873,29,55,34161.19
35992,29,884,29,120,34406.00
35997,29,897,30,69,34470.19
36002,29,921,30,83,34470.44
36007,29,942,29,63,34307.00
36012,29,945,29,73,34320.94
36017,29,895,28,92,34353.31
36022,29,815,29,67,34319.31
36027,29,907,32,82,34452.38
36032,29,908,32,62,34583.88
36038,29,889,29,71,34617.50
36043,29,886,29,71,34484.00
36048,29,893,29,95,34196.69
36053,29,904,29,116,34332.88
36058,29,902,31,75,34313.69
36063,29,848,30,47,34204.38
36068,29,909,29,65,34318.31
36073,29,893,29,114,34336.12
36078,29,921,29,126,34536.81
36083,29,950,29,72,34474.38
36088,29,944,32,67,34441.88
36093,29,870,32,160,34418.62
36098,29,797,26,108,34250.81
36103,29,901,29,63,34356.50
36109,29,924,29,76,34533.94
36114,29,940,29,73,34565.50
36119,29,884,31,78,34446.81
36124,29,933,31,69,34406.25
36129,29,914,28,91,34235.94
36134,29,946,29,72,34254.56
36139,29,968,29,68,34390.56
36144,29,914,35,76,34369.38
36149,29,794,37,64,34437.81
36154,29,868,29,68,34539.62
36159,29,881,29,60,34477.94
36164,29,900,29,79,34531.44
36169,29,889,29,68,34434.69
36174,29,873,29,90,34362.50
36180,29,880,31,75,34450.81
36185,29,927,28,122,34400.19
36190,29,916,29,67,34408.00
36195,29,895,29,73,34514.88
36200,29,926,30,96,34607.56
36205,29,868,34,83,34560.56
36210,29,876,34,70,34493.88
36215,29,907,34,76,34312.75
36220,29,927,33,59,34578.00
36225,29,900,30,63,34397.94
36230,29,847,27,64,34424.38
36235,29,871,30,78,34349.81
36240,29,902,32,149,34560.62
36246,29,926,32,67,34467.75
36251,29,928,29,60,34362.31
36256,29,922,30,129,34505.62
36261,29,824,30,58,34197.94
36266,29,911,32,67,34360.81
36271,29,892,32,78,34493.19
36276,29,957,32,63,34603.06
36281,29,950,37,75,34466.88
36286,29,942,37,87,34461.50
36291,29,901,34,65,34423.19
36296,29,902,36,92,34694.81
36301,29,891,36,86,34693.81
36306,29,892,33,69,34489.06
36312,29,846,34,81,34607.00
36317,29,856,34,72,34642.12
36322,29,827,34,73,34591.81
36327,29,892,36,79,34611.12
36332,29,868,36,59,34564.44
36337,29,888,36,67,34549.88
36342,29,865,32,65,34567.75
36347,29,839,34,61,34445.25
36352,29,808,34,34,34532.19
36357,29,824,35,71,34373.62
36362,29,946,36,59,34739.50
36367,29,947,36,64,34615.50
36373,29,935,34,81,34533.19
36378,29,875,34,26,34308.69
36383,29,912,34,96,34600.81
36388,29,883,36,126,34709.94
36393,29,899,36,78,34622.81
36398,29,898,36,66,34601.44
36403,29,887,34,65,34509.75
36408,29,816,34,67,34415.69
36413,29,883,34,139,34556.69
36418,29,887,36,78,34647.50
36423,29,910,35,85,34575.25
36428,29,907,34,59,34652.38
36434,29,944,34,68,34753.00
36439,29,931,33,63,34754.50
36444,29,915,34,63,34754.38
36449,29,788,36,75,34588.12
36454,29,868,34,98,34477.88
36459,29,892,33,66,34625.44
36464,29,853,34,74,34593.62
36469,29,837,34,74,34592.81
36474,29,794,32,65,34354.56
36479,29,843,36,88,34691.94
36484,29,920,36,62,34589.88
36489,29,913,34,64,34687.06
36494,29,895,34,88,34753.06
36500,29,886,33,100,34750.06
36505,29,885,34,62,34672.81
36510,29,878,36,75,34551.00
36515,29,952,36,73,34809.94
36520,29,913,36,68,34657.62
36525,29,967,34,106,34734.31
36530,29,905,34,255,34785.12
36535,29,888,33,63,34555.19
36540,29,886,36,119,34652.31
36545,29,939,36,74,34719.69
36550,29,930,34,61,34666.31
36555,29,892,34,212,34719.44
36560,29,932,34,74,34740.44
36565,29,911,34,70,34611.50
36571,29,877,36,72,34618.88
36576,29,910,36,97,34496.75
36581,29,829,33,98,34590.56
36586,29,891,34,87,34638.81
36591,29,877,34,130,34656.50
36596,29,869,36,74,34525.75
36601,29,922,35,59,34626.12
36606,29,951,36,81,34707.19
36611,29,960,34,103,34686.62
36616,29,940,33,99,34600.88
36621,29,904,34,70,34561.62
36626,29,896,41,68,34554.81
36632,29,893,41,105,34430.38
36637,29,849,41,109,34598.19
36642,29,917,34,79,34650.81
36647,29,891,34,90,34673.75
36652,29,898,34,66,34551.19
36657,29,896,36,62,34488.56
36662,29,923,34,66,34513.69
36667,29,936,36,75,34502.19
36672,29,904,34,69,34532.44
36677,29,900,32,15,34427.12
36682,29,921,34,66,34977.31
36687,29,907,36,77,34787.00
36692,29,906,36,75,34802.69
36697,29,932,36,64,34678.25
36703,29,924,34,234,35049.62
36708,29,807,34,88,34603.81
36713,29,874,33,66,34743.75
36718,29,872,83,96,34853.75
36723,29,855,34,141,34623.25
36728,29,899,33,73,34443.38
36733,29,920,33,71,34583.19
36738,29,928,33,81,34742.44
36743,29,783,33,64,34773.44
36748,29,835,44,83,34680.75
36753,29,851,35,67,34617.94
36758,29,884,35,73,34832.75
36764,29,782,35,71,34662.94
36769,29,874,35,66,34760.19
36774,29,870,35,77,34757.25
36779,29,831,39,89,34594.88
36784,29,926,39,74,34742.31
36789,29,929,35,61,34870.56
36794,29,925,35,61,35024.88
36799,29,895,35,73,34971.00
36804,29,877,35,63,35070.38
36809,29,867,37,64,35106.00
36814,29,860,37,77,35067.75
36819,29,859,39,59,35002.75
36824,29,795,35,60,35087.81
36829,29,865,35,73,35051.38
36835,29,840,37,73,35092.75
36840,29,858,39,59,35089.00
36845,29,841,36,72,35012.69
36850,29,829,33,69,35062.94
36855,29,885,35,63,34999.56
36860,29,916,35,87,35088.19
36865,29,917,40,65,35154.69
36870,29,841,44,59,34929.31
36875,29,785,36,79,34642.94
36880,29,847,37,62,34692.06
36885,29,821,35,137,34732.62
36890,29,849,35,96,34851.06
36895,29,844,35,64,34721.25
36901,29,850,37,76,34777.75
36906,29,887,39,82,35013.06
36911,29,888,37,96,35230.50
36916,29,822,37,61,35183.25
36921,29,851,35,66,35105.38
36926,29,771,37,65,34951.50
36931,29,822,37,71,34914.31
36936,29,839,37,68,34861.44
36941,29,868,37,64,35205.00
36946,29,850,46,91,35140.31
36951,29,738,43,65,35225.44
36956,29,800,42,88,35050.62
36962,29,803,36,65,35236.19
36967,29,868,36,67,35160.69
36972,29,862,34,67,35257.31
36977,29,841,36,74,35168.88
36982,29,743,33,79,35098.25
36987,29,728,40,66,35034.88
36992,29,772,34,61,35022.50
36997,29,813,33,61,34974.19
37002,29,699,34,79,35082.00
37007,29,832,36,71,34939.25
37012,29,745,34,62,34736.44
37017,29,754,38,141,34824.50
37022,29,880,38,70,34956.75
37028,29,891,38,73,34774.69
37033,29,914,36,62,34762.44
37038,29,873,39,64,34764.12
37043,29,773,39,72,34878.12
37048,29,816,48,64,34904.62
37053,29,829,49,71,35002.94
37058,29,829,46,71,34860.69
37063,29,860,44,79,34774.81
37068,29,852,39,84,34850.38
37073,29,830,39,65,34878.44
37078,29,781,39,66,34907.75
37083,29,888,39,76,34805.44
37088,29,908,37,76,35030.38
37093,29,850,37,68,34896.56
37099,29,833,37,82,34890.50
37104,29,854,41,69,34929.81
37109,29,850,46,71,34817.25
37114,29,912,46,78,34710.56
37119,29,905,38,81,34727.31
37124,29,801,39,78,34747.94
37129,29,667,34,134,34600.50
37134,29,801,34,68,34790.50
37139,29,816,36,68,34713.25
37144,29,875,35,58,34750.00
37149,29,843,32,70,34604.31
37154,29,883,34,122,34847.19
37159,29,873,34,54,34784.75
37165,29,856,34,75,34845.19
37170,29,788,36,67,34686.06
37175,29,813,34,66,34383.62
37180,29,866,34,89,34588.12
37185,29,744,33,77,34576.81
37190,29,832,34,79,34723.50
37195,29,857,34,69,34721.88
37200,29,815,36,71,34768.44
37205,29,835,35,85,34653.25
37210,29,824,34,84,34638.00
37215,29,852,34,89,34814.94
37221,29,846,34,73,34720.12
37226,29,857,34,58,34699.25
37231,29,813,34,78,34800.38
37236,29,839,36,73,35010.06
37241,29,818,33,75,34977.00
37246,29,833,34,64,34895.00
37251,29,836,34,71,34757.75
37256,29,829,31,93,34690.38
37261,29,869,36,66,34892.38
37266,29,811,36,67,34887.00
37271,29,877,34,67,34995.81
37276,29,791,35,62,34969.00
37282,29,821,33,102,35033.38
37287,29,814,34,62,34827.56
37292,29,849,36,58,34648.31
37297,29,872,35,70,34649.94
37302,29,832,34,80,34622.38
37307,29,864,34,69,34843.00
37312,29,809,33,75,34795.75
37317,29,808,34,75,34754.25
37322,29,830,34,69,34703.12
37327,29,893,36,75,34900.44
37332,29,906,34,105,34805.81
37337,29,900,35,67,34733.25
37342,29,824,34,69,34650.06
37348,29,812,39,78,34712.12
37353,29,829,42,72,34992.75
37358,29,882,42,64,34987.50
37363,29,896,38,62,35007.94
37368,29,918,36,78,35055.25
37373,29,924,36,79,35022.88
37378,29,924,36,70,35103.50
37383,29,900,36,72,35144.62
37388,29,892,36,86,35162.50
37393,29,785,33,63,35071.69
37398,29,876,34,90,35185.25
37403,29,864,34,56,35255.25
37409,29,870,36,77,35162.19
37414,29,880,36,99,35164.69
37419,29,873,36,55,35169.50
37424,29,865,33,66,35177.25
37429,29,853,29,66,35109.06
37434,29,864,29,62,35012.62
37439,29,844,30,71,34945.06
37444,29,830,30,128,34874.38
37449,29,824,29,98,34837.19
37454,29,851,29,61,34951.12
37460,29,873,29,70,34939.50
37465,29,834,28,63,34856.44
37470,29,789,31,67,34788.19
37475,29,841,31,71,34819.44
37480,29,858,29,125,35068.38
37485,29,847,29,70,34873.81
37490,29,846,29,72,34889.88
37495,29,848,29,68,34920.19
37500,29,778,30,76,34967.25
37505,29,874,31,78,34926.44
37510,29,896,31,86,34745.88
37515,29,895,28,68,34682.69
37520,29,845,28,72,34589.31
37525,29,883,34,77,34870.44
37531,29,837,36,64,34912.44
37536,29,842,36,64,34853.19
37541,29,857,31,93,35029.31
37546,29,867,29,62,34919.62
37551,29,839,29,78,34945.62
37556,29,715,27,72,34562.81
37561,29,843,30,70,34792.19
37566,29,930,30,94,34910.38
37571,29,903,28,67,34751.31
37576,29,772,28,66,34702.06
37581,29,846,28,73,34808.00
37586,29,872,29,94,34936.44
37592,29,792,31,94,34947.38
37597,29,846,31,58,34893.44
37602,29,868,30,80,35018.81
37607,29,887,28,72,35021.31
37612,29,874,28,69,34990.69
37617,29,860,29,79,34874.19
37622,29,883,29,59,34797.19
37627,29,899,30,122,34879.81
37632,29,874,30,77,34830.12
37637,29,904,30,100,34911.62
37642,29,829,26,57,35013.56
37647,29,798,29,70,34918.12
37652,29,714,27,93,34749.25
37658,29,839,29,67,34782.19
37663,29,844,29,114,34815.50
37668,29,877,29,124,34932.69
37673,29,842,29,77,34848.81
37678,29,851,29,84,34884.88
37683,29,880,30,106,35059.25
37688,29,885,30,64,34850.94
37693,29,891,28,80,34998.75
37698,29,894,29,71,34848.75
37703,29,849,28,163,34799.25
37708,29,862,29,90,34630.50
37713,29,791,31,108,34711.81
37718,29,853,28,66,34722.31
37724,29,790,28,101,34701.25
37729,29,821,29,58,34654.56
37734,29,843,28,115,34803.31
37739,29,835,29,59,34827.75
37744,29,876,30,76,34822.44
37749,29,869,30,102,34917.44
37754,29,901,29,64,34880.56
37759,29,887,28,77,34732.44
37764,29,820,34,81,34764.00
37769,29,873,36,113,34689.88
37774,29,850,30,65,34752.88
37779,29,882,31,136,34832.44
37784,29,905,31,69,34782.00
37790,29,873,29,69,34747.38
37795,29,864,29,67,34739.88
37800,29,833,30,86,34731.12
37805,29,918,31,74,34856.69
37810,29,901,31,68,34773.44
37815,29,814,29,70,34593.75
37820,29,885,29,109,34890.31
37825,29,860,28,78,34856.38
37830,29,846,31,95,34872.19
37835,29,828,31,110,34509.25
37840,29,826,30,64,34652.19
37845,29,856,29,77,34544.56
37850,29,842,29,107,34735.12
37856,29,782,28,55,34678.38
37861,29,864,31,96,34870.44
37866,29,888,31,70,34904.31
37871,29,880,31,118,34746.94
37876,29,871,29,86,34695.31
37881,29,906,29,99,34888.25
37886,29,860,28,101,34976.00
37891,29,814,31,64,34769.81
37896,29,851,31,122,34603.75
37901,29,816,31,68,34855.50
37906,29,850,29,170,34911.25
37911,29,857,29,95,34843.38
37916,29,849,29,69,34754.19
37921,29,886,27,87,34746.69
37927,29,841,31,124,34557.75
37932,29,917,31,74,34871.00
37937,29,922,29,66,34784.94
37942,29,862,29,91,34812.00
37947,29,824,34,94,34973.56
37952,29,858,35,93,35084.19
37957,29,882,31,74,34917.81
37962,29,887,28,76,34858.62
37967,29,885,29,103,34577.94
37972,29,925,29,95,34909.31
37977,29,821,26,111,34782.31
37982,29,869,30,76,34686.81
37988,29,875,31,60,34751.94
37993,29,866,29,60,34661.31
37998,29,889,29,135,34834.44
38003,29,874,30,66,34872.88
38008,29,883,33,149,34899.56
38013,29,867,34,68,34916.12
38018,29,825,31,105,34968.56
38023,29,848,29,69,34921.50
38028,29,897,29,59,34933.00
38033,29,863,29,61,34883.50
38038,29,858,29,64,34594.69
38043,29,911,31,80,34794.44
38048,29,938,31,63,34834.06
38053,29,949,31,81,34990.88
38059,29,912,28,46,34865.69
38064,29,848,29,72,34830.75
38069,29,825,29,70,34865.06
38074,29,832,31,66,34764.88
38079,29,879,31,82,35056.25
38084,29,889,152,71,35186.12
38089,29,904,29,72,35054.69
38094,29,790,29,47,34772.62
38099,29,882,29,70,35033.31
38104,29,919,31,82,34971.75
38109,29,938,31,81,34959.25
38114,29,862,29,94,34619.81
38120,29,909,29,103,34995.62
38125,29,828,28,62,34923.88
38130,29,843,31,56,34847.56
38135,29,867,31,71,34855.75
38140,29,838,28,65,34850.00
38145,29,868,29,122,35002.12
38150,29,881,29,80,34969.62
38155,29,866,29,65,34858.69
38160,29,856,28,64,35017.62
38165,29,824,30,44,35037.56
38170,29,854,144,87,35179.69
38175,29,867,29,55,35011.62
38180,29,883,28,70,34868.69
38185,29,891,29,74,34801.94
38191,29,789,29,63,34884.19
38196,29,894,31,79,35031.56
38201,29,867,31,111,35014.12
38206,29,856,29,117,34774.12
38211,29,851,28,66,34808.75
38216,29,864,29,137,34992.81
38221,29,856,31,66,34955.81
38226,29,880,31,68,34786.69
38231,29,857,27,68,34749.06
38236,29,894,29,152,34955.19
38241,29,898,29,65,34821.50
38247,29,866,29,68,34844.06
38252,29,815,31,65,34766.06
38257,29,824,31,107,35003.75
38262,29,793,29,84,34921.25
38267,29,889,31,73,34895.69
38272,29,883,29,57,34774.31
38277,29,902,28,69,34859.06
38282,29,860,31,75,34738.31
38287,29,897,31,99,35000.25
38292,29,902,31,67,34944.94
38297,29,881,29,72,34920.75
38302,29,831,27,104,35006.50
38307,29,885,34,74,35057.25
38312,29,853,36,65,34980.94
38318,29,868,36,62,34959.12
38323,29,851,31,65,34775.88
38328,29,890,31,111,35058.56
38333,29,831,27,83,34807.12
38338,29,866,29,79,35010.50
38343,29,909,31,60,34966.44
38348,29,925,31,99,34875.25
38353,29,908,29,75,34836.19
38358,29,880,28,110,34791.38
38363,29,925,29,66,35091.62
38368,29,854,29,99,34913.69
38373,29,814,30,107,34880.62
38378,29,881,31,114,35113.31
38383,29,873,31,73,34997.31
38389,29,884,29,103,34919.00
38394,29,868,29,81,34798.44
38399,29,797,29,114,35036.62
38404,29,834,31,68,34982.31
38409,29,920,31,176,35041.81
38414,29,889,29,71,34890.81
38419,29,897,29,73,35025.00
38424,29,867,34,65,35070.94
38429,29,861,34,71,35045.44
38434,29,841,36,110,34997.12
38439,29,889,31,67,35091.25
38444,29,874,29,83,34897.25
38449,29,863,29,80,34704.25
38455,29,915,29,66,34994.50
38460,29,870,29,128,35209.31
38465,29,892,31,73,35120.62
38470,29,911,31,71,34984.88
38475,29,922,31,102,35085.31
38480,29,826,28,62,34943.69
38485,29,878,29,68,35244.25
38490,29,861,29,68,35175.44
38495,29,867,30,75,35296.12
38500,29,860,31,64,35182.06
38506,29,873,31,64,35268.44
38511,29,877,29,66,35247.75
38516,29,874,29,194,35315.75
38521,29,897,29,17,35054.94
38526,29,940,31,74,35094.88
38531,29,893,31,94,35185.25
38536,29,856,29,80,35092.50
38541,29,828,29,119,35151.62
38546,29,825,33,70,35280.50
38551,29,854,31,81,35235.56
38556,29,818,31,87,35150.19
38561,29,893,31,67,35294.06
38566,29,899,31,65,35179.50
38571,29,854,27,121,35230.94
38577,29,887,29,112,35308.88
38582,29,870,29,69,35262.88
38587,29,900,31,68,35239.00
38592,29,886,30,79,34962.94
38597,29,927,31,80,35002.88
38602,29,903,29,133,35443.38
38607,29,897,29,96,35307.69
38612,29,850,31,63,35220.88
38617,29,878,31,69,35221.69
38622,29,871,31,62,35185.62
38627,29,840,29,206,35256.00
38632,29,891,29,88,35371.75
38637,29,874,29,66,35245.50
38643,29,884,30,30,35159.50
38648,29,903,31,108,35374.62
38653,29,929,31,77,35277.38
38658,29,921,29,144,35206.44
38663,29,840,27,89,35290.00
38668,29,806,34,66,35071.56
38673,29,857,37,67,35203.44
38678,29,850,41,68,35174.25
38683,29,849,38,76,35168.50
38688,29,889,32,68,35140.19
38693,29,903,32,88,35227.94
38698,29,881,32,89,35242.69
38703,29,899,34,81,35263.38
38709,29,930,34,104,35366.56
38714,29,916,34,67,35207.38
38719,29,910,34,116,35112.25
38724,29,907,32,33,35385.69
38729,29,863,32,86,35335.31
38734,29,868,34,102,35359.62
38739,29,873,34,84,35193.69
38744,29,884,34,73,35150.19
38749,29,874,32,105,35274.31
38754,29,826,34,73,35344.75
38759,29,791,33,71,35295.62
38764,29,897,33,126,35423.00
38769,29,916,34,67,35413.44
38775,29,935,34,92,35330.44
38780,29,884,32,76,35036.06
38785,29,904,37,95,35320.12
38790,29,869,37,80,35406.88
38795,29,832,33,65,35252.94
38800,29,838,34,72,35349.56
38805,29,839,31,69,35237.19
38810,29,879,32,91,35574.19
38815,29,874,32,65,35318.00
38820,29,777,31,63,35221.19
38825,29,884,34,62,35370.12
38830,29,899,34,77,35357.31
38835,29,910,34,60,35291.06
38841,29,892,32,77,34685.25
38846,29,854,32,69,35062.25
38851,29,843,32,67,35263.00
38856,29,884,34,67,35034.75
38861,29,888,34,71,34989.94
38866,29,881,31,140,34940.44
38871,29,826,32,76,34817.69
38876,29,854,32,97,34835.88
38881,29,859,32,96,35048.44
38886,29,899,33,91,35008.12
38891,29,908,34,149,34964.50
38896,29,906,32,62,35049.25
38901,29,895,31,83,35095.19
38907,29,863,35,80,34972.25
38912,29,808,39,65,34641.19
38917,29,875,39,127,34903.94
38922,29,828,34,77,34949.62
38927,29,882,32,83,34953.31
38932,29,877,31,92,34877.31
38937,29,854,32,66,34862.94
38942,29,894,32,69,34867.50
38947,29,930,34,81,35128.31
38952,29,906,34,56,34973.12
38957,29,898,32,63,34937.94
38962,29,914,32,91,35256.19
38967,29,877,32,70,35108.06
38973,29,859,34,56,35130.38
38978,29,865,36,29,34952.81
38983,29,883,36,75,35044.50
38988,29,889,33,79,35016.50
38993,29,896,34,73,35129.06
38998,29,874,32,70,35037.81
39003,29,895,32,69,34978.56
39008,29,911,34,82,34951.75
39013,29,894,34,145,34978.25
39018,29,915,34,92,34999.31
39023,29,948,31,75,35029.94
39028,29,847,32,63,35031.06
39033,29,838,34,194,35344.69
39039,29,823,33,76,35288.50
39044,29,880,34,72,35257.12
39049,29,891,32,82,35186.94
39054,29,859,32,15,34885.94
39059,29,890,32,112,35196.62
39064,29,945,34,244,35370.88
39069,29,955,34,65,35316.56
39075,29,869,32,63,35041.75
39080,29,886,32,94,35097.31
39085,29,794,31,66,35024.75
39090,29,833,32,68,35119.81
39095,29,861,34,72,35051.94
39100,29,885,34,64,35141.00
39105,29,884,33,79,35168.12
39110,29,913,32,73,35146.12
39115,29,894,32,99,35076.12
39120,29,860,31,68,34899.75
39125,29,908,34,154,35263.06
39130,29,865,36,55,35145.62
39135,29,934,36,61,35248.19
39140,29,907,35,56,35005.19
39146,29,763,36,60,35085.06
39151,29,790,37,59,34998.25
39156,29,802,34,75,34920.31
39161,29,876,34,114,35191.06
39166,29,881,34,90,35103.75
39171,29,859,30,126,35093.50
39176,29,911,32,117,35268.69
39181,29,860,32,68,35136.75
39186,29,861,31,64,35192.06
39191,29,823,28,58,34936.62
39196,29,895,29,91,35124.38
39201,29,851,43,72,35195.56
39206,29,812,33,103,35075.88
39211,29,758,31,81,35056.75
39217,29,796,35,72,35038.56
39222,29,848,35,66,35139.56
39227,29,887,32,88,35300.00
39232,29,881,33,63,35336.50
39237,29,866,33,58,35334.44
39242,29,833,34,70,35249.44
39247,29,840,35,74,35119.44
39252,29,892,35,81,35037.75
39257,29,868,33,104,35161.94
39262,29,892,33,79,35246.94
39267,29,853,33,77,35212.62
39272,29,857,35,72,35308.38
39277,29,825,35,89,35220.50
39283,29,774,32,68,35111.06
39288,29,870,33,96,35164.69
39293,29,862,33,56,35274.31
39298,29,846,31,75,35138.44
39303,29,867,35,67,35245.94
39308,29,916,35,88,35339.19
39313,29,922,33,65,35233.56
39318,29,903,35,61,35112.44
39323,29,864,35,56,35175.25
39328,29,813,38,102,35018.25
39333,29,803,40,27,34912.44
39338,29,857,37,61,34996.81
39343,29,858,35,68,35069.00
39348,29,861,33,80,35098.62
39354,29,886,32,103,35257.12
39359,29,854,33,67,35248.62
39364,29,895,35,73,35442.88
39369,29,818,35,64,35369.00
39374,29,791,29,88,35406.81
39379,29,794,29,71,35383.44
39384,29,800,28,63,35632.88
39389,29,775,150,71,35752.75
39394,29,787,30,59,35534.00
39399,29,697,30,62,36812.19
39404,29,710,27,65,36193.75
39410,29,800,28,437,35646.88
39415,29,799,30,67,35596.50
39420,29,779,29,69,35615.94
39425,29,800,32,59,35543.94
39430,29,830,30,70,35527.94
39435,29,842,30,62,35503.94
39440,29,927,30,870,35303.94
39445,29,910,30,55,34746.12
39450,29,792,30,80,34397.44
39455,29,791,30,70,34693.69
39460,29,806,30,65,34694.94
39465,29,746,28,135,35523.56
39470,29,758,28,88,35597.00
39476,29,767,28,73,35573.00
39481,29,809,28,62,35557.00
39486,29,815,30,62,35485.00
39491,29,837,30,67,35445.00
39496,29,849,30,74,35421.00
39501,29,878,30,66,35413.00
39506,29,855,36,62,35381.00
39511,29,856,36,71,35357.00
39516,29,869,36,70,35357.00
39521,29,885,36,70,35269.00
39526,29,896,36,67,35269.00
39531,29,889,36,71,35245.00
39537,29,889,36,102,35245.00
39542,29,912,36,84,35213.00
39547,29,914,36,61,35043.12
39552,29,819,26,69,34445.19
39557,29,825,30,76,34298.38
39562,29,819,30,65,34422.75
39567,29,797,31,65,34415.00
39572,29,781,32,66,34383.00
39577,29,814,34,60,34386.88
39582,29,805,29,71,34386.88
39587,29,830,30,65,34386.88
39592,29,777,30,60,34331.12
39597,29,798,30,66,34308.56
39602,29,891,28,80,34045.00
39608,29,923,30,58,34230.19
39613,29,842,30,78,34198.19
39618,29,893,30,649,34006.19
39623,29,811,26,63,33822.19
39628,29,750,30,67,33534.19
39633,29,778,30,79,33230.19
39638,29,790,30,56,33055.44
39643,29,769,28,65,32972.12
39648,29,780,28,68,32660.81
39653,29,807,28,94,32740.81
39658,29,764,28,76,32813.62
39664,29,819,31,61,32827.19
39669,29,843,32,66,32811.19
39674,29,854,28,69,32243.19
39679,29,907,27,63,31921.75
39684,29,884,28,76,31689.88
39689,29,743,29,65,31488.75
39694,29,822,30,64,31329.75
39699,29,824,30,152,31329.69
39704,29,831,28,66,31226.38
39709,29,809,28,62,30981.00
39714,29,820,28,88,31162.44
39719,29,838,28,124,31126.69
39724,29,844,30,58,31032.06
39730,29,808,30,86,30928.38
39735,29,849,27,96,31196.00
39740,29,793,28,6316,31195.25
39745,29,840,73,4906,29684.56
39750,29,874,75,2798,29164.44
39755,29,902,81,1429,28618.12
39760,29,909,82,89,28050.06
39765,29,942,82,63,27747.12
39770,29,927,82,68,27435.12
39775,29,662,36,67,27123.12
39780,29,766,37,70,27083.06
39785,29,820,39,63,26987.06
39790,29,906,45,63,26702.50
39796,29,915,45,100,26670.50
39801,29,932,45,66,26654.50
39806,29,938,47,86,26630.50
39811,29,943,47,66,26614.50
39816,29,945,47,90,26614.50
39821,29,949,47,64,26598.50
39826,29,953,47,84,26582.50
39831,29,955,47,81,26574.50
39836,29,956,47,84,26550.50
39841,29,975,47,69,26534.50
39846,29,998,47,81,26526.50
39851,29,999,47,93,26526.50
39857,29,999,47,81,26526.50
39862,29,1002,47,66,26494.50
39867,29,1003,47,63,26446.50
39872,29,1003,47,100,26438.50
39877,29,1004,47,78,26414.50
39882,29,1004,47,103,26406.50
39887,29,1004,47,98,26406.50
39892,29,1006,47,63,26030.50
39897,29,984,40,67,25340.69
39902,29,965,40,78,25324.69
39907,29,965,39,74,25316.69
39912,29,860,43,31,25316.69
39918,29,805,37,157,25284.69
39923,29,708,29,67,25260.69
39928,29,766,32,58,25236.69
39933,29,803,32,196,25180.69
39938,29,812,35,66,24972.69
39943,29,761,42,67,24520.38
39948,29,794,37,67,24523.06
39953,29,795,32,67,24569.81
39958,29,623,30,200,25061.69
39963,29,664,32,61,26464.06
39968,29,765,39,30,26440.06
39973,29,679,27,63,28365.25
39978,29,694,27,60,28328.88
39984,29,594,26,164,29665.44
39989,29,661,27,95,30362.50
39994,29,633,26,309,34559.31
39999,29,685,34,72,34312.06
40004,29,622,26,69,34598.12
40009,29,760,27,65,34917.38
40014,29,731,27,69,34750.75
40019,29,698,27,64,34966.25
40024,29,731,28,82,34787.75
40029,29,746,35,64,34692.25
40034,29,720,33,66,34962.06
40039,29,735,27,64,34960.19
40044,29,753,26,67,35307.12
40050,29,736,27,70,35102.25
40055,29,685,124,109,35235.25
40060,29,758,32,69,35007.94
40065,29,752,27,105,35063.69
40070,29,765,27,66,35084.31
40075,29,734,27,105,35006.00
40080,29,736,29,79,34829.69
40085,29,784,30,65,35281.56
40090,29,773,31,127,35041.06
40095,29,712,28,100,34803.56
40100,29,621,24,59,35824.50
40105,29,757,27,67,35563.69
40111,29,768,25,62,34813.50
40116,29,692,28,70,34696.06
40121,29,761,30,110,35120.00
40126,29,738,26,89,34972.62
40131,29,792,27,73,34824.62
40136,29,672,27,39,34521.25
40141,29,729,24,67,34741.81
40146,29,681,29,148,34608.88
40151,29,797,32,98,34759.38
40156,29,836,35,71,34869.88
40161,29,711,24,93,34731.06
40167,29,634,26,72,34469.44
40172,29,771,27,66,34710.25
40177,29,785,29,62,34824.00
40182,29,806,34,173,35126.69
40187,29,877,34,62,35010.19
40192,29,945,32,66,35004.88
40197,29,973,32,114,35051.94
40202,29,865,27,67,35014.00
40207,29,859,29,114,35036.06
40212,29,839,34,68,35095.31
40217,29,916,34,64,35183.25
40222,29,878,32,81,35165.81
40227,29,873,36,91,35163.25
40233,29,815,26,67,34973.81
40238,29,775,30,226,35044.88
40243,29,843,35,91,35075.69
40248,29,727,26,88,34704.31
40253,29,827,28,68,34923.44
40258,29,817,28,77,34852.00
40263,29,724,27,99,34738.88
40268,29,854,30,109,35008.69
40273,29,888,35,86,35116.50
40278,29,877,35,91,35067.88
40283,29,856,28,63,35188.69
40288,29,865,28,65,35215.94
40293,29,821,28,97,35066.25
40299,29,850,33,77,35110.69
40304,29,805,35,76,34967.56
40309,29,816,27,69,34858.44
40314,29,829,28,88,34992.44
40319,29,838,28,88,35019.94
40324,29,870,28,92,34961.38
40329,29,935,39,129,35230.31
40334,29,880,39,75,35080.81
40339,29,897,39,83,35081.25
40344,29,714,34,58,35123.81
40349,29,692,30,77,34668.75
40354,29,814,32,90,34942.00
40359,29,832,37,131,35274.81
40364,29,877,37,76,35377.12
40369,29,867,37,83,35408.44
40375,29,907,29,69,35330.50
40380,29,894,30,57,35327.06
40385,29,862,32,144,35226.94
40390,29,879,37,72,35171.44
40395,29,839,37,82,35048.69
40400,29,892,37,65,35246.44
40405,29,739,30,75,35126.94
40410,29,778,30,75,35179.19
40415,29,837,31,86,35204.12
40420,29,829,37,68,35302.38
40425,29,716,29,67,35032.44
40430,29,834,30,66,35333.31
40435,29,881,30,58,35234.44
40440,29,913,28,172,35512.25
40445,29,917,32,72,35326.69
40451,29,866,37,69,35311.56
40456,29,847,34,103,35117.56
40461,29,878,35,73,35213.50
40466,29,886,35,118,35294.69
40471,29,874,34,88,35143.81
40476,29,891,37,90,35290.06
40481,29,891,38,62,35283.38
40486,29,885,35,75,35250.50
40491,29,831,30,109,35110.19
40496,29,827,30,73,35046.25
40501,29,928,30,119,35230.44
40506,29,765,29,69,35630.75
40511,29,867,37,73,35000.62
40517,29,877,37,127,35205.88
40522,29,922,37,162,35379.50
40527,29,942,30,68,35157.81
40532,29,931,30,72,35162.88
40537,29,858,29,89,34920.12
40542,29,798,37,83,34956.19
40547,29,868,37,62,35129.81
40552,29,855,30,75,34960.88
40557,29,873,30,138,35220.25
40562,29,918,30,83,35298.62
40567,29,841,32,68,35283.94
40572,29,824,37,68,35034.19
40577,29,815,29,178,35802.69
40582,29,860,30,63,35283.31
40588,29,901,35,100,35407.06
40593,29,835,35,84,35431.44
40598,29,896,37,79,35569.62
40603,29,873,35,62,35497.62
40608,29,817,30,91,35273.44
40613,29,821,30,69,35272.62
40618,29,879,30,68,35455.69
40623,29,884,30,79,35502.19
40628,29,812,34,79,35318.44
40633,29,858,37,131,35616.94
40639,29,879,35,68,35700.81
40644,29,869,29,105,35842.56
40649,29,876,30,67,35641.50
40654,29,822,29,66,35510.62
40659,29,826,35,73,35766.81
40664,29,685,28,173,36382.31
40669,29,815,28,70,35618.69
40674,29,826,28,94,35483.19
40679,29,833,30,59,35441.19
40684,29,749,28,79,35309.00
40689,29,887,39,78,35567.50
40694,29,866,39,66,35566.75
40699,29,858,31,151,35714.50
40705,29,729,35,65,35529.44
40710,29,830,38,69,35413.88
40715,29,787,30,88,35349.50
40720,29,787,38,60,35429.56
40725,29,797,38,82,35516.06
40730,29,840,38,84,35650.50
40735,29,827,31,73,35575.94
40740,29,838,31,68,35430.25
40745,29,854,31,55,35587.00
40750,29,868,38,60,35514.62
40755,29,731,37,174,35494.50
40760,29,825,31,65,35352.19
40765,29,843,31,64,35497.75
40770,29,805,31,77,35421.50
40776,29,806,31,67,35281.00
40781,29,845,38,77,35489.94
40786,29,830,38,65,35374.56
40791,29,833,39,133,35539.62
40796,29,843,40,80,35487.44
40801,29,800,31,70,35976.44
40806,29,852,33,102,35261.44
40811,29,840,40,68,35287.25
40816,29,803,40,72,35382.31
40821,29,754,33,115,35342.81
40826,29,792,33,57,35405.06
40831,29,818,31,64,35469.75
40836,29,822,32,73,35424.06
40842,29,836,38,66,35624.38
40847,29,829,38,75,35677.12
40852,29,773,31,81,35389.00
40857,29,857,31,87,35601.81
40862,29,851,28,101,36497.44
40867,29,837,31,58,35537.44
40872,29,837,38,72,35499.38
40877,29,855,38,61,35566.62
40882,29,869,38,71,35867.25
40887,29,853,31,56,35738.50
40892,29,871,31,96,35749.50
40897,29,842,33,63,35906.56
40902,29,848,38,174,36240.06
40908,29,881,38,79,36128.94
40913,29,893,38,65,36120.50
40918,29,890,38,60,36061.25
40923,29,895,36,67,36086.94
40928,29,929,33,66,36068.44
40933,29,897,38,62,36050.38
40938,29,935,38,88,36059.06
40943,29,818,38,66,36038.62
40948,29,836,36,58,36009.12
40953,29,811,31,90,35855.12
40958,29,835,33,129,35952.81
40963,29,700,31,65,35714.75
40968,29,828,31,95,35540.56
40973,29,857,30,66,36137.25
40979,29,836,31,72,35931.56
40984,29,839,31,62,35703.38
40989,29,852,36,90,36086.12
40994,29,865,36,71,35973.12
40999,29,857,36,67,35738.75
41004,29,803,28,64,36219.56
41009,29,828,28,76,36222.94
41014,29,845,28,121,36251.38
41019,29,856,36,93,36252.75
41024,29,814,27,97,36243.12
41029,29,795,28,62,36167.44
41035,29,674,28,83,36101.06
41040,29,790,28,96,36010.38
41045,29,795,28,74,36288.56
41050,29,818,38,76,36223.00
41055,29,819,36,63,36369.94
41060,29,835,30,65,36450.94
41065,29,792,30,63,36147.69
41070,29,763,151,55,36258.25
41075,29,774,30,81,35791.00
41080,29,795,37,108,36007.75
41085,29,815,38,59,36105.19
41091,29,764,30,122,36808.88
41096,29,758,30,79,35864.75
41101,29,773,30,62,35616.50
41106,29,827,30,75,35654.50
41111,29,798,37,67,35733.88
41116,29,812,37,64,35676.00
41121,29,863,35,63,35728.31
41126,29,864,35,66,35832.69
41131,29,752,35,76,35790.38
41136,29,785,30,86,35591.12
41141,29,803,37,110,35938.75
41146,29,816,37,74,35798.50
41151,29,762,37,44,35648.69
41156,29,813,37,65,35803.50
41162,29,864,30,77,35999.62
41167,29,736,32,62,36559.31
41172,29,825,37,75,36317.25
41177,29,845,37,90,36030.81
41182,29,816,35,66,35929.25
41187,29,776,32,108,35803.56
41192,29,832,32,59,35768.06
41197,29,838,30,73,35768.50
41202,29,794,36,58,35694.62
41207,29,800,37,115,35741.75
41212,29,761,32,92,35744.75
41217,29,772,30,62,35782.00
41222,29,825,30,69,35730.38
41228,29,833,30,94,35609.00
41233,29,863,37,110,35901.81
41238,29,881,37,72,35830.62
41243,29,640,27,43,36724.88
41248,29,786,30,58,36036.88
41253,29,822,30,81,35894.81
41258,29,836,32,73,35746.75
41263,29,761,35,66,36121.00
41268,29,813,29,64,35733.56
41273,29,815,30,23,35768.38
41278,29,662,29,67,36559.19
41284,29,841,29,74,35630.50
41289,29,829,37,71,35722.56
41294,29,827,37,81,35889.50
41299,29,840,37,92,35797.12
41304,29,772,30,55,35739.75
41309,29,802,30,65,35827.00
41314,29,847,30,66,36008.56
41319,29,846,37,93,36303.31
41324,29,762,28,63,36656.69
41329,29,798,29,66,35819.62
41334,29,764,29,67,36003.56
41339,29,816,28,65,36172.50
41345,29,843,29,71,36226.31
41350,29,837,38,58,36119.31
41355,29,790,38,62,36104.88
41360,29,839,37,74,36098.25
41365,29,797,32,68,36253.62
41370,29,825,33,61,36253.06
41375,29,842,28,61,36229.62
41380,29,860,35,64,36217.19
41385,29,819,35,95,36191.56
41390,29,841,35,64,36084.62
41395,29,807,32,78,36047.81
41401,29,839,32,56,36153.94
41406,29,860,32,70,36047.06
41411,29,871,41,87,36121.31
41416,29,886,42,57,36176.38
41421,29,870,42,77,36198.12
41426,29,738,31,69,35833.81
41431,29,790,32,69,35878.19
41436,29,818,32,64,35891.44
41441,29,842,39,68,35998.56
41446,29,851,38,78,35814.69
41451,29,875,39,62,35894.12
41456,29,891,39,96,36171.56
41461,29,810,32,72,36060.38
41467,29,802,32,94,36620.38
41472,29,858,39,78,35761.50
41477,29,909,39,82,35764.69
41482,29,843,31,60,35820.56
41487,29,836,32,77,35764.06
41492,29,841,32,68,35893.06
41497,29,824,31,74,35699.69
41502,29,814,38,77,35769.88
41507,29,822,37,85,35691.25
41512,29,839,37,94,35971.56
41517,29,841,32,79,35784.44
41522,29,867,32,66,35811.12
41527,29,902,32,91,35991.62
41532,29,907,39,77,35980.88
41537,29,775,32,81,36149.38
41543,29,875,32,79,35894.19
41548,29,873,37,74,35828.00
41553,29,737,37,88,35775.00
41558,29,786,32,110,35817.75
41563,29,782,37,97,35697.31
41568,29,838,39,89,35862.88
41573,29,748,32,64,35752.75
41578,29,794,32,125,35737.81
41583,29,862,32,72,35923.62
41588,29,881,34,129,35949.88
41593,29,875,39,63,35882.75
41598,29,868,38,132,35795.50
41603,29,882,39,73,36156.00
41609,29,872,36,70,35977.25
41614,29,803,31,70,36437.94
41619,29,862,37,114,35687.12
41624,29,869,39,64,35795.56
41629,29,802,36,67,35802.81
41634,29,837,32,66,35951.50
41639,29,796,32,67,35904.12
41644,29,806,32,77,35881.56
41649,29,853,39,67,35899.06
41654,29,809,38,70,35889.19
41659,29,862,32,70,35933.50
41664,29,839,32,62,36237.56
41669,29,864,32,116,36084.38
41675,29,833,32,62,36081.94
41680,29,847,39,66,35915.50
41685,29,854,39,89,36040.56
41690,29,733,37,56,36611.25
41695,29,834,32,89,35832.06
41700,29,851,32,63,35794.44
41705,29,828,31,68,35835.31
41710,29,905,39,76,35932.62
41715,29,830,39,90,35918.25
41720,29,837,32,64,35744.25
41725,29,799,31,60,35901.19
41730,29,841,32,63,36021.81
41735,29,866,32,54,36149.62
41741,29,874,40,64,35973.75
41746,29,872,40,69,35951.62
41751,29,896,40,105,36164.69
41756,29,674,30,61,36498.88
41761,29,863,30,96,35813.75
41766,29,881,30,63,35931.69
41771,29,818,37,86,36030.56
41776,29,861,37,60,35933.69
41781,29,867,35,96,36043.19
41786,29,815,29,67,36079.12
41791,29,845,30,96,36046.06
41796,29,856,30,91,36000.31
41801,29,879,37,61,36110.12
41807,29,867,37,77,36041.00
41812,29,866,37,129,36023.62
41817,29,882,37,88,36076.94
41822,29,814,28,327,37011.12
41827,29,796,30,63,36083.06
41832,29,873,37,81,36053.12
41837,29,884,37,69,36040.75
41842,29,803,30,55,36388.50
41847,29,767,30,100,36070.00
41852,29,724,28,88,36779.81
41857,29,812,30,86,36784.00
41862,29,828,39,76,36061.88
41868,29,740,39,120,35825.44
41873,29,822,31,87,35853.19
41878,29,853,31,63,35903.00
41883,29,904,31,128,36061.12
41888,29,913,33,113,36175.94
41893,29,888,38,62,36160.88
41898,29,826,28,68,36582.50
41903,29,839,36,170,36005.94
41908,29,847,35,104,35984.38
41913,29,881,36,67,36067.38
41918,29,882,33,75,36011.12
41924,29,872,38,109,36013.56
41929,29,839,38,106,35891.31
41934,29,784,29,118,35895.38
41939,29,831,31,143,36148.25
41944,29,873,32,74,36060.38
41949,29,892,37,89,36080.25
41954,29,904,38,113,36034.50
41959,29,943,38,78,36103.06
41964,29,693,29,239,36949.25
41969,29,843,31,82,36267.50
41974,29,874,31,69,36159.25
41979,29,872,38,71,36004.50
41984,29,827,38,84,36208.81
41989,29,856,36,72,36056.31
41995,29,793,29,211,36150.56
42000,29,822,31,62,35953.62
42005,29,876,31,117,35956.56
42010,29,882,38,89,35955.00
42015,29,875,38,70,36130.75
42020,29,889,38,71,36174.12
42025,29,849,36,79,36321.19
42030,29,845,36,72,35927.88
42035,29,858,36,73,36448.12
42040,29,891,38,70,36421.62
42045,29,814,38,223,37143.25
42050,29,823,35,88,36517.06
42055,29,847,35,62,36201.81
42060,29,853,31,70,36147.62
42066,29,879,31,76,36341.94
42071,29,865,36,69,36211.00
42076,29,774,34,61,36158.75
42081,29,855,35,93,36509.44
42086,29,757,29,28,36733.75
42091,29,820,28,78,36446.94
42096,29,829,28,64,36523.06
42101,29,842,40,72,36560.81
42106,29,865,40,121,36335.56
42111,29,806,40,87,36215.94
42116,29,877,40,100,36398.56
42122,29,856,31,76,37125.88
42127,29,696,30,60,37441.50
42132,29,841,38,73,36681.50
42137,29,885,38,74,36157.88
42142,29,830,35,89,36262.88
42147,29,783,36,66,36224.12
42152,29,826,36,72,36251.75
42157,29,812,31,62,36031.50
42162,29,763,38,44,36113.25
42167,29,823,38,94,36097.81
42172,29,809,31,93,36032.56
42177,29,833,31,61,36131.88
42182,29,850,31,86,36152.12
42188,29,869,31,81,36082.00
42193,29,894,38,102,36268.31
42198,29,912,38,84,36343.31
42203,29,748,31,90,36549.88
42208,29,847,31,76,36249.56
42213,29,852,31,120,36240.44
42218,29,787,31,61,36103.38
42223,29,816,35,85,36344.69
42228,29,819,38,68,36421.00
42233,29,820,31,74,36454.12
42238,29,774,28,71,36116.62
42243,29,823,31,56,36209.75
42248,29,892,31,104,36424.38
42254,29,852,38,83,36492.50
42259,29,882,38,60,36418.88
42264,29,847,36,94,36397.62
42269,29,876,36,69,36600.81
42274,29,849,36,75,36336.25
42279,29,763,37,70,36692.44
42284,29,849,38,86,36134.00
42289,29,871,38,63,36295.50
42294,29,791,28,63,36407.75
42299,29,793,31,64,36152.94
42304,29,837,30,62,36519.31
42309,29,838,38,172,36467.19
42314,29,768,38,62,36255.31
42319,29,856,37,137,36402.44
42324,29,849,31,65,36559.94
42330,29,841,31,73,36453.44
42335,29,853,31,66,36507.50
42340,29,865,38,66,36598.88
42345,29,737,30,58,37074.19
42350,29,834,31,106,36180.75
42355,29,819,31,60,36953.25
42360,29,821,31,65,37158.12
42365,29,700,29,104,37002.81
42370,31,716,37,72,37099.81
42375,31,1866,21,63,37086.31
42381,30,1443,23,51,37223.56
42386,31,1439,29,69,37220.88
42391,30,1035,25,63,38255.38
42396,30,1136,25,83,38031.38
42401,30,1039,35,70,37821.31
42406,30,929,38,515,37980.75
42411,30,1045,32,66,37612.75
42416,30,969,39,69,37807.25
42421,30,855,119,85,38881.69
42426,30,991,32,320,38760.44
42432,30,1034,38,96,38608.44
42437,30,1057,38,192,38360.44
42442,30,1070,38,69,38077.62
42447,30,1005,38,54,37813.62
42452,30,928,32,209,37108.81
42457,30,919,32,77,36844.88
42462,30,859,40,58,36784.88
42467,30,969,32,402,37108.00
42472,30,915,29,86,37145.25
42477,30,919,39,167,37055.06
42482,30,1289,28,93,36824.06
42487,30,941,33,81,36891.94
42493,30,980,38,61,37042.12
42498,30,943,38,90,36878.88
42503,30,782,27,233,37476.31
42508,30,932,32,68,36752.69
42513,30,969,33,66,36986.44
42518,30,900,30,63,36882.00
42523,30,873,37,60,36822.44
42528,30,935,32,404,37020.00
42533,30,839,31,25,36647.56
42538,30,883,32,119,36860.12
42543,30,811,30,76,37284.31
42549,30,933,24,237,37516.75
42554,32,1069,103,259,37923.75
42559,32,996,180,117,37933.50
42564,32,994,131,166,37851.12
42569,32,940,134,28,38595.75
42574,32,891,137,248,38533.81
42579,32,857,147,1255,38870.19
42584,32,967,157,70,38806.19
42589,32,1342,146,18,38390.00
42594,32,886,103,601,38815.12
42599,32,995,95,65,37931.56
42604,32,959,85,151,37806.69
42609,32,893,81,64,38137.62
42615,32,824,72,55,37978.81
42620,32,883,71,57,37828.19
42625,32,945,70,57,38196.75
42630,32,951,116,65,38399.31
42635,32,919,78,57,38478.31
42640,32,906,144,123,38726.81
42645,32,876,134,88,38669.62
42650,32,959,137,114,38621.50
42656,32,933,140,84,38527.00
42661,32,1010,188,95,38643.62
42666,32,853,139,208,38609.44
42671,32,986,147,321,38620.50
42676,37,1317,91,313,39133.38
42681,37,1290,251,176,39378.75
42687,32,792,266,71,39522.94
42692,32,795,266,55,39465.88
42697,32,932,267,81,39656.12
42702,32,882,262,60,39720.94
42708,37,1336,239,70,39560.50
42713,32,922,240,66,39334.12
42718,32,845,233,83,39657.69
42723,32,939,241,273,39009.69
42728,37,1438,240,74,39115.12
42733,37,1331,246,55,39225.00
42738,37,1439,153,78,39001.00
42743,37,1282,142,84,39176.31
42748,37,1311,112,104,38941.88
42753,32,866,103,56,38850.12
42759,32,1091,114,57,38896.81
42764,32,894,103,62,39167.19
42769,32,957,530,66,38838.81
42774,37,1251,104,58,38968.56
42779,32,973,111,77,38724.38
42784,32,981,111,68,38747.44
42789,33,870,111,191,39030.25
42794,37,1192,107,66,39271.31
42800,37,1277,112,77,39792.81
42805,37,1226,110,55,39708.00
42810,37,1271,115,64,39570.06
42815,37,1280,108,103,39581.25
42820,37,1162,116,70,39843.25
42825,37,1274,121,60,39526.38
42830,37,1255,110,91,40222.38
42835,37,1263,126,56,39590.38
42840,37,1173,118,172,39342.44
42845,37,1126,109,65,39102.56
42851,37,1323,108,74,39022.81
42856,37,1334,108,67,38898.38
42861,37,1231,111,82,39011.75
42866,37,1299,109,62,38954.81
42871,37,1368,109,71,39108.88
42876,37,1211,113,87,38994.31
42881,37,1326,115,72,39177.69
42886,37,1310,114,80,39186.62
42891,37,1230,110,54,39067.62
42896,37,1176,113,71,39057.81
42902,37,1248,113,56,39611.69
42907,37,1337,114,73,39474.62
42912,37,1301,125,73,39460.50
42917,37,1321,114,69,39294.50
42922,42,1582,108,64,39627.31
42927,42,1663,105,93,39963.81
42932,42,1811,106,85,39673.31
42938,42,1621,323,76,40046.31
42943,42,1646,303,76,40596.56
42948,37,1152,277,70,40433.81
42953,37,1243,278,70,40030.88
42958,37,1139,277,102,40058.38
42963,37,1172,278,64,39969.38
42969,37,1291,279,64,40313.38
42974,37,1119,277,62,39934.25
42979,37,1122,280,60,40007.31
42984,37,1154,277,61,40413.81
42989,37,1209,278,85,40277.38
42994,32,937,282,64,39661.06
42999,32,1036,287,66,39560.62
43004,32,1137,299,73,39728.12
43009,32,1143,299,59,39778.69
43015,32,1095,299,60,39721.81
43020,32,962,174,68,40170.25
43025,32,1020,176,60,39290.25
43030,32,997,176,72,39112.81
43035,32,1028,191,62,39294.81
43040,32,1118,191,85,39354.44
43045,32,1036,207,65,39347.00
43050,32,1108,177,64,39167.88
43055,32,1079,174,82,39307.25
43060,32,1056,176,59,39305.06
43065,32,1060,192,84,39336.69
43070,32,1056,180,132,39191.06
43075,32,1035,174,60,39227.06
43081,33,1100,176,60,39470.12
43086,37,1427,171,78,39589.19
43091,32,984,169,72,39525.06
43096,37,1477,173,92,39586.44
43101,32,1023,172,68,39546.44
43106,37,1401,160,64,39373.38
43111,32,989,134,86,39455.94
43116,37,1343,124,65,39391.00
43121,32,920,210,64,39333.62
43126,37,1315,119,45,39477.81
43132,32,911,117,61,39697.56
43137,37,1275,121,192,39585.50
43142,32,869,121,84,39691.31
43147,32,875,117,84,39614.44
43152,32,833,121,70,39588.56
43158,32,954,141,724,39655.94
43163,32,960,126,60,39247.94
43168,32,968,129,71,38994.31
43173,32,941,126,90,39043.12
43178,32,970,122,56,39066.88
43183,32,965,123,60,39085.69
43188,32,950,144,141,39102.19
43193,32,969,124,63,39207.31
43198,32,965,124,74,39115.56
43203,32,896,123,451,39784.19
43208,32,1026,124,91,39235.06
43214,32,1029,124,91,39140.75
43219,32,1050,143,245,39013.81
43224,32,894,124,63,38942.69
43229,32,951,123,67,38939.06
43234,32,982,73,102,38516.12
43239,32,916,73,66,37472.62
43244,32,968,74,67,37452.00
43249,32,1005,75,92,37735.44
43254,32,973,73,138,37809.44
43259,32,928,71,77,37848.88
43264,37,1342,70,198,38014.50
43270,37,1472,72,119,38278.56
43275,32,973,72,407,38196.94
43280,32,1017,75,61,38020.81
43285,32,1014,77,71,38036.94
43290,32,1030,76,79,38040.19
43295,32,1031,79,59,37971.88
43300,32,1050,80,93,37988.62
43305,32,955,75,71,38435.50
43310,32,975,75,574,38339.50
43315,37,1353,75,70,38293.25
43320,32,993,73,64,38689.94
43326,32,960,70,55,38642.00
43331,32,911,73,69,38570.00
43336,32,993,75,445,38466.00
43341,32,844,69,72,38740.62
43346,32,987,80,59,38129.19
43351,32,1005,80,65,38145.12
43356,32,1022,80,72,38283.94
43361,32,1030,80,163,38476.94
43366,32,1050,82,78,38411.94
43371,32,1068,82,63,38232.44
43376,32,1086,79,98,38132.38
43381,32,1094,75,95,38199.12
43386,32,1113,75,66,38167.12
43391,32,1115,75,80,38080.00
43397,32,1115,75,66,38119.94
43402,32,1098,75,70,38186.38
43407,32,934,100,79,37832.94
43412,32,909,97,65,37669.62
43417,32,978,82,91,37791.75
43422,32,858,80,93,37824.56
43427,32,952,83,64,37840.94
43432,32,1009,81,64,37827.38
43437,32,970,81,65,37923.62
43442,32,1001,81,65,38173.81
43447,32,1066,81,72,38165.94
43452,32,1028,80,428,38482.12
43457,37,1338,137,75,38404.94
43462,32,1047,114,75,38381.50
43468,32,1055,114,143,38317.12
43473,32,1039,89,63,38153.06
43478,32,960,88,63,38093.00
43483,32,994,88,71,38066.56
43488,32,1003,89,66,38098.00
43493,32,1003,90,64,38070.75
43498,32,968,90,77,37975.19
43503,32,1030,87,84,38012.00
43508,32,1031,88,66,37835.31
43513,32,976,88,134,38019.56
43518,32,1038,90,195,38110.31
43523,32,1003,90,64,38219.81
43528,32,1020,90,69,38382.38
43533,32,1049,90,89,38334.38
43539,32,1058,88,65,38262.94
43544,32,1072,92,110,38302.62
43549,32,1079,94,70,38243.75
43554,32,960,90,434,38315.38
43559,32,847,88,79,38424.25
43564,32,1021,91,291,38116.88
43569,32,1032,91,320,38062.00
43574,32,984,87,71,37807.38
43579,32,1009,89,65,37836.25
43584,32,945,84,68,37935.06
43589,32,911,87,65,37871.06
43594,32,976,85,59,38045.00
43599,32,1011,87,78,38277.69
43605,32,1024,87,93,38202.19
43610,32,1025,88,389,38332.19
43615,32,1040,89,56,38260.12
43620,32,1002,86,89,38490.38
43625,32,979,87,93,38387.69
43630,32,959,85,69,37763.62
43635,32,960,87,163,37906.00
43640,32,1006,89,451,38291.38
43645,32,964,88,172,38414.56
43650,32,959,86,63,38263.56
43655,32,992,87,70,38371.00
43660,32,1017,87,65,38316.12
43665,32,1018,87,70,38278.06
43671,32,946,87,74,38442.38
43676,32,905,89,495,38603.38
43681,37,1196,355,62,38680.38
43686,32,877,84,73,39134.00
43691,32,964,86,268,39067.38
43697,32,955,84,72,38924.62
43702,32,888,87,72,38973.12
43707,37,1374,84,579,39320.56
43712,37,1409,86,555,39182.25
43717,32,948,86,61,39019.81
43723,32,861,84,60,38885.12
43728,37,1317,89,82,39281.81
43733,32,821,82,75,38679.62
43738,32,948,84,55,38214.00
43743,32,911,86,62,38007.25
43748,32,937,86,70,38036.38
43753,32,962,89,63,38015.81
43758,32,981,86,74,38117.56
43763,32,836,84,60,38159.19
43768,32,931,86,64,38141.44
43773,37,1284,82,71,38675.38
43778,37,1258,83,87,38701.31
43784,32,929,84,291,38597.31
43789,32,977,89,113,38533.31
43794,32,946,90,324,38421.31
43799,32,973,91,114,38365.31
43804,32,967,84,76,38046.50
43809,32,931,83,168,38182.38
43814,37,1214,85,120,38625.81
43819,32,943,85,67,38050.81
43824,32,853,93,137,38777.94
43829,32,862,82,1027,38922.38
43834,37,1212,81,478,39048.50
43840,32,912,85,53,38587.00
43845,32,870,76,56,38503.19
43850,32,911,77,90,38127.75
43855,32,895,79,442,38286.94
43860,32,904,76,60,38126.69
43865,32,906,77,67,37997.56
43870,32,895,77,262,38144.38
43875,32,916,75,80,38042.06
43880,32,905,79,77,38284.94
43885,32,883,74,66,38117.12
43890,32,832,77,69,38076.81
43895,32,829,81,95,38110.00
43901,32,880,201,86,38501.62
43906,32,884,73,79,38329.00
43911,32,851,78,65,38037.31
43916,32,899,78,71,38376.88
43921,32,959,76,66,38355.38
43926,32,971,76,70,38185.38
43931,32,806,75,70,38394.75
43936,32,915,74,354,38280.69
43941,32,946,82,71,38160.31
43946,37,1249,83,68,38655.88
43951,32,873,75,179,38333.88
43956,37,1271,74,62,38531.25
43961,32,910,77,86,38231.88
43966,32,817,77,73,37957.62
43972,32,954,79,53,38130.94
43977,37,1396,77,69,38320.62
43982,37,1446,76,85,38292.56
43987,37,1441,77,80,38537.69
43992,37,1462,81,63,38525.62
43997,32,925,76,67,38396.56
44002,32,925,79,90,38302.44
44007,32,943,79,85,38560.38
44012,32,913,79,72,38502.25
44017,32,944,79,151,38612.00
44022,32,957,77,63,38540.25
44027,32,984,77,66,38546.31
44033,32,995,79,71,38563.19
44038,32,1002,79,57,38463.62
44043,32,1023,79,72,38444.06
44048,37,1381,77,62,38801.12
44053,32,950,77,299,38768.88
44058,37,1440,77,75,38706.31
44063,41,1962,76,100,38963.62
44068,41,1889,84,61,38812.31
44073,41,1883,77,108,38872.06
44078,32,934,77,394,38781.12
44083,32,838,76,69,38688.25
44088,32,955,77,100,37936.38
44093,32,939,79,85,37921.50
44098,32,880,77,67,37991.25
44104,32,941,76,16,37751.62
44109,32,970,77,136,38111.69
44114,32,901,77,63,38016.31
44119,32,958,77,180,38168.94
44124,32,997,79,60,38348.69
44129,32,964,79,66,38260.69
44134,32,906,77,84,38233.81
44139,37,1297,77,68,38620.50
44144,32,917,76,196,38482.56
44149,32,932,77,128,38057.62
44154,32,890,79,67,38094.56
44159,32,931,79,85,38122.06
44164,32,962,76,144,38141.44
44169,37,1426,77,79,38753.94
44175,32,920,77,180,38658.44
44180,32,891,73,66,39097.31
44185,37,1405,82,75,38515.62
44190,32,896,83,244,38446.38
44195,32,876,74,65,38190.94
44200,32,889,74,77,38101.69
44205,32,870,72,72,38050.50
44210,37,1189,72,64,38531.19
44215,32,810,75,71,38424.75
44220,32,845,74,70,38292.56
44225,32,811,70,91,38715.19
44230,32,761,70,57,38565.94
44236,32,843,73,386,38665.88
44241,32,883,73,63,38137.00
44246,32,814,75,72,38218.38
44251,32,848,73,60,38091.81
44256,32,861,70,75,38280.25
44261,32,867,74,87,38443.38
44266,32,882,589,66,38757.88
44271,32,886,75,76,38493.44
44276,37,1269,71,143,39500.19
44281,37,1455,72,73,38787.50
44286,32,935,71,64,38224.12
44291,32,955,73,72,38196.19
44297,32,866,72,46,38083.12
44302,32,895,75,67,38038.00
44307,32,853,86,68,38040.75
44312,32,883,84,58,38048.69
44317,32,801,74,94,37952.44
44322,32,881,74,78,37955.81
44327,32,878,75,62,37931.31
44332,32,898,77,165,38142.62
44337,32,849,76,147,38141.44
44342,32,932,75,96,38164.06
44347,32,926,75,65,38035.25
44352,32,937,75,85,38185.56
44357,32,933,79,68,38073.94
44362,32,887,77,67,38485.81
44367,32,894,78,61,38300.12
44373,32,852,78,90,38306.25
44378,32,918,76,83,38115.38
44383,32,907,76,70,38085.69
44388,32,841,76,83,37963.50
44393,32,896,78,75,38024.94
44398,32,884,78,64,37991.88
44403,32,926,76,72,37974.31
44408,32,932,76,102,37978.12
44413,32,889,76,63,38006.69
44418,32,935,76,79,38013.19
44423,32,917,78,71,38009.88
44428,32,935,78,104,38165.00
44433,32,819,78,77,38130.12
44438,32,865,76,84,38246.19
44443,32,902,76,100,38046.00
44449,32,920,76,63,38102.94
44454,32,850,76,60,38077.44
44459,32,898,75,75,38137.06
44464,32,891,74,135,38103.56
44469,32,941,76,64,38192.31
44474,32,871,77,71,38132.44
44479,32,917,77,80,38101.62
44484,32,874,78,62,38267.69
44489,32,880,77,81,38253.69
44494,32,872,76,85,38106.06
44499,32,869,391,61,38663.88
44504,32,892,76,58,38583.88
44509,37,1407,76,69,38942.25
44514,37,1344,77,80,38896.25
44519,32,909,76,102,38568.00
44525,32,952,76,73,38433.44
44530,37,1276,76,73,38754.50
44535,32,790,76,72,38224.31
44540,32,905,75,108,38201.56
44545,32,877,88,111,38176.62
44550,32,879,86,75,38276.75
44555,32,801,74,64,38097.75
44560,32,894,77,78,38164.69
44565,32,911,77,124,38374.12
44570,32,885,76,104,38332.94
44575,32,917,83,57,38271.25
44580,32,829,79,64,37991.19
44585,32,948,81,98,38371.50
44591,32,945,77,76,38345.81
44596,32,945,77,58,38332.88
44601,32,854,76,65,38739.50
44606,32,910,78,88,38025.56
44611,32,878,79,95,38030.62
44616,32,909,79,78,38088.06
44621,32,892,76,76,38168.00
44626,32,893,77,67,38219.06
44631,32,919,77,90,38138.44
44636,32,940,78,66,38153.44
44641,32,921,77,69,38138.38
44646,32,807,74,71,38016.06
44651,32,902,77,84,38249.81
44656,32,925,75,67,38368.06
44661,32,948,77,64,38261.62
44666,32,812,77,61,38254.06
44672,32,902,79,77,38434.25
44677,32,914,77,78,38425.50
44682,32,763,76,40,38865.31
44687,32,925,76,89,38604.75
44692,32,945,77,106,38370.69
44697,32,963,83,77,38322.88
44702,32,932,80,63,38172.75
44707,32,841,77,64,38681.00
44712,32,886,77,52,38016.81
44717,32,835,77,102,38181.69
44722,32,943,77,66,38196.38
44727,32,869,85,145,38177.75
44732,32,886,84,58,38367.44
44738,32,849,81,109,38282.31
44743,32,904,81,75,38259.81
44748,32,946,81,66,38367.44
44753,32,937,79,68,38400.06
44758,32,791,76,36,38987.25
44763,32,939,77,66,38195.19
44768,32,949,77,86,38289.94
44773,32,860,77,77,38248.56
44778,32,911,77,59,38219.75
44783,32,874,77,76,38279.81
44788,32,896,79,86,38287.62
44793,32,870,77,89,38183.50
44798,32,880,77,57,38186.06
44803,32,932,77,68,38479.06
44808,32,925,80,100,38500.31
44814,32,897,83,59,38440.75
44819,32,917,77,74,38482.94
44824,32,899,75,69,38520.62
44829,32,854,77,64,38445.25
44834,32,861,75,65,38461.12
44839,32,920,77,63,38473.31
44844,32,876,77,62,39133.69
44849,32,887,76,67,39014.81
44854,32,908,77,63,39027.19
44859,32,923,77,60,39014.69
44864,32,952,77,86,39050.38
44869,32,971,77,64,38944.94
44874,32,953,77,88,39123.00
44879,32,926,76,515,39296.69
44884,32,955,81,75,38961.75
44890,32,967,81,64,38861.81
44895,32,895,80,91,38833.94
44900,32,911,78,205,39242.25
44905,32,942,83,64,38362.25
44910,32,887,84,73,38237.88
44915,32,816,77,68,38232.19
44920,32,808,76,72,38451.06
44925,32,789,74,204,37937.00
44930,32,985,76,85,38004.88
44935,32,899,80,225,38237.62
44940,32,856,81,57,38043.19
44945,32,924,80,400,38217.75
44951,32,932,79,86,38182.50
44956,32,907,77,82,38031.00
44961,32,944,77,73,37827.50
44966,32,946,86,65,38167.50
44971,32,964,86,68,38451.19
44976,32,964,77,69,38501.69
44981,32,987,77,73,38413.88
44986,32,994,82,57,38584.69
44991,32,1018,82,112,38601.25
44996,32,994,84,118,38515.88
45001,32,1005,79,67,38267.12
45006,32,912,75,75,38955.12
45011,32,918,76,69,38146.12
45016,32,951,77,76,38114.31
45021,32,1041,82,55,38077.38
45027,32,1050,76,56,38098.75
45032,32,1250,77,65,38126.94
45037,31,1166,77,122,38123.50
45042,31,1163,78,61,37976.88
45047,31,1064,77,69,38040.50
45052,31,1470,76,57,38560.94
45057,31,1579,79,56,38389.12
45062,31,1190,84,61,38351.31
45067,31,1109,82,69,38178.88
45072,31,1155,77,74,38202.12
45077,31,1272,77,76,38278.81
45082,31,1283,77,64,38268.94
45087,32,1367,83,103,38712.56
45092,32,1348,83,65,38728.56
45098,32,1368,83,78,38700.12
45103,32,1438,80,62,38919.88
45108,32,1335,82,68,38647.88
45113,32,1282,82,71,38581.12
45118,32,1195,77,41,38999.94
45123,32,1301,80,66,38664.12
45128,32,1365,81,61,38475.19
45133,32,1224,77,67,38511.94
45138,32,1162,76,19,38406.38
45143,32,1111,76,59,38554.81
45148,32,1136,80,201,38674.19
45153,32,1059,441,62,38834.12
45159,32,1519,77,64,38480.44
45164,32,1058,80,76,38496.56
45169,32,1061,81,56,38424.19
45174,32,1110,74,76,38746.69
45179,37,1621,78,99,39122.25
45184,32,1163,74,72,38552.00
45189,32,1199,77,62,38596.81
45194,37,1566,73,81,39094.31
45199,30,1258,66,579,38619.81
45204,35,1392,64,58,38558.25
45210,32,1297,276,343,38876.88
45215,32,1365,274,83,38740.88
45220,32,1264,252,58,38628.81
45225,32,1166,171,68,38232.06
45230,32,1163,167,49,37566.69
45235,32,1211,172,129,37834.44
45240,32,1261,172,70,37931.31
45245,32,1130,165,212,38662.75
45250,32,1164,170,81,37910.75
45255,32,1165,175,62,37694.25
45260,32,1170,175,85,37585.81
45265,37,1603,173,68,38168.25
45270,32,1113,171,73,37864.62
45275,32,1039,169,315,38111.06
45281,32,1081,171,99,38026.88
45286,32,1030,172,446,38011.62
45291,37,1417,168,54,37942.25
45296,41,2090,169,148,38247.75
45301,37,1556,171,60,38100.44
45306,41,2171,167,75,38311.88
45311,32,1144,180,60,37618.19
45316,32,1138,210,79,37637.25
45321,32,1165,212,63,37726.50
45326,32,1076,202,65,37620.25
45331,32,1014,122,36,38270.31
45336,32,1065,124,62,38024.06
45341,32,1073,124,66,38001.00
45346,32,1092,124,70,38168.00
45352,32,1084,130,555,38407.00
45357,32,1096,132,166,38311.00
45362,32,1138,132,132,38143.00
45367,32,1150,132,64,38039.00
45372,32,1137,132,68,37815.38
45377,32,1103,125,64,37998.00
45382,32,1060,125,157,37998.12
45388,32,1037,130,139,37884.00
45393,32,1051,124,71,37785.06
45398,32,1047,123,90,37914.62
45403,37,1434,117,63,38386.94
45408,32,983,112,73,37677.50
45413,32,1128,115,61,37865.44
45418,32,1108,162,57,37929.00
45423,32,1154,162,70,38018.25
45428,32,1155,152,59,38091.38
45433,32,1000,116,366,38418.06
45438,32,1043,116,61,38362.06
45443,32,1035,114,68,38222.44
45448,32,998,115,66,38131.38
45453,32,1012,114,60,38209.12
45458,32,1054,114,65,38299.00
45463,32,1050,109,64,38772.81
45469,32,1057,108,55,38721.69
45474,32,1004,106,68,38680.31
45479,32,977,115,68,38737.38
45484,32,1061,115,69,38689.38
45489,32,1058,114,72,38513.38
45494,32,966,107,397,38744.19
45500,32,981,106,62,38587.69
45505,32,923,114,71,38469.00
45510,37,1460,109,59,38837.62
45515,32,1034,107,56,38769.81
45520,32,1129,106,379,38973.06
45525,32,1141,106,95,38749.06
45530,33,1084,105,65,38605.06
45535,32,1002,102,315,38646.69
45540,37,1529,106,68,38664.00
45545,32,1065,102,60,38496.94
45550,32,1015,104,467,38543.25
45556,41,1984,102,106,38522.25
45561,32,1008,104,160,38266.75
45566,41,2030,110,74,38755.25
45571,32,1014,112,129,37988.50
45576,32,941,103,78,38422.38
45581,32,1018,106,71,37750.38
45586,32,1027,115,62,37712.94
45591,32,1038,115,69,37690.44
45596,32,982,112,99,37649.25
45601,32,1038,113,70,37691.25
45606,32,1021,111,70,37796.06
45611,32,1045,111,68,37965.31
45616,32,1056,111,75,38029.31
45622,32,1086,111,63,38024.00
45627,32,1074,119,82,38058.94
45632,32,1073,121,73,38106.81
45637,32,973,109,62,37991.31
45642,32,996,112,101,37886.25
45647,32,937,109,433,38243.38
45652,32,1021,111,67,38207.44
45657,32,1023,111,71,38207.44
45662,32,1034,113,73,38031.75
45667,32,950,110,44,37754.06
45672,32,1009,112,106,37990.75
45677,32,1019,112,74,38025.88
45682,32,919,110,77,38578.12
45687,32,975,112,90,37639.44
45693,32,991,113,105,37699.38
45698,32,1005,114,64,37623.00
45703,32,988,112,65,37634.56
45708,32,1001,111,82,37533.44
45713,32,974,111,79,37510.31
45718,32,944,113,56,37488.69
45723,32,1003,113,75,37571.69
45728,32,955,111,58,37469.62
45733,32,972,111,72,37723.94
45738,32,992,111,62,37551.31
45743,32,979,111,86,37595.06
45748,32,946,120,66,37543.56
45753,32,978,118,71,37655.62
45758,32,983,113,70,37672.38
45763,32,965,110,148,38342.00
45769,32,994,115,79,37542.50
45774,32,988,115,76,37650.94
45779,32,985,115,87,37578.12
45784,32,1001,113,78,37445.25
45789,32,979,110,62,37317.50
45794,32,998,111,104,37517.25
45799,32,977,110,66,37801.62
45804,32,930,110,75,37488.75
45809,32,948,114,117,37727.31
45814,37,1329,112,59,38481.75
45819,32,972,111,64,38074.31
45824,32,945,111,411,38065.44
45829,32,969,110,112,37756.56
45834,37,1419,111,69,38538.50
45839,32,971,113,75,38130.50
45845,37,1417,108,69,38849.81
45850,32,958,111,59,38209.25
45855,32,962,111,489,37665.31
45860,41,2056,111,88,37523.31
45865,32,929,118,128,37202.50
45870,41,1941,112,109,37129.88
45875,32,942,111,224,36767.81
45880,32,963,111,67,36501.69
45885,32,924,108,77,36471.62
45890,32,944,111,61,36306.62
45895,32,952,111,45,36529.00
45900,32,971,113,68,36503.56
45905,32,1004,113,62,36445.94
45911,32,1010,113,96,36570.19
45916,32,1021,113,75,36758.69
45921,32,959,111,73,36777.62
45926,32,888,108,65,37230.81
45931,32,943,113,51,36502.81
45936,32,968,113,157,36919.56
45941,32,978,113,62,36773.00
45946,32,941,111,109,36643.94
45951,32,955,108,90,36597.31
45956,32,939,111,82,36783.81
45961,32,1007,111,52,36757.06
45967,32,951,108,61,36793.56
45972,32,952,322,66,37485.56
45977,32,954,111,67,37066.50
45982,32,959,111,66,37122.50
45987,33,1014,119,408,37256.62
45992,32,948,113,71,36941.44
45997,37,1351,208,52,37749.75
46002,37,1412,111,79,37832.19
46007,37,1315,110,67,38443.69
46013,37,1405,111,70,37695.75
46018,37,1381,111,85,37606.62
46023,37,1401,113,71,37479.31
46028,37,1387,110,81,37669.00
46033,37,1274,109,62,37463.38
46038,37,1356,110,59,36988.75
46043,37,1289,108,64,37204.19
46048,37,1374,110,74,37116.69
46053,37,1308,108,66,37159.25
46059,37,1332,110,72,37048.94
46064,37,1397,110,78,37400.50
46069,37,1397,111,76,37297.81
46074,37,1358,109,75,37141.25
46079,37,1371,108,67,37067.12
46084,37,1436,111,62,37300.50
46089,32,914,111,377,37165.00
46094,32,958,111,72,36794.25
46099,32,861,108,557,37348.50
46105,37,1297,108,67,37706.31
46110,32,909,174,101,37344.88
46115,37,1372,118,62,37344.56
46120,32,923,117,82,36403.12
46125,32,1003,116,65,36018.88
46130,37,1469,118,57,36511.19
46135,34,1280,116,221,36431.50
46140,34,1304,119,85,35995.56
46145,34,1357,117,60,36036.75
46150,34,1323,117,92,35937.44
46156,34,1292,123,76,35952.38
46161,34,1344,121,118,35830.88
46166,34,1292,115,99,36091.50
46171,34,1299,119,67,36059.06
46176,34,1286,117,81,35932.69
46181,34,1264,117,56,35704.50
46186,34,1282,117,106,36002.06
46191,34,1269,117,59,36115.69
46196,34,1281,117,84,35991.25
46201,34,1261,114,75,36465.06
46206,34,1283,117,58,35251.31
46211,34,1325,115,88,35350.06
46216,34,1293,115,67,35273.81
46222,34,1279,119,59,35158.69
46227,34,1218,112,86,35276.44
46232,34,1211,117,63,35399.62
46237,34,1212,117,135,35254.31
46242,34,1223,118,79,35157.94
46247,34,1215,117,57,35172.50
46252,34,1216,120,244,35451.69
46257,34,1205,114,68,35111.69
46262,34,1313,121,75,35466.19
46267,34,1275,115,71,35402.75
46272,34,1229,119,73,35241.38
46277,34,1231,120,85,35256.62
46282,34,1263,120,68,35279.94
46287,39,1726,119,192,36134.69
46293,39,1704,119,59,36633.25
46298,39,1763,119,58,36746.19
46303,39,1612,118,47,36796.25
46308,39,1691,120,224,36993.75
46313,39,1628,119,77,36926.38
46318,39,1675,114,248,36888.94
46323,39,1763,114,63,36816.88
46329,39,1714,119,226,36934.75
46334,39,1627,115,68,36517.44
46339,39,1455,116,36,36370.75
46344,39,1443,210,235,36731.94
46349,39,1521,115,124,36523.06
46354,39,1484,118,210,36553.44
46360,39,1516,119,64,36457.44
46365,39,1544,119,217,36648.69
46370,39,1553,114,495,36662.12
46375,39,1579,119,96,36630.12
46380,34,1054,326,382,36514.81
46385,34,1136,121,184,36162.81
46390,34,1106,118,102,33959.25
46395,34,1086,118,67,33481.06
46401,34,1077,119,178,33563.31
46406,34,1076,113,74,33514.50
46411,34,1073,121,157,33576.56
46416,34,1070,121,63,33866.81
46421,34,1108,121,334,34008.75
46426,34,1118,121,67,33912.75
46431,34,1125,121,74,33856.75
46436,34,1106,114,170,33888.38
46441,34,1151,117,190,33904.62
46446,34,1159,117,82,33848.62
46451,34,1157,117,70,33665.56
46456,34,1096,115,72,33306.50
46461,34,1111,115,58,33310.25
46466,34,1068,118,64,33323.25
46471,34,1151,121,71,33437.00
46476,34,1158,117,84,33638.75
46482,34,1078,115,58,33603.00
46487,34,1099,115,236,33876.56
46492,34,1099,125,294,33901.25
46497,34,1105,125,93,33827.69
46502,34,1092,123,74,34332.69
46507,34,1003,113,76,34294.00
46512,34,1047,115,71,34351.94
46517,34,1078,115,68,34260.88
46522,34,1073,115,71,34241.69
46528,34,1046,122,82,34361.62
46533,34,1047,124,64,34360.06
46538,33,1042,117,164,34389.94
46543,33,1042,117,241,34327.56
46548,33,1051,117,65,34231.62
46553,33,1018,115,69,34166.19
46558,33,1028,119,68,34114.00
46563,33,1039,120,66,33994.75
46568,33,1013,115,65,34030.31
46573,33,1005,114,66,33982.38
46578,33,996,114,70,33941.62
46583,33,981,113,60,33979.81
46588,33,983,113,68,33969.31
46593,33,956,115,104,33963.94
46599,33,966,112,68,33923.62
46604,33,943,112,51,33829.88
46609,33,965,112,71,33812.38
46614,33,943,112,63,33837.06
46619,33,998,113,105,33973.31
46624,33,1006,113,82,34038.38
46629,33,980,115,62,34142.56
46634,33,945,115,63,33933.56
46639,33,944,112,130,33940.75
46644,33,926,113,80,34193.25
46649,33,947,113,59,34045.62
46654,33,927,115,60,33995.44
46659,33,901,103,77,34010.50
46665,33,927,103,88,33556.56
46670,33,930,102,177,33905.12
46675,33,817,108,62,33971.81
46680,33,872,102,64,34369.94
46685,33,866,102,99,34354.44
46690,33,906,103,119,34296.62
46695,33,847,102,87,34410.81
46700,33,897,103,63,34487.50
46705,33,902,111,62,34549.19
46710,33,939,111,61,34522.44
46715,33,909,106,68,34540.44
46721,33,904,103,62,34460.12
46726,33,868,102,73,34571.06
46731,33,914,104,65,34379.06
46736,33,886,101,65,33988.31
46741,33,901,104,92,34096.25
46746,33,950,104,68,34118.69
46751,33,902,103,67,33999.19
46756,33,881,96,59,34158.19
46761,43,1830,97,65,35325.81
46766,43,1580,104,58,35531.25
46772,38,1316,98,71,35033.94
46777,38,1225,95,72,34784.06
46782,38,1275,99,65,35342.81
46787,41,1934,102,69,35246.81
46792,41,1875,98,103,35174.81
46797,41,1895,98,62,35078.81
46802,41,2007,100,90,35045.12
46807,41,1894,100,58,34992.88
46813,41,1922,100,86,34926.12
46818,41,1871,97,67,35011.50
46823,50,2719,97,80,35385.44
46828,50,2961,98,112,35383.81
46833,42,1972,100,58,35273.75
46839,47,2570,104,88,35209.94
46844,47,2598,102,75,35254.75
46849,41,1881,97,421,35213.56
46854,41,1918,98,66,34933.62
46859,41,1763,98,62,34846.19
46864,46,2207,99,79,34802.75
46870,46,2154,98,104,34683.69
46875,46,2162,80,53,34397.62
46880,46,2184,81,123,34643.75
46885,46,2088,80,67,34814.81
46890,46,2127,81,141,34611.00
46896,46,2190,83,61,34965.31
46901,46,2245,82,50,34985.44
46906,46,2205,79,79,34983.81
46911,46,2233,82,82,35016.38
46916,46,2175,80,131,34958.25
46921,46,2201,82,78,34928.81
46927,46,2162,82,87,34954.25
46932,46,2233,82,84,34970.38
46937,46,2179,79,78,34836.94
46942,45,1926,79,81,34630.44
46947,45,1971,88,103,34975.69
46952,44,1861,89,87,34910.94
46958,38,1288,84,72,34890.25
46963,38,1264,82,76,35051.75
46968,38,1243,82,328,34931.25
46973,46,2212,82,74,35162.56
46978,46,2093,81,121,35050.50
46983,46,2170,80,101,35074.44
46988,46,2285,84,226,35105.94
46993,46,2216,82,60,35017.75
46999,46,2173,82,101,34906.44
47004,46,2196,82,100,35011.50
47009,46,2216,84,68,34907.50
47014,46,2172,86,110,34883.75
47019,46,2193,87,108,34949.50
47024,46,2180,86,108,35003.56
47030,46,2215,86,89,34948.75
47035,46,2260,82,63,34929.88
47040,46,2179,82,62,35013.69
47045,46,2005,84,65,34583.38
47050,46,2103,81,75,34701.19
47055,46,2023,82,223,34957.75
47061,46,2093,81,107,34758.81
47066,46,2035,79,109,34789.06
47071,46,2080,80,138,34785.44
47076,46,1994,81,126,34760.06
47081,46,2056,82,97,34755.88
47086,46,1972,80,111,34731.31
47092,46,1916,79,494,34996.38
47097,46,1970,79,166,34868.38
47102,46,2100,82,108,34944.94
47107,46,2047,82,98,34887.12
47112,46,1990,82,102,34835.25
47117,46,2100,81,72,34714.94
47122,46,2179,82,126,35126.12
47128,45,1947,82,120,34958.81
47133,45,1886,81,409,35166.50
47138,44,1747,82,75,34978.25
47143,43,1554,79,59,35219.19
47148,38,1213,80,228,35440.19
47153,38,1417,81,58,35224.19
47159,43,1845,81,79,35473.88
47164,43,1728,78,80,35431.00
47169,38,1367,83,172,35390.25
47174,38,1381,81,370,35206.25
47179,38,1251,86,66,35153.50
47184,38,1286,86,112,34805.25
47189,38,1332,86,78,34594.50
47195,38,1353,81,60,34609.88
47200,38,1338,84,430,34901.94
47205,38,1364,186,67,34821.94
47210,38,1486,82,299,34910.12
47215,38,1492,82,73,34894.12
47220,38,1431,81,69,34822.12
47225,38,1440,82,96,34774.12
47230,38,1393,84,70,34710.12
47235,38,1482,84,63,34670.12
47240,38,1476,84,72,34648.69
47246,38,1320,80,318,35021.69
47251,38,1312,82,62,34677.44
47256,43,1566,82,68,34786.19
47261,48,2070,78,84,34981.88
47266,45,1978,81,70,35248.44
47271,45,1916,80,110,34945.75
47276,45,1948,78,88,35031.75
47281,45,2011,81,112,34870.50
47286,40,1620,80,76,34841.56
47292,40,1576,81,57,35064.62
47297,45,2017,79,62,35180.31
47302,46,2044,130,89,35361.69
47308,55,2978,81,39,35789.19
47313,46,2137,78,295,35627.69
47318,46,2108,80,61,35194.19
47323,46,2124,80,132,34884.06
47328,46,2105,78,126,35259.62
47333,46,2024,78,88,35289.69
47339,46,1968,76,121,35688.19
47344,46,2358,78,99,35280.44
47349,46,2431,78,62,35486.88
47354,46,2484,79,84,35310.06
47360,46,2444,78,76,35175.75
47365,46,2152,79,85,35246.69
47370,46,2176,79,84,35158.75
47375,46,2233,77,132,35150.75
47380,46,2212,81,86,35120.75
47386,51,2634,77,95,35651.50
47391,46,2172,79,283,35579.56
47396,46,2272,76,107,35137.38
47401,46,2187,76,63,35000.69
47406,46,2115,78,123,34988.44
47412,46,1949,180,76,35153.69
47417,46,1922,78,107,35464.12
47422,46,1931,78,96,34932.06
47427,46,1950,79,119,35204.25
47433,51,2495,80,63,35546.94
47438,46,2202,82,106,35324.19
47443,51,2433,81,62,35567.56
47448,46,2231,80,126,35528.81
47453,51,2388,80,66,35493.50
47459,46,2047,81,119,35412.38
47464,46,1903,502,51,35334.19
47469,46,2008,133,61,35383.06
47474,45,2027,84,55,35271.06
47479,45,1920,78,108,35207.75
47484,50,2443,78,68,35810.44
47490,40,1690,64,79,35779.62
47495,40,1529,61,148,35691.62
47500,47,2330,65,77,35627.62
47505,47,2142,60,55,35475.62
47511,52,2451,59,65,35761.12
47516,47,2107,62,257,35665.12
47521,47,2106,59,283,35941.69
47526,55,2919,59,102,36233.31
47531,55,2851,63,61,36194.75
47537,47,2162,60,73,36124.81
47542,47,2200,63,254,36044.81
47547,47,2182,73,93,35844.81
47552,47,2011,64,55,35508.62
47558,57,2639,66,71,36277.19
47563,47,2144,64,198,35964.00
47568,53,2363,64,71,35686.94
47574,62,2828,59,137,35706.12
47579,55,2582,61,153,36121.31
47584,47,1980,62,313,35969.31
47590,52,2278,65,399,36402.00
47595,47,2020,64,75,36356.38
47600,55,2658,62,353,36602.69
47605,55,2640,61,88,36410.69
47610,51,2408,62,526,36315.81
47616,46,2039,61,54,36227.81
47621,46,1811,63,69,36177.38
47626,46,1991,62,55,35645.81
47632,41,1440,70,622,35641.31
47637,47,2052,63,69,35837.00
47642,47,2025,62,64,36090.81
47647,47,2149,65,61,35977.94
47653,47,2172,72,273,35986.56
47658,52,2515,64,85,35983.12
47664,46,2067,73,253,35955.44
47669,41,1557,75,647,35859.44
47674,41,1719,75,185,35843.44
47679,46,2216,75,68,35763.44
47684,48,2374,71,100,35651.44
47690,48,2422,69,100,35547.44
47695,48,2244,69,125,35578.75
47700,48,2241,73,91,35726.81
47705,48,2197,171,165,35841.88
47710,48,2218,436,70,35942.81
47716,48,2285,142,294,36381.69
47721,48,2323,159,66,35917.69
47726,48,2280,180,304,35971.19
47731,48,2176,116,74,36169.38
47737,53,2564,118,76,36701.94
47742,48,2308,122,166,36797.69
47747,48,2226,122,174,36637.69
47753,53,2553,114,59,36552.19
47758,47,2171,179,76,36614.38
47763,52,2487,143,53,36853.12
47769,41,1545,166,234,36725.06
47774,41,1472,135,70,36613.06
47779,41,1452,120,101,36595.69
47784,50,2108,135,103,37058.88
47790,41,1431,151,101,36938.88
47795,41,1456,115,57,36866.88
47800,41,1441,116,59,36906.69
47806,41,1393,114,71,36910.50
47811,41,1350,116,240,36911.88
47816,41,1326,114,118,36791.88
47822,41,1471,116,100,36781.94
47827,41,1352,463,82,36797.81
47832,46,1698,120,208,37109.12
47838,41,1375,146,145,37133.38
47843,46,1800,118,75,37061.38
47848,41,1523,120,553,36927.75
47853,43,1576,120,295,36871.75
47858,41,1502,156,85,36823.75
47864,41,1477,173,239,36735.75
47869,41,1496,198,453,36695.75
47874,41,1523,266,225,36615.75
47879,41,1479,489,63,36575.75
47884,43,1940,113,73,36415.75
47890,44,1721,112,72,36319.75
47895,43,1615,107,272,36239.75
47900,48,2201,102,66,36207.75
47905,43,1741,111,162,35953.06
47910,41,1631,116,96,35905.12
47915,40,1534,117,65,35881.12
47921,35,1095,113,71,35761.12
47926,35,1029,88,198,35609.12
47931,42,1795,64,53,35607.12
47936,42,1487,64,108,36023.69
47941,42,1543,67,408,36023.69
47947,42,1582,69,336,35991.69
47952,42,1458,66,66,35968.69
47957,42,1483,66,66,35937.94
47962,42,1670,65,76,35929.94
47967,42,1420,80,106,36804.94
47972,42,1558,85,214,36796.94
47977,42,1549,98,58,36764.94
47983,47,1817,79,65,36748.94
47988,46,1554,90,65,36708.94
47993,42,1297,83,80,36700.94
47998,42,1517,88,60,36519.38
48003,42,1499,82,119,37189.31
48009,42,1596,87,82,36605.25
48014,41,1592,88,271,36317.25
48019,41,1617,109,61,35931.69
48024,41,1504,107,52,35843.75
48029,41,1478,109,63,35803.75
48034,41,1484,104,63,35795.75
48039,41,1490,105,144,35731.75
48044,41,1478,96,264,35691.75
48050,41,1588,96,515,35675.75
48055,41,1602,95,116,35555.75
48060,41,1577,96,190,35539.75
48065,41,1642,95,45,35507.75
48070,41,1469,94,428,35475.75
48075,41,1533,109,392,35443.75
48081,41,1519,109,60,35435.75
48086,41,1471,506,58,35211.69
48091,41,1398,89,362,35187.69
48096,41,1358,87,240,34905.00
48101,41,1370,89,82,34865.00
48107,40,1318,70,85,34601.00
48112,34,846,73,64,34645.19
48117,34,805,69,295,34650.50
48122,36,924,62,76,35008.19
48127,36,1166,65,268,34880.19
48132,36,1142,67,64,34832.19
48137,35,997,71,140,34792.19
48142,35,967,63,185,34744.19
48147,35,938,73,61,34544.19
48152,35,933,65,211,34528.19
48158,35,954,70,252,34528.19
48163,35,890,67,62,34448.19
48168,35,887,70,65,34777.31
48173,35,886,79,1156,34792.44
48178,35,940,79,461,34792.44
48183,35,974,90,59,34784.44
48188,35,902,79,377,34936.88
48194,35,937,90,58,34886.12
48199,35,1040,85,231,34870.12
48204,39,1295,86,79,34822.12
48209,44,1902,78,56,34868.69
48214,39,1403,116,302,35131.56
48219,44,2147,123,904,35135.50
48224,34,968,132,1136,35119.50
48230,34,950,169,60,35119.50
48235,34,822,143,57,35047.50
48240,34,879,157,1393,34963.94
48245,42,1981,142,94,34947.94
48250,42,1884,135,88,34947.94
48255,42,1719,135,188,34899.94
48260,42,1700,137,64,34883.94
48265,42,1793,135,84,34875.94
48271,42,1809,135,84,34875.94
48276,42,1784,95,302,34851.94
48281,42,1785,101,179,34843.94
48286,42,1795,99,120,34835.94
48291,42,1814,102,85,34827.94
48296,42,1771,101,73,34827.94
48301,42,1857,101,206,34803.94
48307,42,1696,149,366,34787.94
48312,42,1739,139,347,34787.94
48317,42,1712,139,96,34683.94
48322,42,1586,127,62,34221.25
48327,42,1554,126,304,34274.44
48332,42,1713,128,235,34329.94
48337,42,1697,122,110,34329.94
48343,42,1614,127,237,34321.94
48348,42,1653,131,67,34402.88
48353,42,1532,128,397,34402.88
48358,42,1664,128,71,34386.88
48363,42,1705,129,187,34386.88
48368,42,1648,128,423,34505.31
48374,42,1680,129,97,34481.31
48379,42,1661,131,176,34473.31
48384,42,1660,130,201,34465.31
48389,42,1638,128,79,33801.50
48394,42,1610,120,93,33676.19
48399,41,1438,129,63,34194.25
48404,41,1370,119,56,34654.81
48410,40,1292,130,65,34720.06
48415,39,1213,140,299,34691.62
48420,34,768,121,61,34691.62
48425,39,1199,94,555,34659.62
48430,41,1678,95,80,34627.62
48435,41,1679,95,222,34563.62
48440,41,1747,97,164,34555.62
48445,41,1534,96,514,34507.62
48450,41,1502,89,207,34267.62
48455,42,1743,89,73,34187.62
48461,42,1728,79,252,33679.75
48466,42,1681,70,44,34135.19
48471,42,1782,74,190,34289.88
48476,42,1821,77,61,34281.88
48481,41,1618,72,209,33761.88
48486,41,1449,69,67,33622.19
48492,41,1467,65,183,33426.56
48497,41,1418,64,113,33423.38
48502,41,1517,67,99,33633.00
48507,41,1574,67,83,33714.81
48512,41,1625,63,100,33571.94
48517,41,1526,68,61,33712.56
48523,41,1497,87,195,33633.88
48528,41,1437,79,96,34436.06
48533,42,1730,82,222,34788.94
48538,42,1665,83,102,34827.50
48543,42,1761,84,420,34944.19
48548,42,1738,85,80,34869.06
48553,41,1714,85,94,34833.81
48558,41,1612,86,265,34602.88
48564,41,1519,87,79,34636.19
48569,41,1589,85,58,34645.06
48574,42,1800,72,324,34949.62
48579,42,1859,73,170,35011.69
48584,42,1805,72,127,35062.81
48589,42,1773,74,58,35090.44
48594,41,1697,75,105,35022.56
48600,41,1783,72,138,35044.06
48605,41,1785,73,64,35006.88
48610,41,1786,73,103,34966.88
48615,41,1798,68,98,34918.88
48620,34,1120,71,147,34822.88
48625,35,1189,65,65,34848.88
48630,35,1207,63,153,34753.31
48635,35,1210,64,66,34657.31
48640,35,1229,63,62,34750.00
48646,34,1067,65,67,34704.56
48651,35,1239,68,458,34742.19
48656,40,1708,65,65,34900.75
48661,42,2025,64,141,35042.06
48666,42,1874,62,75,35073.38
48671,41,1747,63,72,34966.81
48676,41,1653,64,64,34967.12
48682,41,1714,65,113,35007.75
48687,41,1673,61,224,34951.69
48692,41,1670,62,66,34828.06
48697,41,1653,68,85,34857.62
48702,41,1601,94,145,34966.69
48707,41,1600,85,59,35113.00
48713,41,1603,87,95,35169.06
48718,41,1689,82,309,35187.81
48723,41,1723,85,100,35199.25
48728,41,1644,83,189,35151.25
48733,41,1733,85,185,35145.38
48738,41,1715,84,479,35119.31
48743,41,1511,69,57,34746.75
48748,41,1554,70,81,34831.38
48754,41,1548,69,69,34683.44
48759,42,1639,69,61,34698.81
48764,41,1603,70,402,35094.12
48769,41,1637,69,94,34860.12
48774,41,1675,72,116,34909.88
48779,41,1532,62,74,34365.88
48785,41,1491,70,111,35182.12
48790,41,1534,111,150,35329.00
48795,41,1401,172,131,35161.38
48800,41,1438,84,85,35426.19
48805,41,1395,84,81,35753.69
48811,46,1696,75,73,35982.31
48816,41,1413,92,94,35691.38
48821,41,1382,75,56,35827.06
48826,41,1383,81,59,35744.06
48831,41,1411,87,1235,35853.31
48836,40,1388,96,161,35733.31
48841,40,1446,78,59,35565.31
48847,34,914,76,59,35684.81
48852,34,1016,82,96,35492.81
48857,42,1863,102,119,35420.81
48862,42,1905,108,74,35372.81
48867,42,1749,81,72,35268.81
48872,42,1835,81,94,35236.81
48877,42,1807,79,85,35156.81
48882,42,1960,81,81,35219.69
48887,42,1901,79,109,35151.38
48892,42,1852,83,56,34688.12
48898,42,1762,78,88,35088.62
48903,42,1820,78,62,35262.25
48908,42,1754,78,911,35351.00
48913,42,1782,78,53,35231.00
48918,42,1803,81,70,35177.00
48923,42,1713,82,46,35237.12
48929,42,1777,96,79,35020.75
48934,42,1636,80,74,35367.31
48939,42,1729,81,70,35497.06
48944,42,1613,78,97,35742.50
48949,42,1581,81,62,35669.56
48954,42,1774,95,167,34972.44
48959,42,1728,79,64,34671.31
48965,42,1675,78,106,34592.88
48970,42,1827,79,101,34654.25
48975,42,1730,77,62,34579.12
48980,42,1693,78,82,34596.44
48985,43,1907,80,107,34750.25
48990,42,1852,79,76,34770.56
48995,42,1857,78,67,34738.75
49000,41,1656,80,73,34659.88
49005,35,981,75,540,34555.44
49011,34,938,63,61,34741.00
49016,34,882,66,60,34516.31
49021,34,933,168,66,34858.62
49026,34,946,64,84,34843.69
49031,34,971,70,65,34739.69
49036,34,871,105,65,34243.00
49041,34,1006,94,72,33867.06
49046,34,889,95,63,34029.25
49051,34,915,94,70,33824.31
49056,34,845,84,103,33721.31
49061,34,909,86,95,33906.12
49067,34,860,56,80,33954.69
49072,34,875,59,122,34132.06
49077,35,1204,66,61,34852.94
49082,35,1101,144,96,34727.81
49087,35,1154,55,84,34443.94
49092,34,1058,63,74,34605.62
49097,34,803,56,61,34311.06
49102,39,1098,60,80,35057.56
49108,34,767,59,295,35393.31
49113,39,1186,58,65,35463.06
49118,39,1220,57,91,35456.50
49123,34,727,65,161,35293.12
49128,43,1640,60,53,35348.50
49134,42,1655,59,196,35469.94
49139,43,1796,59,53,35461.81
49144,34,835,60,319,35229.31
49149,34,735,59,54,34711.88
49154,34,730,60,67,34635.62
49159,35,984,59,95,35218.06
49164,34,867,59,66,35209.06
49169,34,849,66,139,35174.19
49174,34,815,87,87,35203.75
49179,34,815,70,64,35271.12
49185,34,836,76,68,35184.69
49190,34,792,83,57,35194.19
49195,34,825,107,67,35143.94
49200,34,907,109,71,35031.94
49205,35,1103,106,66,35171.31
49210,34,896,97,132,35067.31
49215,34,876,110,59,35003.31
49220,34,846,86,69,34931.25
49225,34,859,93,58,34877.62
49230,34,785,142,14,34515.31
49235,34,799,104,101,34842.00
49240,34,773,154,35,34478.81
49245,34,812,172,68,34816.94
49251,34,764,154,69,34537.50
49256,34,624,98,67,35048.62
49261,34,926,104,68,34802.19
49266,34,841,110,250,35707.69
49271,41,1358,102,60,35917.38
49276,41,1250,113,63,35909.94
49281,42,1496,91,194,36091.75
49286,42,1586,98,258,35947.75
49291,41,1543,131,75,35755.75
49296,41,1271,84,68,35667.88
49302,41,1542,123,62,35715.81
49307,41,1535,130,69,34721.94
49312,41,1343,609,95,35030.81
49317,41,1525,98,108,34816.12
49322,41,1372,103,137,34741.69
49327,42,1498,94,68,34786.38
49333,42,1615,127,57,34866.00
49338,42,1713,144,65,34815.69
49343,42,1585,102,68,34795.25
49348,42,1565,122,62,34772.44
49353,42,1490,94,50,34933.88
49358,42,1550,131,91,35176.88
49363,42,1746,125,150,36131.81
49368,42,1781,157,67,35874.88
49373,42,1745,177,63,35847.62
49378,41,1639,177,232,35407.62
49384,41,1538,140,176,35259.25
49389,41,1569,143,74,35343.75
49394,41,1592,161,108,35293.38
49399,41,1555,149,178,35294.44
49404,41,1522,155,110,35325.19
49409,41,1540,149,108,35256.75
49414,42,1683,137,64,35194.69
49419,42,1664,101,68,35082.31
49425,42,1504,102,60,34963.69
49430,42,1669,97,58,34662.25
49435,42,1566,86,67,34950.00
49440,41,1412,123,98,34862.69
49445,42,1510,122,67,35012.81
49450,42,1477,77,71,34806.88
49455,42,1474,80,59,35801.00
49460,42,1573,78,1196,35874.06
49466,41,1539,168,58,35450.06
49471,41,1311,106,59,35713.81
49476,41,1320,135,65,36039.19
49481,41,1407,103,62,35839.06
49486,41,1428,89,1040,36077.44
49491,41,1550,122,197,35837.44
49496,41,1370,121,519,35725.44
49501,41,1447,132,345,35629.44
49506,41,1458,140,71,35525.44
49511,41,1436,130,149,35461.44
49516,41,1375,112,135,35413.44
49521,41,1335,105,156,35032.62
49527,41,1402,82,141,34752.94
49532,41,1471,121,61,35475.19
49537,41,1531,126,77,35433.00
49542,41,1564,131,238,35274.31
49547,41,1556,101,180,35148.81
49552,41,1502,126,72,35084.00
49557,41,1213,89,61,36007.44
49563,41,1299,101,374,36000.62
49568,41,1177,80,57,35312.62
49574,41,1003,81,170,35610.00
49579,41,1059,90,434,35985.88
49584,41,1157,114,256,35751.00
49589,41,1231,116,168,35567.00
49594,41,1079,123,55,35319.00
49599,41,962,96,67,35458.62
49604,41,946,84,75,36329.31
49610,41,1154,90,1738,36667.25
49615,41,1195,112,61,36563.25
49620,41,1059,91,728,35770.94
49625,41,1015,96,62,35650.19
49630,41,1164,86,140,35872.12
49635,41,1133,80,62,35502.44
49640,41,1010,83,57,35399.38
49645,41,1062,70,66,35058.12
49650,41,1161,105,281,35651.25
49655,41,1158,155,60,35787.56
49661,41,1156,159,343,35964.12
49666,41,920,109,63,36892.00
49671,41,1125,145,238,36312.31
49676,41,1041,132,66,36087.50
49681,41,1098,137,1661,36869.19
49686,41,1205,139,49,36661.19
49691,41,1163,134,84,36325.12
49697,41,1164,128,217,36281.00
49702,41,1164,142,106,36310.62
49707,41,1048,129,92,35912.38
49712,41,1122,102,72,35865.19
49717,41,1054,141,67,35496.44
49722,41,967,101,69,35248.31
49727,41,1113,138,59,35764.75
49732,41,1119,467,148,36331.75
49738,41,1059,134,479,36227.88
49743,41,1043,137,111,36051.88
49748,41,1031,137,376,35992.25
49753,41,1247,115,132,36229.38
49758,41,1293,135,87,36252.69
49763,41,1289,151,69,36180.69
49768,41,1204,146,61,36129.38
49773,41,1200,148,70,36139.75
49778,41,1161,143,77,36215.88
49783,41,1168,152,74,36163.06
49788,41,1141,130,371,36262.12
49794,41,1172,103,77,36521.19
49799,41,1194,133,715,36669.06
49804,41,1224,135,350,36389.06
49809,41,1148,100,476,36244.94
49814,41,1043,123,60,35524.75
49819,41,936,96,875,36226.88
49824,41,875,79,168,35941.19
49829,41,1035,105,58,35229.19
49834,41,887,107,61,35613.00
49839,41,870,81,70,35822.44
49844,41,809,78,64,36030.25
49850,41,883,121,62,36829.12
49855,41,890,93,66,37426.62
49860,41,1116,143,413,36692.81
49865,41,1141,98,77,36114.62
49871,41,1218,101,182,36398.75
49876,41,1275,131,298,35837.75
49881,41,1225,139,63,35396.62
49886,41,1048,136,79,35477.62
49891,41,980,118,263,35570.69
49896,41,1036,155,61,35959.25
49901,41,1097,233,134,36323.38
49906,41,1098,211,335,37233.31
49911,41,1112,211,234,37185.31
49916,41,1279,193,65,36937.31
49921,41,1280,159,65,37399.75
49926,41,1302,162,65,37279.75
49931,41,1334,162,68,37175.75
49937,41,1295,159,97,36759.75
49942,41,1221,136,84,37324.75
49947,41,1112,163,62,36474.50
49952,41,1117,152,118,36186.94
49957,41,1034,159,69,36516.00
49962,41,1055,101,86,35786.44
49967,41,1061,131,57,35837.56
49972,41,1041,105,96,35842.00
49977,41,1051,135,223,36004.94
49982,41,1112,135,59,36145.94
49987,41,991,98,41,35529.94
49993,41,975,99,121,36031.69
49998,41,966,100,70,36439.94
50003,41,1016,148,63,36736.56
50008,41,959,127,72,36431.88
50013,41,935,126,101,36691.56
50018,41,992,163,137,36924.38
50023,41,1014,142,160,36952.69
50028,41,1012,142,204,37053.19
50033,41,1023,142,130,36997.19
50038,41,1040,172,159,37003.94
50043,41,1062,169,86,37432.44
50048,41,1074,187,885,37477.62
50054,41,1099,195,711,37421.62
50059,41,1122,195,2639,37325.62
50064,41,1127,199,2030,37253.62
50069,41,1132,199,910,36717.56
50074,41,972,134,989,36477.56
50079,41,997,161,84,36149.56
50084,41,977,136,68,35609.88
50089,41,1098,124,155,35537.88
50094,41,962,102,80,36086.69
50099,41,1026,101,54,35782.69
50104,41,1100,102,94,35518.69
50110,41,955,102,66,36251.38
50115,41,964,101,207,36446.56
50120,41,1054,111,66,36406.56
50125,41,1060,119,369,36262.56
50130,41,1074,122,439,36214.56
50135,41,1111,108,62,36163.19
50140,41,1142,94,1120,36360.19
50145,41,1100,93,64,36336.19
50150,41,1131,100,1629,36801.88
50156,41,1157,100,972,36585.88
50161,41,1242,119,201,36385.88
50166,42,2404,116,67,35807.25
50171,42,1789,116,207,35985.50
50176,42,1622,143,64,35849.44
50181,42,1662,137,63,35862.94
50186,42,1523,134,178,36524.06
50191,42,1433,127,67,36469.56
50196,42,1458,133,71,36529.88
50201,42,1523,124,645,36521.88
50206,42,1471,120,58,36679.75
50211,42,1377,139,874,37192.12
50217,42,1509,140,1525,37168.12
50222,42,1570,140,1340,37144.12
50227,42,1617,149,79,37128.12
50232,42,1498,122,1170,37112.12
50237,42,1374,115,60,36912.06
50242,42,1574,138,968,36864.06
50247,42,1532,479,60,36312.06
50252,42,1428,125,66,35502.31
50257,42,1391,123,55,35438.44
50262,43,1875,133,77,35567.00
50267,42,1606,121,56,35570.12
50273,42,1710,133,68,35522.12
50278,42,1408,87,57,36068.56
50283,42,1535,78,54,36288.94
50288,42,1617,104,599,35971.06
50293,42,1458,88,53,35323.06
50298,42,1624,84,60,35511.38
50303,42,1477,80,64,35230.88
50308,42,1534,109,82,35387.25
50313,42,1566,108,66,35478.88
50318,42,1636,83,72,35454.00
50324,42,1521,80,88,35226.50
50329,42,1681,84,82,35602.50
50334,42,1676,89,70,35426.75
50339,42,1713,82,63,35066.88
50344,42,1572,86,81,34973.00
50349,42,1640,89,68,35193.31
50354,42,1619,70,75,35856.31
50359,42,1667,75,60,35404.94
50364,42,1603,82,71,35683.12
50369,42,1557,79,60,35564.38
50374,42,1569,105,108,35594.19
50379,42,1562,83,62,36100.06
50385,42,1522,116,68,36458.06
50390,42,1398,96,73,36429.56
50395,42,1442,85,1254,36489.69
50400,42,1531,85,285,35865.62
50405,42,1466,84,166,35737.00
50410,42,1470,87,79,35442.62
50415,42,1521,90,61,36286.50
50420,42,1397,115,256,35679.00
50425,42,1495,90,181,35622.00
50430,42,1353,78,131,35204.56
50435,42,1406,82,69,35401.56
50441,42,1296,79,72,35324.06
50446,42,1409,80,221,35380.12
50451,42,1450,86,51,35031.88
50456,42,1260,78,557,35082.56
50461,42,1420,78,287,35373.75
50466,42,1467,64,69,35181.56
50471,42,1382,68,113,35454.81
50476,42,1381,74,204,36422.56
50481,42,1450,64,1273,36477.00
50486,42,1474,64,676,36172.94
50491,42,1502,64,533,36100.94
50497,42,1551,64,246,36012.94
50502,42,1562,67,144,35956.94
50507,42,1579,67,71,35620.88
50512,42,1417,59,19,35068.19
50517,42,1466,66,124,35265.94
50522,42,1491,90,70,35288.94
50527,42,1324,60,75,34946.12
50532,42,1513,105,125,35350.31
50537,42,1686,104,60,35311.44
50542,42,1655,95,77,35343.69
50547,42,1525,78,75,35148.38
50552,42,1568,78,88,35177.88
50557,42,1740,71,109,35357.62
50563,42,1766,73,82,35231.38
50568,42,1540,70,73,35499.44
50573,42,1639,104,76,35694.25
50578,42,1593,107,63,35604.50
50583,42,1488,94,59,36174.75
50588,42,1409,120,65,36560.69
50593,42,1623,128,67,35919.25
50598,42,1598,110,61,35716.06
50603,42,1345,109,77,35444.81
50608,42,1477,135,74,35968.62
50613,42,1574,170,71,36079.06
50619,42,1626,154,66,35829.94
50624,42,1471,123,70,35642.69
50629,42,1438,147,263,35833.19
50634,42,1459,100,77,35585.88
50639,42,1440,97,55,35697.31
50644,42,1488,96,56,35540.94
50649,47,1880,95,60,36234.69
50654,42,1401,66,14,35617.56
50659,47,1909,70,287,36392.94
50664,42,1251,67,60,35600.19
50669,42,1358,68,210,35442.62
50675,42,1296,67,93,35296.19
50680,42,1260,71,71,35470.12
50685,42,936,50,62,35634.31
50690,42,1046,52,236,36216.31
50695,42,1146,53,118,36468.94
50700,42,1207,53,116,36642.44
50705,42,1244,52,148,36704.69
50710,42,1262,56,79,36778.44
50715,42,1278,98,353,36922.12
50720,42,1180,99,69,36938.00
50726,42,1285,80,67,37187.56
50731,42,1153,130,187,37504.19
50736,42,1127,108,384,37171.50
50741,42,1280,113,85,37348.06
50746,43,1229,113,62,37761.94
50751,43,1225,105,230,37958.25
50756,42,1254,107,346,37589.44
50761,42,1281,106,96,37439.31
50766,47,1791,102,91,37861.44
50771,42,1279,111,83,37437.31
50777,51,2239,105,68,38159.88
50782,48,1994,107,405,38126.50
50787,51,2285,104,150,38261.81
50792,42,1261,73,473,37946.12
50797,42,1270,66,73,37373.75
50802,42,1278,70,66,36880.06
50807,42,1168,66,86,37047.38
50812,42,1306,67,206,37027.88
50818,42,1211,66,100,36937.25
50823,42,1310,62,63,36787.69
50828,42,1341,62,231,36810.81
50833,42,1218,62,107,36554.94
50838,47,1684,60,96,37214.38
50843,47,1608,63,66,37517.38
50848,47,1455,70,68,37962.00
50853,47,1461,71,75,38820.81
50858,47,1658,79,66,38075.25
50863,47,1545,75,69,37926.75
50869,47,1503,74,60,37988.94
50874,47,1513,74,80,37743.75
50879,47,1553,70,72,37728.31
50884,47,1562,74,337,37804.44
50889,47,1661,77,376,38055.81
50894,47,1634,79,300,37941.56
50899,47,1641,76,255,37831.81
50904,47,1495,77,60,37611.62
50909,47,1662,72,65,37589.81
50914,47,1618,72,53,37605.06
50920,47,1829,78,89,37961.62
50925,47,1571,72,61,37633.50
50930,47,1716,73,63,37724.94
50935,47,1647,63,103,37636.31
50940,47,1735,67,77,38047.25
50945,47,1571,67,94,37403.50
50950,47,1743,62,72,37599.88
50955,47,1694,62,70,38235.69
50960,47,1606,88,225,38246.75
50966,47,1493,69,63,38051.56
50971,47,1592,65,76,37747.88
50976,47,1562,65,161,37627.06
50981,47,1499,64,59,37501.50
50986,47,1573,69,95,37888.00
50991,47,1671,65,81,37990.50
50996,47,1436,62,56,38431.69
51001,47,1441,62,63,38697.94
51007,47,1450,62,47,38985.44
51012,47,1739,91,75,38543.25
51017,47,1680,82,73,37980.88
51022,47,1672,70,68,37778.12
51027,47,1610,78,51,37900.50
51032,47,1568,68,100,37499.62
51037,47,1754,67,82,37798.38
51043,47,1667,67,40,37882.62
51048,47,1657,66,74,38139.88
51053,47,1733,65,64,38069.62
51058,47,1620,71,73,38145.12
51063,47,1585,66,87,37931.12
51068,47,1448,66,60,37654.94
51073,47,1646,71,91,38019.06
51079,47,1741,71,74,37894.81
51084,42,1391,70,63,37841.06
51089,42,1440,69,135,37960.31
51095,42,1280,68,500,37584.81
51100,42,1377,69,369,37886.38
51105,42,1393,71,60,37446.38
51110,42,1417,68,57,37553.12
51115,42,1319,68,62,37024.44
51120,42,1299,68,166,36787.06
51125,42,1485,74,61,37332.62
51130,42,1417,76,65,37833.19
51136,42,1332,80,59,37488.25
51141,42,1327,81,150,37072.00
51146,42,1210,81,16,36965.31
51151,42,1346,79,66,37206.94
51156,42,1327,80,59,37175.44
51161,42,1415,82,271,37155.88
51166,42,1292,79,152,37418.56
51171,42,1486,80,70,37860.94
51176,42,1367,77,250,37465.69
51182,42,1472,80,65,37242.69
51187,42,1526,75,63,37365.38
51192,42,1490,73,59,36895.94
51197,42,1441,72,87,36787.94
51202,42,1537,72,148,37005.50
51207,42,1316,55,58,36680.50
51212,42,1390,58,65,36862.00
51217,42,1403,58,86,37051.81
51222,42,1358,57,70,36732.38
51227,42,1243,56,60,36587.31
51232,42,1398,58,102,36703.31
51237,42,1431,58,79,36921.06
51242,42,1421,58,95,37116.38
51248,42,1426,60,92,37488.44
51253,42,1455,64,68,37625.62
51258,42,1402,74,65,38381.06
51263,42,1432,68,812,38132.19
51268,42,1496,72,61,37236.19
51273,42,1496,79,69,37975.25
51278,42,1490,66,60,38646.56
51283,42,1368,88,865,38024.31
51288,42,1270,79,56,38491.38
51293,42,1418,76,61,38238.06
51298,42,1387,68,326,38360.38
51304,42,1345,64,74,38399.25
51309,42,1430,88,1149,38593.06
51314,42,1447,83,68,38698.19
51319,42,1455,74,1104,38803.75
51324,42,1465,85,67,38803.38
51329,42,1479,85,1143,38816.19
51334,42,1463,69,53,38917.88
51339,42,1436,74,1259,38995.25
51344,42,1507,77,270,38891.25
51349,42,1425,76,55,39147.06
51354,42,1502,75,95,39346.88
51360,42,1484,76,1285,39184.12
51365,42,1628,76,1019,39144.12
51370,42,1652,76,536,39024.12
51375,42,1660,78,65,38872.12
51380,42,1468,77,335,37985.19
51385,42,1237,76,63,37656.69
51390,42,1408,80,75,38040.50
51395,42,1414,79,73,37583.81
51401,42,1366,79,101,37495.81
51406,42,1243,72,90,36975.06
51411,42,667,54,59,38090.50
51416,42,741,58,88,38234.94
51421,42,922,58,67,38231.06
51426,42,1359,63,58,38555.62
51431,42,1486,120,155,38670.31
51436,42,1206,83,138,38311.50
51441,42,1251,84,88,38146.69
51446,42,967,77,26,38062.06
51452,42,1151,79,56,38211.69
51457,42,1533,87,68,38537.44
51462,42,1111,84,30,38386.69
51467,42,1483,111,58,38894.31
51472,42,1289,110,61,38709.75
51477,42,1036,100,70,39057.50
51482,42,1188,81,71,39573.75
51487,42,1232,102,351,39823.00
51493,42,1192,99,95,39885.44
51498,42,1315,102,325,38917.88
51503,42,1110,82,56,39452.38
51508,42,1073,99,68,39817.25
51513,42,1028,110,1809,40215.19
51518,42,999,92,2052,40220.25
51523,42,1184,94,1382,40076.12
51528,47,1617,89,219,39724.12
51533,42,1283,87,265,39660.12
51539,42,1134,90,346,39627.06
51544,43,1281,93,314,39579.06
51549,42,1130,90,681,39495.19
51554,42,1252,93,366,39367.12
51559,47,1516,104,197,40286.81
51564,43,1130,91,335,40024.69
51569,51,2073,86,71,39728.69
51574,51,2279,88,59,39496.62
51579,51,2206,88,106,39356.38
51585,42,1235,94,98,39171.69
51590,42,1031,225,55,39753.00
51595,42,1195,80,1127,39844.62
51600,42,1235,76,74,39846.19
51605,42,1074,80,56,40032.19
51610,42,1088,78,71,40122.88
51616,42,1366,80,423,40092.00
51621,42,1393,82,313,39780.00
51626,42,1374,81,60,39005.69
51631,42,1288,78,62,38918.19
51636,42,1290,75,188,39120.75
51641,42,1207,75,323,39271.75
51646,42,1297,79,152,39223.75
51651,42,1198,80,351,39175.75
51656,42,1307,79,84,39151.75
51661,42,1338,79,47,39111.75
51666,42,1287,75,72,39055.75
51672,42,1285,74,431,39294.31
51677,42,1298,78,67,39404.69
51682,42,1160,79,381,39561.31
51687,42,1212,78,59,38916.00
51692,42,1146,73,258,38603.62
51697,42,1166,76,70,38805.31
51702,42,1252,76,224,38957.12
51707,42,1163,72,64,38585.94
51712,42,1265,74,65,38843.06
51717,42,1207,76,115,39042.31
51722,42,1267,76,102,39145.12
51728,42,1409,76,90,39118.31
51733,42,1356,76,316,39114.12
51738,42,1108,71,75,38510.44
51743,42,1208,73,62,38522.19
51748,42,1109,59,104,38817.00
51753,42,1043,547,60,39447.56
51758,42,1131,64,68,39049.50
51763,42,1160,66,58,39011.44
51768,42,1132,78,63,39655.69
51773,42,1106,70,1139,39791.12
51778,42,1180,72,61,38727.00
51784,42,1202,71,65,38554.94
51789,42,1088,66,72,38313.75
51794,42,1129,68,117,38359.38
51799,42,1073,70,85,38196.50
51804,42,1253,74,77,38858.38
51809,42,1323,74,313,38954.69
51814,42,1319,71,123,38888.88
51819,42,1316,72,309,38826.94
51824,42,1210,69,141,38505.62
51829,42,1271,74,78,38556.25
51834,42,1223,72,44,38411.31
51840,42,1242,67,64,38657.44
51845,42,1123,72,62,38156.75
51850,42,1307,67,63,38527.62
51855,42,1216,67,61,38356.19
51860,42,1258,70,223,38713.50
51865,42,1299,70,116,38936.44
51870,42,1301,70,122,38671.19
51875,42,1145,71,68,38401.31
51880,42,1226,71,57,39013.94
51885,42,1132,72,284,38827.94
51890,42,1221,74,120,38765.31
51896,42,1224,71,233,38821.56
51901,42,1246,72,428,39001.62
51906,42,1297,72,94,38573.69
51911,43,1530,68,71,38894.88
51916,43,1335,66,66,38539.12
51921,43,1500,67,63,38454.75
51926,43,1226,68,75,38687.62
51931,43,1371,66,72,38865.44
51936,43,1383,65,67,38744.38
51942,43,1424,60,63,38809.38
51947,44,1647,61,73,38858.38
51952,44,1953,69,66,39094.69
51957,43,1725,67,71,39083.00
51962,43,1509,61,60,38955.50
51967,43,1988,66,69,39361.75
51972,43,2090,67,76,39447.25
51977,43,2082,62,64,39411.06
51982,43,1923,69,60,39315.31
51987,43,1688,69,62,39213.44
51992,43,1461,58,54,39161.81
51997,43,1541,121,63,39791.81
52003,43,1554,111,63,39622.69
52008,43,1474,95,63,39273.00
52013,43,1359,105,54,38750.62
52018,43,1380,102,76,38807.75
52023,43,1539,104,83,39048.94
52028,43,1310,100,68,38902.62
52033,43,1370,64,66,38550.62
52038,43,1172,67,73,38667.19
52043,43,1298,63,74,39216.62
52048,43,1363,67,106,39428.88
52053,43,1739,67,70,39659.81
52059,43,1583,72,1655,39431.06
52064,43,1502,77,57,38301.81
52069,43,1472,72,66,37863.62
52074,43,1376,70,61,37439.56
52079,43,1318,65,61,37019.62
52084,43,1365,64,74,37342.06
52089,43,1290,72,62,37280.31
52094,43,1396,72,55,37188.62
52099,43,1342,70,77,37133.44
52104,43,1320,68,60,37116.00
52110,43,1296,65,84,36785.06
52115,43,1189,66,61,36332.62
52120,43,1402,72,58,36533.19
52125,47,1531,66,76,37023.81
52130,48,1487,64,68,37392.38
52135,48,1445,68,57,37356.69
52140,48,1604,62,78,37519.62
52145,48,1563,62,87,37289.50
52150,48,1500,63,73,37165.19
52155,48,1447,67,71,37191.50
52160,48,1571,64,83,37267.94
52165,48,1470,62,52,36981.88
52171,48,1404,62,76,37038.94
52176,48,1314,62,232,36906.62
52181,48,1447,64,217,37473.88
52186,48,1336,62,75,37010.94
52191,48,1300,63,72,37849.06
52196,48,1407,60,63,37957.38
52201,48,1435,58,68,37933.19
52206,48,1457,61,60,37950.56
52211,48,1339,58,53,37918.81
52216,48,1436,58,64,37961.19
52222,48,1375,58,56,37804.62
52227,48,1382,62,4716,37982.62
52232,48,1605,65,2972,37182.62
52237,48,1656,65,2142,29845.75
52242,48,1684,65,2016,29746.69
52247,48,1731,66,1331,29443.12
52252,48,1630,88,1806,29338.88
52257,48,1694,88,389,29042.81
52262,48,1501,83,1625,28928.12
52268,48,1624,85,198,28000.12
52273,48,1648,87,71,27491.06
52278,48,1500,67,208,27411.06
52283,48,1431,69,73,27155.06
52288,48,1468,72,81,26737.00
52293,48,1581,70,74,26505.00
52298,48,1647,71,84,26481.00
52303,48,1373,73,71,26597.50
52308,48,1616,86,183,26538.81
52314,48,1618,77,84,26538.81
52319,48,1458,72,79,26220.75
52324,48,1669,75,64,26016.31
52329,48,1455,73,179,26169.75
52334,48,1524,70,571,26261.31
52339,48,1606,74,90,26229.31
52344,48,1489,70,64,26069.31
52349,48,1524,69,94,26226.88
52354,48,1473,74,129,26147.94
52359,48,1404,71,55,25709.25
52364,48,1380,68,41,25801.69
52370,48,1610,70,72,26206.94
52375,48,1590,74,60,26174.94
52380,48,1595,72,61,26134.94
52385,48,1603,72,71,26006.88
52390,43,1347,72,585,25822.88
52395,43,1343,75,94,25774.88
52400,43,1366,77,69,25758.88
52405,43,1388,78,77,25718.88
52410,43,1417,92,63,25486.88
52416,43,1507,77,60,25358.88
52421,43,1361,73,64,25166.88
52426,43,1319,77,61,26035.31
52431,43,1269,78,61,26002.38
52436,43,1234,76,57,26082.94
52441,43,1345,73,77,26808.38
52446,43,1263,71,65,26802.62
52451,43,1267,72,70,26803.88
52456,43,1297,74,88,26929.38
52462,43,1268,71,80,27624.81
52467,43,1304,73,165,27727.50
52472,43,1222,70,57,27663.38
52477,43,1203,74,67,27857.12
52482,43,1252,71,69,27622.62
52487,43,1422,73,73,27326.62
52492,43,1466,75,249,26361.56
52497,43,1351,72,63,25855.69
52502,43,1459,73,79,25783.69
52507,43,1522,73,61,25751.69
52513,43,1559,73,71,25727.69
52518,43,1547,73,72,25703.69
52523,43,1512,75,67,25663.69
52528,43,1462,75,57,25535.62
52533,43,1455,71,89,26123.19
52538,43,1328,70,76,25995.19
52543,43,1298,72,69,26579.88
52548,43,1307,71,62,26643.31
52553,43,1376,71,59,26692.00
52558,43,1208,70,70,26524.00
52563,43,1442,76,72,26292.00
52568,43,1459,76,67,26028.00
52574,43,1489,73,71,25940.00
52579,43,1450,73,64,25851.31
52584,43,1303,70,89,27122.19
52589,43,1207,60,236,31139.50
52594,43,1040,58,174,34281.50
52599,43,969,57,79,36010.00
52604,43,1043,56,154,38192.88
52609,43,1202,57,64,37704.62
52614,43,1238,61,4417,32537.81
52619,43,1258,61,2915,31867.12
52624,43,1330,61,109,31064.69
52629,43,1360,61,295,29936.38
52635,43,1576,62,571,29448.00
52640,43,1590,62,66,29144.00
52645,43,1519,186,68,28665.62
52650,43,1229,183,63,28289.62
52655,43,1247,61,71,27898.00
52660,43,1219,61,14,27730.06
52665,43,1324,62,171,27637.12
52670,43,1229,64,62,27469.12
52675,43,1315,62,63,27131.56
52680,43,1351,73,81,26825.38
52686,43,1423,63,62,26305.44
52691,43,1342,62,66,26289.44
52696,43,1378,62,60,26270.88
52701,43,1325,64,74,26242.88
52706,43,1301,69,62,26324.50
52711,43,1377,63,68,26324.88
52716,43,1356,62,70,26286.81
52721,43,1384,65,61,26206.12
52726,43,1205,63,101,26973.06
52731,43,1278,63,68,27027.56
52736,43,1345,65,57,26707.56
52742,43,1310,63,85,26708.00
52747,43,1192,64,63,27025.19
52752,43,1426,67,205,26915.62
52757,43,1280,65,64,27664.75
52762,43,1171,61,60,28472.00
52767,43,1139,61,60,31057.56
52772,43,1280,60,79,31055.50
52777,43,1409,61,70,31040.31
52782,43,1381,62,65,30466.12
52787,43,1289,60,60,29984.94
52792,43,1351,63,105,29979.44
52797,43,1229,60,52,30433.69
52802,43,1384,61,69,29795.62
52808,43,1385,61,66,29792.06
52813,43,1288,60,673,31332.94
52818,43,1138,58,138,32870.75
52823,43,1106,63,82,34620.81
52828,43,1073,58,14,36054.38
52833,43,1265,61,84,37295.12
52838,43,1179,55,62,38128.44
52843,43,1288,117,62,37993.88
52848,43,1234,95,66,37767.00
52853,43,1219,97,76,37375.00
52858,43,1256,98,56,37487.50
52863,43,1325,96,64,37529.00
52869,43,1145,62,63,38070.31
52874,43,1267,65,78,37862.31
52879,43,1279,65,79,37513.00
52884,43,1186,64,67,38288.19
52889,43,1305,65,77,37994.81
52894,43,1291,63,64,38494.69
52899,43,1360,65,69,38170.88
52904,43,1395,58,73,37843.88
52909,43,1244,59,57,38160.94
52914,43,1297,152,65,37986.62
52920,43,1180,106,165,37993.56
52925,43,1407,108,278,38021.56
52930,43,1302,102,59,37933.56
52935,44,1466,106,61,37943.19
52940,44,1397,105,87,37927.00
52945,44,1541,113,72,37367.00
52950,44,1359,102,63,36364.00
52955,44,1345,108,205,35128.81
52960,44,1345,108,62,34897.75
52965,44,1462,108,73,34674.94
52970,44,1360,105,63,34160.81
52976,44,1261,107,67,33878.12
52981,44,1407,109,63,34039.12
52986,44,1393,92,66,33903.50
52991,44,1502,72,190,34048.75
52996,44,1283,71,282,34153.81
53001,44,1329,73,320,34153.19
53006,44,1324,67,71,34089.19
53011,44,1380,69,69,34399.50
53016,44,1455,67,65,34488.50
53021,44,1449,92,60,34501.38
53026,44,1460,70,146,34592.31
53031,44,1332,68,63,34295.25
53036,44,1825,68,83,34206.19
53042,44,1631,70,170,34169.94
53047,44,1621,69,55,34189.25
53052,44,1640,68,72,34175.25
53057,44,1724,72,79,34125.69
53062,44,1731,73,118,34085.69
53067,44,1739,108,310,34013.69
53072,44,1768,106,59,33845.69
53078,44,1612,81,280,33880.19
53083,44,1535,99,250,33922.69
53088,44,1779,87,374,33850.69
53093,44,1742,129,140,33951.88
53098,44,1624,103,193,33888.62
53103,44,1661,149,255,34361.25
53108,44,1350,114,772,34752.00
53114,44,1534,116,130,33965.06
53119,44,1581,114,321,33697.69
53124,44,1615,163,90,33755.88
53129,44,1425,119,75,33281.50
53134,44,1575,135,66,33224.56
53139,44,1486,103,64,32969.75
53144,44,1460,102,88,32724.31
53149,44,1220,127,95,33742.75
53154,44,1432,142,71,34000.69
53159,44,1436,101,65,34028.69
53164,44,1833,145,68,34404.75
53170,44,1622,135,61,34637.25
53175,44,1436,99,64,35069.56
53180,44,1375,104,1044,35261.69
53185,44,1594,112,72,34585.75
53190,44,1500,119,64,34192.44
53195,44,1908,101,66,34085.06
53200,44,1514,123,3412,34380.38
53205,44,2080,143,2282,33684.38
53210,44,2141,157,1066,33300.38
53216,44,1975,169,218,29691.00
53221,44,1672,159,181,29576.56
53226,44,1787,208,609,29370.88
53231,44,1813,206,136,29306.94
53236,44,1742,242,51,29242.94
53241,44,1564,201,651,29186.94
53246,44,1587,243,484,29146.94
53251,44,1572,201,262,28740.25
53256,44,1555,185,907,28708.25
53262,45,2181,196,68,28636.25
53267,45,1619,154,69,28634.31
53272,45,1627,128,1470,29005.56
53277,45,1681,134,754,28949.56
53282,45,1759,95,71,28829.56
53287,45,1653,177,37,28717.56
53292,45,1417,141,176,29217.56
53297,45,1498,152,780,29294.25
53302,45,1543,151,480,29182.25
53307,45,1578,153,106,29158.25
53312,45,1602,156,201,29134.25
53318,45,1617,146,70,29030.25
53323,45,1515,136,143,28758.25
53328,45,1196,99,619,28713.75
53333,45,1357,104,243,28177.75
53338,45,1510,92,61,27561.12
53343,45,1470,74,82,27490.19
53348,45,1323,90,64,27578.88
53353,45,1323,71,110,27753.75
53358,45,1502,79,62,28024.44
53363,45,1526,75,63,28100.62
53369,45,1435,129,61,28309.75
53374,45,1523,146,67,28461.56
53379,45,1691,148,58,27981.56
53384,45,1533,135,56,27600.31
53389,45,1668,132,107,27560.31
53394,45,1515,131,82,27379.62
53399,45,1479,109,92,27397.19
53405,45,1955,136,56,27797.62
53410,45,1507,116,73,28055.19
53415,45,1441,116,364,28360.75
53420,45,1797,133,55,28320.75
53425,50,1848,93,73,28224.75
53430,45,1461,94,56,28184.75
53436,45,1465,114,404,28136.75
53441,50,1853,115,66,27808.88
53446,45,1272,115,141,27525.56
53451,50,1440,89,53,28123.00
53457,50,1589,93,65,28755.12
53462,50,1583,91,207,29201.50
53467,55,1938,84,56,29531.94
53472,50,1751,95,117,29446.19
53478,50,1698,112,1385,29182.19
53483,54,2714,113,105,29150.12
53488,45,1515,115,514,29062.12
53493,45,1405,120,313,28871.38
53498,45,1490,125,86,28775.38
53503,46,1673,120,61,28639.38
53509,46,1551,102,64,28599.38
53514,46,1485,104,276,28487.38
53519,55,2587,127,58,28343.38
53525,46,1517,94,60,28026.12
53530,46,1447,93,66,28530.25
53535,46,1434,97,183,28675.12
53540,46,2236,126,303,28435.12
53545,46,1852,128,115,28299.12
53551,46,1916,134,137,27971.12
53556,46,1805,104,245,27590.00
53561,46,1837,131,65,27558.00
53566,46,1746,92,58,27164.75
53571,46,1715,92,235,27108.75
53577,46,1784,94,292,27129.19
53582,47,2156,90,58,26927.94
53587,47,2023,97,191,26930.06
53592,47,1676,66,176,26878.44
53598,47,1650,61,57,26918.62
53603,47,1617,66,568,27141.44
53608,47,1668,69,380,27082.56
53613,47,1705,69,335,27066.56
53618,47,1542,69,182,27197.06
53623,47,1980,84,196,27141.56
53629,47,1797,85,56,27319.75
53634,47,1640,92,180,27473.94
53639,47,1520,69,59,27211.25
53644,47,1320,62,61,27041.31
53649,47,1443,66,223,27131.88
53655,47,1345,66,227,27051.88
53660,47,1421,70,323,27011.88
53665,47,1367,66,148,27005.25
53670,47,1435,67,55,26901.25
53675,46,1568,77,223,26813.25
53681,46,1555,87,60,26693.25
53686,45,1422,85,57,26983.75
53691,45,1356,187,60,28005.44
53696,46,1563,247,130,29259.75
53701,45,1699,259,57,29457.31
53706,45,1887,95,220,29281.12
53712,46,1854,92,54,29208.69
53717,46,1766,88,48,29268.44
53722,46,1712,94,59,29342.25
53727,46,1771,87,56,29418.25
53732,46,1640,87,458,29545.19
53738,46,1663,85,64,29479.56
53743,46,1887,79,60,29610.69
53748,46,1990,87,107,29638.00
53754,46,1687,87,56,29555.00
53759,46,1703,90,103,29555.81
53764,46,1886,92,328,29708.31
53769,46,2106,84,65,29492.31
53774,46,2275,114,59,29356.31
53779,46,1889,95,78,29704.38
53784,46,1449,63,73,30769.31
53790,46,1371,76,65,33277.81
53795,46,1467,79,59,33933.81
53801,46,1699,103,519,33620.69
53806,46,1478,81,94,33388.62
53811,46,1444,83,34,33733.25
53816,46,1479,83,1125,33836.19
53822,45,1517,92,75,32535.12
53827,45,1598,76,63,32479.06
53832,45,1655,81,329,32489.06
53837,45,1722,83,105,32613.75
53842,45,1855,73,67,32909.19
53848,45,1751,77,66,33728.44
53853,45,2216,86,218,33744.50
53858,45,2498,94,65,33576.50
53863,45,1928,79,63,33408.50
53868,45,1700,102,59,33405.75
53873,45,1769,77,64,33754.81
53878,45,1601,80,1561,34044.62
53883,45,2016,117,61,33340.62
53889,45,1941,111,64,32787.94
53894,45,1981,113,65,32723.94
53899,45,1855,107,69,32643.94
53904,45,1814,92,69,32595.69
53909,45,1832,94,95,32563.88
53914,45,1789,100,86,32548.81
53919,45,1926,98,66,32557.19
53924,45,1946,97,71,32560.81
53929,45,1868,110,175,32513.56
53934,45,1817,110,58,32686.50
53939,45,1866,111,72,32346.69
53944,45,1306,76,45,32666.12
53949,45,1213,50,65,34958.31
53955,45,1177,48,83,37145.75
53960,45,1194,47,107,38598.12
53965,45,1910,58,58,38924.06
53970,45,1548,52,64,38875.38
53975,45,1575,54,67,38709.50
53980,45,1695,54,89,37882.06
53985,45,1322,54,57,37682.19
53991,45,1393,54,53,38550.94
53996,45,1395,52,60,38018.50
54001,45,1505,65,916,38487.19
54006,45,1609,92,129,37326.38
54011,45,1594,72,56,37504.12
54017,45,1626,73,65,37505.50
54022,45,1630,76,298,37675.56
54027,45,1691,71,55,37579.62
54032,45,1537,72,327,37593.31
54037,45,2310,112,225,38108.69
54042,45,2213,106,65,38340.81
54047,45,2082,85,54,38274.31
54052,45,1763,82,298,38017.62
54057,45,1785,97,278,38164.31
54063,45,1626,80,301,37575.56
54068,45,1681,83,65,37547.94
54073,45,1615,78,77,37485.88
54078,45,1626,81,69,37326.81
54083,45,1537,75,65,37240.75
54088,45,1530,70,69,37048.06
54093,45,1558,69,246,37258.00
54098,45,1547,67,72,37051.81
54103,45,1411,69,56,37619.94
54109,45,1421,68,67,37476.25
54114,45,1565,68,70,37757.19
54119,45,1482,64,62,37746.81
54124,45,1643,70,60,37674.00
54129,45,1569,66,61,37716.50
54134,45,1551,65,73,37525.44
54139,45,1639,66,602,37747.31
54144,45,1730,64,73,37056.25
54149,45,1573,62,139,37663.31
54154,45,1566,67,54,37037.12
54160,45,1659,71,60,37679.19
54165,45,2053,78,56,37549.75
54170,45,1518,73,72,38004.75
54175,45,1588,68,78,37888.81
54180,45,1394,67,276,37344.81
54185,45,1349,68,793,38620.19
54191,45,1718,69,73,38332.19
54196,45,1591,70,62,37812.12
54201,32,954,47,60,38053.56
54206,39,1624,50,1266,37733.56
54211,39,1638,71,69,37365.56
54216,39,1511,56,64,37263.19
54221,39,1508,52,159,37541.06
54226,39,1916,96,164,37437.06
54231,39,1582,70,191,37556.31
54236,39,1763,67,114,37372.31
54241,39,1828,71,68,37332.31
54246,39,1668,121,64,37381.00
54251,39,1608,103,114,37391.69
54256,39,1742,111,67,37247.69
54262,39,1769,111,64,37199.69
54267,39,1661,111,215,36677.81
54272,39,1716,112,114,36677.75
54277,39,1734,114,61,36645.75
54282,39,2357,132,61,36477.75
54287,39,1866,110,70,36461.94
54292,39,1725,106,67,36453.94
54297,39,1809,110,64,36373.94
54302,39,1775,108,65,36399.75
54307,39,1794,108,66,36383.75
54312,39,1733,115,61,36273.69
54318,39,1683,73,61,36232.69
54323,39,1622,73,64,36192.69
54328,39,1660,69,69,36176.69
54333,39,1635,69,108,36230.25
54338,39,1663,76,248,36304.62
54343,39,1769,68,65,36296.62
54349,39,1703,67,189,36272.62
54354,39,1689,73,120,36394.69
54359,39,1660,72,217,36405.12
54364,39,1680,73,123,36397.12
54369,39,1632,74,447,36442.12
54374,39,1711,73,62,36453.38
54379,40,1611,66,61,36583.94
54385,40,1607,54,76,36535.94
54390,40,1711,57,215,36479.94
54395,40,2124,133,67,36513.94
54400,40,1624,91,241,36485.38
54405,40,1570,89,323,36565.50
54410,40,1725,90,66,36655.38
54415,40,1690,87,66,36631.38
54421,40,1593,92,70,36637.44
54426,40,1852,93,68,36637.44
54431,40,1669,91,220,36621.44
54436,40,1644,92,294,36621.44
54441,40,1795,92,73,36589.44
54446,40,1761,87,68,36397.44
54451,40,1729,87,68,36053.00
54456,40,1808,93,67,35922.56
54461,40,1618,91,66,35966.69
54466,40,1716,86,104,36041.19
54471,40,1749,87,43,36052.19
54476,40,1601,152,66,36135.44
54482,40,1622,102,69,36346.88
54487,40,1472,119,52,36243.31
54492,40,1652,117,156,36050.88
54497,40,1436,114,68,35908.62
54502,40,1527,116,152,36239.81
54507,40,1503,114,56,35849.00
54512,40,1501,117,64,35991.12
54517,40,1539,177,83,36073.31
54523,40,1577,117,85,35975.19
54528,40,1453,118,72,35989.62
54533,40,1474,137,123,36071.81
54538,41,1418,64,85,36064.50
54543,41,1617,68,195,36139.12
54548,41,1352,52,227,36865.75
54553,41,1386,51,78,37468.81
54558,41,1390,55,186,37163.88
54564,41,1302,53,243,37398.88
54569,41,1336,54,78,37607.50
54574,46,1738,54,61,37816.75
54579,46,1559,55,70,37846.25
54584,46,1692,53,88,38235.81
54589,46,1587,56,375,38326.38
54594,46,1578,53,83,37909.06
54600,46,1632,53,80,38171.00
54605,46,1655,51,256,38386.88
54610,46,1623,53,54,38364.56
54615,46,1584,53,50,37944.62
54621,46,1563,55,62,37932.88
54626,46,1620,53,74,38466.81
54631,51,1884,64,80,39082.62
54636,51,1840,59,71,38762.62
54641,46,1621,127,64,38578.62
54646,46,1484,95,127,38498.62
54651,46,1544,91,59,38410.62
54656,46,1512,92,65,38346.62
54662,46,1654,89,69,38263.81
54667,46,1544,90,60,38199.81
54672,46,1541,90,70,37808.12
54677,46,1573,85,60,37468.56
54682,46,1412,97,71,37465.88
54687,46,1448,105,68,37999.31
54692,46,1429,148,83,37886.62
54698,46,1310,105,58,37694.62
54703,46,1485,166,66,38155.06
54708,46,1349,121,54,37915.06
54713,46,1369,120,54,37996.19
54718,46,1352,121,80,38223.00
54723,46,1461,119,119,38091.19
54728,46,1266,171,54,37899.19
54734,46,1403,112,193,38456.00
54739,46,1365,189,58,38382.44
54744,46,1294,85,82,38014.44
54749,41,1110,85,59,38018.94
54754,41,1278,89,313,38079.62
54760,41,1263,91,439,38118.06
54765,41,1335,89,62,37846.62
54770,41,1209,130,351,37787.12
54775,41,1607,150,60,37749.00
54780,41,1274,99,71,37901.56
54785,41,1375,101,118,37842.50
54790,41,1357,100,59,37700.31
54796,41,1407,90,142,37772.94
54801,41,1290,107,208,37652.56
54806,41,1186,111,78,37657.75
54811,41,1292,113,14,38067.88
54816,41,1294,112,84,38124.81
54821,41,1263,73,58,37892.81
54826,41,1104,123,118,37947.19
54831,41,1046,110,300,37980.56
54836,41,1052,106,72,37596.44
54841,41,1072,108,62,37773.44
54847,41,1181,181,374,38036.25
54852,41,984,139,73,37866.81
54857,41,1093,122,72,37623.12
54862,41,962,112,59,37685.81
54867,41,1109,109,56,38183.06
54872,41,1184,144,160,38140.75
54877,41,1103,84,63,37794.25
54882,41,1013,131,73,38067.44
54887,41,1065,116,63,37943.31
54893,41,1274,115,71,38190.94
54898,41,1385,117,81,38253.19
54903,41,1286,79,62,37951.88
54908,41,1384,81,87,37969.12
54913,41,1205,73,65,37948.38
54918,41,1421,81,67,38135.56
54923,46,1598,111,62,38661.75
54928,41,1349,90,54,38419.50
54933,50,2310,91,73,38671.25
54938,41,1309,93,241,38452.50
54944,50,2227,90,62,38827.00
54949,41,1220,127,465,38821.94
54954,41,1322,127,112,37767.50
54959,41,1346,112,60,37464.81
54964,41,1397,121,66,37614.19
54969,41,1450,149,91,37813.25
54974,41,1180,113,63,37558.19
54979,41,1308,115,178,37805.19
54984,41,1220,113,149,37902.62
54989,41,1256,145,331,37700.88
54994,41,1330,121,164,37875.50
55000,41,1269,122,64,37878.81
55005,41,1326,127,72,37750.81
55010,41,1341,121,68,37667.88
55015,41,1347,80,201,37618.50
55020,41,1228,77,65,37480.31
55025,41,1351,76,93,37365.06
55030,41,1241,107,67,37593.62
55035,41,1184,81,172,37491.88
55040,41,1129,80,54,37295.44
55045,41,1300,80,61,37629.44
55050,41,1205,81,62,37450.25
55056,41,1193,79,121,37270.06
55061,41,1319,82,63,37539.50
55066,41,1159,83,75,37328.50
55071,41,1196,83,57,37641.25
55076,41,1259,84,88,36988.06
55081,41,1338,79,76,37186.62
55086,41,1270,84,87,37090.69
55091,46,1593,81,66,37803.25
55096,41,1194,75,176,37620.50
55101,41,1212,76,221,37593.25
55106,41,1053,65,70,36972.31
55112,41,1067,69,195,37686.38
55117,41,1208,592,77,37690.69
55122,41,1209,92,64,37400.75
55127,41,1161,90,244,37323.31
55132,41,1214,90,229,37287.12
55137,41,1217,89,119,37295.00
55142,41,1196,86,178,37388.69
55147,41,1269,91,51,37144.19
55153,41,1238,87,97,37371.50
55158,41,1185,83,82,37179.00
55163,41,1215,85,197,37443.62
55168,41,1143,71,37,37656.56
55173,41,1140,71,113,38462.81
55178,41,1180,71,57,38464.25
55183,41,931,60,83,38666.00
55188,41,1080,64,207,38381.12
55193,41,1008,61,67,38135.00
55199,41,1060,59,74,38333.12
55204,41,1079,58,64,38538.38
55209,41,1154,60,70,38229.06
55214,41,1130,65,92,38269.00
55219,41,1168,59,71,38208.12
55224,41,1092,59,62,38200.88
55229,41,929,57,576,38499.06
55234,41,1139,82,52,38385.38
55239,41,1087,68,62,38376.44
55244,41,1335,82,70,38564.44
55249,41,1224,82,72,38296.19
55255,41,1427,85,88,38639.12
55260,41,1307,84,57,38546.19
55265,41,1349,85,87,38444.06
55270,41,1181,85,59,38586.62
55275,41,1253,64,136,38326.44
55280,41,1442,64,61,38311.88
55285,41,1253,60,64,38247.81
55290,41,1351,61,66,38458.06
55295,41,1304,60,132,38197.56
55300,41,1096,58,14,37942.00
55306,41,1546,127,429,38854.00
55311,41,1564,127,3472,38574.00
55316,41,1580,127,2514,35815.81
55321,41,1618,127,1541,35618.44
55326,41,1644,127,1041,35442.44
55331,41,1657,130,580,35242.44
55336,41,1672,130,65,35033.75
55341,41,1675,130,68,34874.56
55346,41,1619,126,71,34410.56
55351,41,1708,126,78,34058.06
55356,41,1520,95,75,33921.88
55362,41,1484,97,58,33785.88
55367,41,1505,91,57,33601.88
55372,41,1262,82,81,33620.94
55377,41,1301,82,210,33524.94
55382,41,1141,81,244,33944.56
55387,41,1209,81,274,34093.56
55392,41,1168,82,198,34158.56
55397,41,1080,69,119,34096.12
55402,41,1068,69,174,34168.38
55407,41,1112,90,61,34142.44
55412,41,1130,71,61,33749.12
55418,42,1728,117,67,33539.38
55423,42,1273,71,82,33564.69
55428,42,1192,57,64,33652.69
55433,42,1295,58,136,33844.81
55438,42,1169,54,231,33938.56
55443,42,1229,56,70,33785.69
55448,42,1097,57,243,33645.56
55453,42,1011,56,389,33673.06
55458,42,1156,57,67,33461.88
55463,42,1179,57,64,33585.12
55469,42,1060,53,69,33334.56
55474,42,1110,56,81,32907.38
55479,42,1034,51,68,32921.19
55484,42,1232,57,60,32737.75
55489,42,1193,101,55,32833.50
55494,42,974,61,70,32792.00
55499,42,1003,60,62,32456.12
55504,42,1131,56,187,32419.81
55509,42,1195,62,59,32472.62
55514,42,991,57,69,32276.62
55520,42,1239,67,76,32461.94
55525,42,1112,62,66,32419.31
55530,42,910,50,56,32198.69
55535,42,1127,89,4894,30166.75
55540,42,1229,92,3430,29620.75
55545,42,1251,132,1634,29500.75
55550,42,1266,132,389,28385.44
55555,42,1248,98,68,27980.69
55560,42,1292,130,77,26962.94
55565,42,1246,114,66,26916.69
55570,42,1259,110,217,26796.31
55575,42,1314,111,81,26716.31
55581,42,1342,111,601,26692.31
55586,42,1351,110,88,26660.31
55591,42,1357,110,382,26540.31
55596,42,1361,110,320,26532.31
55601,42,1382,110,176,26532.31
55606,42,1385,112,271,26516.31
55611,42,1389,112,173,26492.31
55616,42,1328,104,70,26452.31
55621,42,1143,97,170,26428.31
55626,42,1244,91,63,26124.31
55631,42,1207,81,327,25211.69
55636,42,1133,82,81,24812.62
55641,42,993,75,74,24732.31
55647,42,1183,76,62,24620.31
55652,42,1160,76,94,24806.50
55657,42,1180,73,66,24996.06
55662,42,1243,76,63,24924.06
55667,42,1233,76,63,24868.06
55672,42,1131,75,77,24772.06
55677,42,1183,97,73,24764.06
55682,42,1246,96,63,24756.06
55687,42,1261,96,149,24740.06
55692,42,1271,95,74,24732.06
55697,42,1259,79,72,24676.06
55703,42,1015,76,64,24572.00
55708,42,1127,78,135,25192.12
55713,42,1039,72,56,25064.12
55718,42,1006,70,258,24869.94
55723,42,1062,71,217,25439.75
55728,42,1125,100,64,25423.75
55733,42,1145,96,418,25415.75
55738,42,1114,79,368,25359.69
55743,42,1172,77,70,25382.38
55748,42,1089,70,47,29413.12
55753,42,994,67,6087,31665.69
55759,42,1133,70,4302,28665.06
55764,42,1182,95,2844,28377.00
55769,42,1205,95,2675,28153.00
55774,42,1225,95,2248,27889.38
55779,42,1268,95,815,27488.62
55784,42,1292,101,220,27288.56
55789,42,1048,69,69,26952.50
55794,42,1177,75,1143,26669.00
55799,42,1219,75,1927,26629.00
55804,42,1303,89,223,26597.00
55809,42,1332,89,1636,26565.00
55814,42,1350,91,1448,26533.00
55819,42,1359,91,673,26429.00
55824,42,1171,87,69,26213.00
55830,42,1133,88,63,26068.94
55835,42,1171,74,882,26520.31
55840,42,1253,75,739,26376.31
55845,42,1073,87,69,26296.31
55850,42,933,80,64,26051.44
55855,42,1143,103,950,26055.62
55860,42,1191,103,362,25991.62
55865,42,1251,103,214,25975.62
55870,42,1279,103,144,25967.62
55875,42,1311,104,64,25745.00
55880,42,1325,98,74,25697.00
55885,42,1234,87,60,25545.00
55890,42,1129,80,67,25337.00
55896,42,1084,83,62,25273.00
55901,42,1138,79,76,25492.75
55906,42,1055,75,59,25506.56
55911,42,1146,73,984,25565.94
55916,42,1171,73,103,25533.94
55921,42,1221,73,248,25461.94
55926,42,1263,76,220,25437.94
55931,42,1285,76,178,25429.94
55936,42,1095,122,92,25077.44
55941,42,1255,104,67,25053.44
55946,42,1133,91,360,25013.44
55952,42,1099,91,310,25564.56
55957,42,1106,90,335,25549.56
55962,42,1131,93,63,25556.56
55967,42,1085,77,174,25531.06
55972,42,1108,73,77,25596.75
55977,42,1074,55,64,26716.25
55982,42,912,53,45,28919.06
55987,42,1045,51,61,32314.19
55992,42,1072,97,282,34755.25
55997,42,886,64,57,37538.06
56003,42,1011,68,79,37388.75
56008,42,1076,64,69,37421.56
56013,42,933,64,166,37278.56
56018,42,1077,64,55,37017.12
56023,42,1083,63,66,37327.81
56029,42,1018,89,59,37056.62
56034,42,945,74,62,36604.62
56039,42,845,67,91,37491.44
56044,42,1080,73,58,36817.38
56049,42,1000,73,58,36659.50
56054,42,941,89,409,36945.44
56059,42,1024,62,63,36643.44
56064,42,824,62,60,37227.56
56069,42,809,60,58,38361.25
56074,42,862,75,1015,38433.75
56079,42,1112,90,73,37964.75
56084,42,1133,74,67,37772.75
56090,42,971,73,416,37912.88
56095,42,1062,73,59,37768.88
56100,42,1031,66,62,37840.50
56105,42,1089,73,291,37803.94
56110,42,1101,71,71,37699.94
56115,42,1017,77,75,37206.69
56120,42,998,62,64,36925.38
56125,42,901,54,58,36687.38
56130,42,1015,55,59,37116.75
56135,42,1050,153,65,37322.19
56140,42,994,66,66,37182.31
56145,42,1013,69,68,37016.62
56150,42,1012,68,64,37061.75
56156,42,1053,71,69,37145.56
56161,42,1064,67,60,37094.06
56166,42,1111,67,66,37041.50
56171,42,1033,67,54,37032.88
56176,42,983,56,56,37268.44
56181,42,916,58,64,37096.94
56186,42,1091,55,101,37197.88
56191,42,1118,55,70,37043.69
56196,42,1106,54,64,36805.31
56201,42,1040,55,67,36610.81
56206,42,844,53,27,35973.94
56211,42,1031,80,136,36796.31
56217,42,1057,79,4762,37474.19
56222,42,1112,79,4663,35611.31
56227,42,1190,79,3244,35419.25
56232,42,1207,98,3317,35235.25
56237,42,1220,113,2035,34991.81
56242,42,1234,112,939,34933.81
56247,42,1259,123,2432,34733.81
56252,42,1267,123,1907,34493.81
56257,42,1282,123,1396,34285.81
56262,42,1299,123,1297,34229.81
56267,42,1330,123,798,34059.69
56272,42,1332,123,1049,33907.69
56277,42,1338,123,324,33747.69
56283,42,1340,123,62,33563.69
56288,42,1341,123,204,33539.69
56293,42,1342,123,115,33523.69
56298,42,1344,123,251,33491.69
56303,42,1346,123,98,33491.69
56308,42,1351,123,152,33395.69
56313,42,1362,123,72,33331.69
56318,42,1362,124,69,32945.19
56323,42,1250,98,198,32393.12
56328,42,937,82,56,31813.94
56333,42,1070,77,68,31613.94
56338,42,1060,76,62,31485.94
56343,42,1142,77,62,31453.94
56349,42,1148,77,62,30836.19
56354,42,1029,74,78,30705.56
56359,42,1135,83,440,30497.44
56364,42,1048,77,62,30377.38
56369,42,927,74,73,30194.25
56374,42,1076,77,74,30029.25
56379,42,1021,73,71,30558.00
56384,42,1036,61,50,30855.06
56389,42,1248,71,147,30743.06
56394,42,1172,67,60,30455.06
56399,42,1182,65,695,30379.00
56404,42,1085,66,56,30203.00
56410,42,1526,68,215,29883.88
56415,42,1986,64,70,29416.50
56420,42,1453,68,62,29400.50
56425,42,1718,95,66,29200.50
56430,42,1674,84,57,29184.50
56435,42,1532,68,61,29088.50
56440,42,1504,72,413,29072.50
56445,42,1630,75,278,29072.50
56450,42,1538,77,64,29056.50
56455,42,1519,74,53,29056.50
56460,42,1779,68,62,28603.56
56465,42,2115,71,59,28759.31
56471,42,1603,68,67,28743.31
56476,42,1673,67,60,28698.06
56481,42,1398,69,666,29064.50
56486,42,1675,72,315,29024.50
56491,42,1529,71,60,28880.50
56496,42,1575,68,65,28848.50
56501,42,1481,66,59,28832.50
56506,42,1383,56,106,28824.50
56511,42,1582,62,142,28792.50
56516,42,1599,60,85,28784.50
56521,42,1488,61,299,28776.50
56527,42,1512,61,49,28760.50
56532,42,1412,61,180,28760.50
56537,42,1703,55,190,28872.25
56542,42,1555,53,70,28853.44
56547,42,1799,59,123,29083.88
56552,42,1808,59,65,29091.88
56557,42,1898,60,133,29083.88
56562,42,1865,62,83,29067.88
56567,42,1485,70,67,29230.25
56573,42,1403,65,74,29573.56
56578,42,1571,79,79,29764.44
56583,42,1692,63,69,29447.44
56588,42,1903,67,24,29467.56
56593,42,1374,61,55,29622.31
56598,42,1339,84,1180,29743.44
56603,42,1545,97,695,29711.44
56608,42,2051,75,74,29663.38
56613,42,1492,68,63,29887.06
56618,42,1767,85,1383,30162.19
56623,42,1487,90,67,30138.19
56629,42,1591,95,1039,30114.19
56634,42,1615,98,453,30106.19
56639,42,1637,102,151,30074.19
56644,42,1688,80,339,30026.19
56649,42,1757,81,295,30011.38
56654,42,2097,95,299,29995.38
56659,42,2101,97,303,29995.38
56664,42,1453,77,101,29859.38
56669,42,1495,81,118,29851.38
56674,42,1584,82,557,29539.38
56679,42,1621,79,64,29195.38
56684,42,1572,83,301,28866.00
56690,42,1442,78,71,28770.06
56695,42,2297,81,61,28666.06
56700,42,1554,82,45,28250.06
56705,42,1366,74,62,28587.06
56710,42,2081,80,73,28587.06
56715,42,2096,81,81,28587.06
56720,42,1994,84,88,28587.06
56725,42,1966,85,56,28587.06
56730,42,1685,85,104,28571.06
56735,42,1704,85,67,28571.06
56740,42,1739,85,119,28555.06
56746,42,1671,85,66,28219.06
56751,42,1520,84,69,27576.06
56756,42,2061,76,64,27686.44
56761,42,1587,77,65,27440.44
56766,42,1874,76,61,27578.62
56771,42,1897,80,68,27656.50
56776,42,1738,81,61,27624.50
56781,42,1687,83,162,27328.50
56786,42,1616,83,68,27088.50
56791,42,1372,76,42,26806.44
56796,42,1501,77,80,26911.75
56802,42,1610,84,67,26887.75
56807,42,1627,82,61,26671.75
56812,42,1405,82,224,26639.75
56817,42,1730,82,76,26535.75
56822,42,1973,76,63,26479.75
56827,42,1923,67,62,26399.75
56832,42,1929,66,77,26359.75
56837,42,1845,67,61,26138.38
56842,42,1956,65,62,26084.88
56847,42,1971,70,59,25857.00
56852,42,1578,52,82,27361.06
56857,42,1598,51,173,29282.31
56863,42,2173,52,64,29054.62
56868,42,1926,51,49,28884.88
56873,42,1454,52,88,29236.62
56878,42,1500,53,100,28722.06
56883,42,1812,53,77,28831.62
56888,42,1314,50,50,29052.75
56893,42,1209,44,217,33153.88
56898,42,1428,48,72,34776.12
56903,42,1465,50,123,34889.88
56908,42,1619,52,68,35256.44
56914,42,1675,45,69,34922.44
56919,42,1730,48,65,35359.12
56924,42,1713,46,74,35124.56
56929,42,1860,53,102,35045.69
56934,42,1558,48,69,34915.44
56939,42,1404,46,87,34573.62
56944,42,1494,45,54,34307.81
56949,42,1624,48,66,34462.12
56954,42,1661,50,52,34585.19
56959,42,1536,52,69,34826.31
56964,42,1359,46,68,34697.25
56970,42,1270,44,76,34646.25
56975,42,1665,134,66,34877.75
56980,42,1331,205,60,34802.81
56985,42,1452,45,75,34409.38
56990,42,1603,46,63,34569.75
56995,42,1454,47,64,34396.88
57000,42,1475,48,429,35454.69
57005,42,1701,51,98,34795.50
57010,42,1637,47,102,35245.50
57015,42,1524,47,56,35560.12
57021,42,1592,54,78,35208.06
57026,42,1531,53,68,34888.12
57031,42,1556,50,88,34878.88
57036,42,1595,50,63,34916.38
57041,42,1409,47,81,35081.69
57046,42,1488,52,79,34930.56
57051,42,1945,49,58,35129.38
57056,42,1825,48,67,34829.69
57061,42,1323,52,56,34612.94
57066,42,1677,47,69,34563.25
57071,42,1598,48,68,34595.50
57076,42,1370,48,68,34361.75
57081,42,1454,53,69,34375.44
57086,42,1656,48,60,34396.25
57092,42,1455,47,70,34337.31
57097,42,1388,47,87,34174.12
57102,42,1687,48,73,34548.19
57107,42,1506,47,66,34555.88
57112,42,1375,50,66,34509.12
57117,42,1613,48,90,34377.44
57122,42,1690,47,62,34605.69
57127,42,1703,77,70,34564.75
57132,42,1578,56,68,34344.31
57137,42,1553,56,76,34337.12
57142,42,1687,59,96,34801.69
57147,42,1760,59,79,34825.56
57153,42,1590,57,63,34862.75
57158,42,1760,57,63,34715.69
57163,42,1765,61,66,35177.94
57168,42,1706,62,68,34985.31
57173,42,1657,59,63,35028.06
57178,42,1819,60,75,35162.12
57183,42,1612,58,63,35134.56
57188,42,1752,58,63,34921.00
57193,42,1544,57,64,34793.88
57198,42,1499,58,89,34623.31
57203,42,1305,59,69,34550.12
57208,42,1462,61,120,34480.19
57213,42,1392,47,101,34502.56
57218,42,1630,55,67,34892.06
57224,42,1655,47,54,34664.69
57229,42,1782,50,64,34702.38
57234,42,1808,53,75,34712.44
57239,42,1737,48,85,34734.44
57244,42,1423,47,64,34532.19
57249,42,1614,47,62,34680.31
57254,42,1554,52,57,34549.12
57259,42,1478,47,154,36329.56
57264,42,1274,47,69,37141.94
57269,42,1407,51,77,38128.12
57274,42,1424,50,15,37593.00
57279,42,1510,48,59,38308.62
57285,42,1533,51,87,37536.00
57290,42,1684,53,71,37509.81
57295,42,1954,48,65,37154.81
57300,42,1883,50,85,37390.69
57305,42,1555,48,66,37924.44
57310,42,1598,49,58,37215.62
57315,42,1567,54,94,37063.31
57320,42,1585,52,67,37141.12
57325,42,1503,47,64,36860.69
57330,42,1473,50,99,36860.88
57336,42,1534,50,76,37101.88
57341,42,1516,57,59,37200.88
57346,42,1542,57,84,37126.62
57351,42,1520,58,97,37357.81
57356,42,1580,57,118,37367.69
57361,42,1702,55,152,37419.94
57366,42,1872,49,63,37054.50
57371,42,1621,50,57,37157.38
57376,42,1659,50,58,37101.94
57381,42,1640,51,78,37208.75
57386,42,1765,49,60,37155.75
57391,42,1462,49,61,36993.94
57396,42,1858,50,60,37512.19
57401,42,1987,50,79,37562.06
57407,42,1925,49,63,37412.19
57412,42,1672,56,61,37372.81
57417,42,1697,56,86,37377.00
57422,42,1772,52,64,37399.88
57427,42,1637,49,68,37227.88
57432,42,1765,49,67,37412.44
57437,42,1651,50,94,37361.94
57442,42,1577,52,59,37422.69
57447,42,1514,50,59,37466.88
57452,42,1512,54,62,37423.94
57457,42,1892,50,98,37603.31
57462,42,1796,49,63,37516.38
57467,42,1765,51,58,37459.69
57473,42,1767,51,61,37552.69
57478,42,1643,53,66,38741.75
57483,42,1858,50,71,37892.12
57488,42,1701,50,54,37708.88
57493,42,1721,50,60,37528.94
57498,42,1766,50,145,37651.62
57503,42,1794,55,70,38016.19
57508,42,1716,52,69,37822.50
57513,42,1536,50,127,37953.50
57518,42,1650,50,71,38047.94
57524,42,1576,55,59,38239.00
57529,42,1590,58,107,37879.12
57534,42,1776,56,59,37793.69
57539,42,1655,48,60,37628.06
57544,42,1589,49,57,37588.50
57549,42,1654,47,64,37366.31
57554,42,1691,50,78,37258.62
57560,42,1348,51,34,36832.44
57565,42,1730,47,63,37495.12
57570,42,1616,49,56,37352.00
57575,42,1567,49,77,37564.31
57580,42,1761,54,61,37692.25
57585,42,1629,52,71,37427.69
57590,42,1623,51,64,37531.44
57595,42,1522,54,86,37606.00
57600,42,1477,54,66,37658.25
57605,42,1780,53,70,37789.56
57610,42,1936,47,63,37868.50
57616,42,1756,50,86,37660.25
57621,42,1473,56,86,37559.62
57626,42,1697,49,79,37652.81
57631,42,1470,50,129,37516.44
57636,42,1654,50,93,37498.62
57641,42,1513,49,63,37381.38
57646,42,1634,50,77,37253.12
57651,42,1704,52,94,37364.62
57656,42,1603,56,204,37547.88
57661,42,1719,50,64,37458.12
57666,42,1633,49,120,37336.81
57671,42,1584,50,87,37312.69
57676,42,1644,50,134,37588.38
57682,42,2070,51,111,37772.94
57687,42,1773,52,59,37531.62
57692,42,1650,50,82,37550.25
57697,42,1610,49,63,37272.75
57702,42,1686,54,100,37605.19
57707,42,1657,51,68,37485.50
57712,42,1718,55,66,37374.06
57717,42,1604,50,76,37320.25
57722,42,1525,49,66,37114.25
57727,42,1740,50,65,37427.50
57732,42,1916,55,70,37698.31
57737,42,1983,49,70,37644.50
57742,42,1592,52,84,37606.12
57748,42,1691,49,79,37622.81
57753,42,1681,49,57,38111.12
57758,42,1619,50,88,37909.88
57763,42,1926,55,67,37761.31
57768,42,1938,50,101,37696.69
57773,42,1605,52,102,37694.12
57778,42,1611,52,126,37757.88
57783,42,1505,50,61,37498.19
57788,42,1567,50,72,37524.38
57793,42,1472,49,65,37310.12
57798,42,1400,50,73,37211.62
57803,42,1371,51,60,37292.19
57809,42,1548,50,60,37377.62
57814,42,1513,53,73,37443.00
57819,42,1561,50,76,37422.50
57824,42,1326,50,58,37300.50
57829,42,1225,48,60,37225.12
57834,42,1241,170,70,37681.75
57839,42,1034,145,68,37414.94
57845,42,1295,48,66,37324.75
57850,42,1245,47,94,37604.69
57855,42,1282,52,73,37439.81
57860,42,1163,52,120,37376.25
57865,42,1236,50,62,37632.69
57870,42,1281,58,60,37538.81
57875,42,1263,50,62,37488.19
57880,42,1308,48,80,37575.38
57885,42,1273,49,73,37526.12
57890,42,1177,46,63,37036.38
57895,42,1196,52,14,36831.00
57901,42,1202,46,65,37077.75
57906,42,1289,50,78,37142.12
57911,42,1198,50,64,36957.31
57916,42,1267,50,67,36994.75
57921,42,1171,50,58,36898.06
57926,42,1257,51,61,37270.81
57931,42,1209,50,64,37164.31
57936,42,1308,50,70,37113.31
57941,42,1279,50,77,37369.94
57946,42,1296,50,89,37215.19
57951,42,1236,54,109,37203.62
57956,42,1255,56,56,37106.25
57962,42,1220,50,58,37015.00
57967,42,1293,49,59,37076.44
57972,42,1301,50,75,37309.75
57977,42,1259,50,58,37177.25
57982,42,1150,49,69,37049.69
57987,42,1191,50,78,37023.50
57992,42,1068,50,15,36851.19
57997,42,1269,50,84,37115.00
58002,42,1209,50,69,37129.75
58007,42,1230,49,62,36986.06
58012,42,1207,51,72,37652.88
58017,42,1264,54,572,38253.75
58023,42,1148,53,71,37385.31
58028,42,1318,54,272,37618.19
58033,42,1240,54,61,37578.81
58038,42,1192,49,61,38125.94
58043,42,1092,56,242,37824.31
58048,42,1177,61,78,37852.81
58053,42,1238,66,65,37697.94
58058,42,1206,56,61,37609.12
58063,42,1133,55,169,37605.75
58068,42,1190,53,528,37672.94
58073,42,1234,58,466,37898.81
58079,42,1270,55,84,37579.69
58084,42,1268,57,53,37690.06
58089,42,1346,62,177,37606.94
58094,42,1458,58,71,37630.12
58099,42,1402,53,489,38192.25
58104,42,1208,51,59,37724.44
58109,42,1339,58,121,37771.69
58114,42,1588,54,67,37432.12
58120,42,1356,58,63,37524.25
58125,42,1373,53,58,37861.38
58130,42,1691,62,63,37537.44
58135,42,1524,65,62,38026.62
58140,42,1362,61,61,37831.62
58145,42,1392,55,69,37913.69
58150,42,1350,59,74,38300.06
58156,42,1550,62,174,38335.12
58161,42,1636,51,70,38138.75
58166,42,1401,59,58,38579.31
58171,42,1620,63,154,38346.69
58176,42,1804,57,435,38320.81
58181,42,1371,58,404,38396.81
58186,42,1539,66,65,37836.06
58191,42,1507,62,59,37749.25
58196,42,1494,96,78,37717.75
58202,42,1562,67,66,37815.38
58207,42,1475,63,69,37914.50
58212,42,1435,106,57,38031.31
58217,42,1585,101,54,37887.31
58222,42,1506,77,90,38072.44
58227,42,1574,78,342,38062.81
58232,42,1623,72,66,37854.81
58237,42,1689,73,64,37827.12
58242,42,1457,80,106,37878.44
58247,42,1539,72,104,37915.81
58252,42,1473,73,256,38112.25
58257,42,1516,84,80,38005.81
58263,42,1454,76,67,37787.06
58268,42,1430,80,68,37718.25
58273,42,1368,72,91,37911.31
58278,42,1481,110,270,38003.38
58283,42,1384,76,60,37760.12
58288,42,1325,99,363,37719.88
58293,42,1221,81,204,37816.81
58298,42,1406,80,98,37930.25
58303,42,1293,79,66,37740.69
58308,42,1267,108,55,37480.19
58313,42,1377,116,68,37831.19
58318,42,1583,89,150,38081.12
58324,42,1340,138,254,37899.19
58329,42,1419,123,152,38042.88
58334,42,1360,126,57,37986.69
58339,42,1488,128,68,37744.06
58344,42,1238,96,73,38186.56
58350,42,1388,130,134,38095.75
58355,42,1542,101,123,38193.12
58360,42,1468,133,150,38144.06
58365,42,1356,147,68,38352.19
58370,42,1373,108,479,38683.94
58375,42,1502,114,257,38611.94
58380,42,1499,142,372,38411.94
58385,42,1790,139,67,38018.62
58390,42,1529,128,222,38150.81
58395,42,1607,130,66,38094.81
58400,42,1591,127,62,38046.81
58405,42,1478,126,67,38184.12
58411,42,1560,97,75,38141.62
58416,42,1557,91,192,38208.00
58421,42,1415,94,338,38388.38
58426,42,1488,101,279,38452.50
58431,42,1492,119,355,38426.62
58436,42,1597,97,67,38306.62
58441,42,1602,90,250,38325.44
58446,42,1811,96,72,38295.12
58451,42,1646,92,79,38207.12
58456,42,1558,92,219,38096.88
58462,42,1476,113,190,38214.75
58467,42,1533,93,258,38320.25
58472,42,1581,132,146,38275.06
58477,42,1453,93,239,38163.69
58482,42,1349,96,345,38131.69
58487,42,1542,97,209,38289.31
58492,42,1555,97,73,38216.44
58497,42,1840,97,66,38180.50
58502,42,1778,100,180,38344.94
58508,42,1969,129,111,38397.38
58513,42,1614,93,68,38216.62
58518,42,1633,93,215,38629.38
58523,42,1593,135,65,38516.00
58528,42,1699,153,63,38114.62
58533,42,1439,111,200,38345.12
58538,43,1888,132,69,38188.31
58543,43,1797,102,65,37961.12
58548,43,1583,101,65,38338.75
58553,43,1663,109,72,38077.31
58558,42,1325,85,137,38701.25
58564,42,1411,83,54,38737.06
58569,42,1421,87,62,38888.62
58574,42,1708,87,61,38336.62
58580,42,1630,79,195,38743.06
58585,42,1606,79,446,38535.06
58590,42,1344,65,196,38359.38
58595,42,1488,70,125,38333.50
58600,42,1410,66,68,38029.81
58605,42,1623,67,85,38117.19
58610,42,1355,63,71,37991.31
58615,43,1630,57,255,38468.88
58621,43,1621,56,343,38613.19
58626,43,2374,77,138,38665.19
58631,43,1710,71,525,38760.12
58636,42,1849,67,320,39212.50
58641,42,1684,68,407,38980.50
58646,42,1766,68,203,38852.44
58651,44,2119,67,183,38610.25
58657,44,2277,63,61,38491.56
58662,44,2069,72,70,38659.19
58667,44,1974,72,590,38761.94
58672,43,1705,67,189,38507.50
58677,43,1640,66,386,38471.62
58683,43,1772,73,67,38156.25
58688,43,1898,73,62,38058.38
58693,43,1662,73,131,38272.44
58698,43,1787,73,70,38272.00
58703,43,1811,73,64,38347.75
58708,43,1656,80,381,38333.00
58713,43,1718,98,60,38488.06
58718,43,1866,72,38,38365.44
58723,43,1604,70,60,38637.25
58729,43,1594,71,62,38703.31
58734,43,1521,79,68,38903.69
58739,43,1867,76,61,38385.38
58744,43,1773,70,118,38017.88
58749,43,1564,74,63,38879.06
58755,43,1525,76,209,39207.75
58760,43,1693,78,656,39071.75
58765,43,1775,74,153,38879.75
58770,43,1947,76,59,38559.75
58775,43,2147,78,60,38399.69
58780,43,1714,73,67,38379.50
58785,43,1868,79,85,38469.81
58791,43,1832,75,75,38499.44
58796,43,1742,82,320,38419.44
58801,43,1769,87,63,38323.44
58806,43,1868,78,91,38032.94
58811,43,1507,80,65,37580.75
58816,43,2067,110,123,38429.25
58821,43,1799,93,71,38349.25
58826,43,1688,83,72,38496.31
58831,43,1851,89,63,38519.81
58836,43,1865,134,60,38551.19
58841,43,2051,97,70,38384.06
58846,43,1517,90,70,38975.19
58852,43,1518,83,62,39234.81
58857,43,1746,89,97,38409.38
58862,43,1512,80,64,37798.12
58867,43,1753,84,60,38462.25
58872,43,1720,118,55,39062.62
58877,43,1945,117,344,38583.31
58882,43,2061,95,59,38754.50
58887,43,2084,81,60,39177.06
58892,43,2603,105,73,38825.94
58897,43,2348,85,131,38713.44
58903,43,1673,81,59,38909.44
58908,43,2067,82,60,38783.62
58913,43,1741,81,65,38609.06
58918,43,1732,114,196,39428.38
58923,43,1725,86,60,38673.75
58928,43,1749,89,74,38612.62
58933,43,1639,84,80,38495.81
58938,43,1701,88,68,38730.31
58943,43,1662,90,60,38648.81
58948,43,1715,126,69,38423.25
58954,43,1720,87,63,38532.62
58959,43,1803,92,72,38463.69
58964,43,2001,81,176,38500.69
58969,43,1653,84,72,38505.06
58974,43,1724,120,60,38495.50
58979,43,1806,85,57,38397.75
58984,43,1673,115,64,38364.56
58989,43,1517,89,133,38423.62
58995,43,1621,80,87,38809.75
59000,43,1600,84,171,38910.88
59005,43,1612,85,308,38782.88
59010,43,1674,86,78,38469.44
59015,43,1709,101,52,39400.56
59020,43,1836,108,81,38972.50
59025,43,1422,79,58,39282.56
59030,43,2026,85,58,38986.56
59035,43,1867,78,80,39243.94
59041,43,1984,90,260,39301.69
59046,43,2105,93,63,39197.69
59051,43,2021,87,64,38989.69
59056,43,2041,83,64,38933.69
59061,43,1963,81,65,38805.69
59066,43,1817,76,74,37936.94
59071,43,1918,85,70,38467.62
59076,44,2340,84,56,38951.06
59081,44,2342,87,57,38901.44
59086,44,2367,85,61,38753.31
59091,44,2310,80,66,38622.88
59096,44,2140,79,68,38457.75
59102,45,2212,85,63,38768.69
59107,44,2024,86,65,38496.75
59112,44,1909,80,79,39045.00
59117,44,2150,78,61,39062.88
59122,44,1869,75,63,39156.00
59127,44,2177,76,66,38896.12
59132,44,1758,72,83,39022.31
59137,44,1824,58,68,38948.94
59142,44,1866,66,70,38854.31
59148,45,2144,61,60,38938.94
59153,45,2200,59,67,38949.31
59158,45,2067,58,75,38655.62
59163,45,2007,57,63,38603.38
59168,45,2047,62,96,38580.88
59173,45,2282,66,91,38811.75
59178,45,2169,64,58,38703.75
59183,45,1959,63,67,38761.44
59188,45,2421,55,62,38852.25
59193,45,2368,55,71,38946.69
59198,45,2576,57,71,39289.56
59204,45,2271,63,290,39528.94
59209,44,2021,68,74,38950.56
59214,44,1870,61,579,39072.88
59219,45,2104,65,72,38845.94
59224,45,1932,58,512,39197.56
59229,45,2068,64,61,39046.06
59234,45,1862,61,59,39584.06
59239,45,2067,87,66,40177.50
59244,45,1947,68,471,39578.25
59249,45,1871,82,47,39664.88
59254,45,2048,72,563,39718.75
59259,45,1901,65,58,39629.06
59265,45,1940,72,244,39418.12
59270,45,2091,108,56,38974.69
59275,45,1910,65,69,38809.31
59280,45,2300,95,71,38902.19
59285,45,1963,76,159,38993.75
59290,45,2133,77,80,38759.69
59295,45,2154,75,68,38448.00
59300,45,1727,79,91,38457.38
59305,45,2203,76,56,38644.81
59311,45,1982,78,63,38611.94
59316,45,2208,81,67,38562.31
59321,46,1795,84,73,38680.19
59326,46,1862,77,102,38779.31
59331,46,2303,78,66,38935.25
59336,46,2807,74,86,38906.06
59341,46,2480,83,67,38866.50
59346,46,2382,85,65,38762.56
59352,46,1974,73,268,38818.00
59357,46,2115,78,72,38785.06
59362,46,2147,83,87,38997.12
59367,46,2128,73,199,39055.50
59372,46,2132,74,61,39055.12
59377,46,2231,76,118,39078.25
59382,46,2128,85,71,39107.94
59387,46,2586,78,56,39199.94
59392,47,2173,73,81,39056.75
59398,47,2201,77,61,39266.75
59403,47,2261,83,55,39241.12
59408,46,2223,84,247,39345.44
59413,46,1906,79,107,39233.38
59418,47,2257,76,106,39233.38
59423,47,2176,82,177,39364.94
59428,47,2321,78,70,39292.00
59433,46,1975,77,133,39132.06
59438,47,2378,80,63,39190.00
59443,47,2281,74,67,39132.25
59448,47,2061,92,58,39538.06
59453,46,1771,67,67,39606.38
59459,46,1892,70,75,39447.94
59464,46,1882,83,58,39316.12
59469,46,1970,77,395,39094.38
59474,46,2027,73,60,38719.38
59479,46,2005,69,215,38619.31
59484,46,1931,69,117,38701.81
59489,46,1915,76,66,38881.94
59495,46,2067,78,157,39113.38
59500,47,2327,74,334,39289.31
59505,47,2135,76,77,39299.94
59510,47,2312,73,62,39339.62
59515,47,2404,74,60,39260.88
59520,47,2155,74,48,39304.69
59525,47,2128,76,81,39333.00
59530,47,2128,74,382,39370.50
59535,46,2209,83,65,39058.50
59540,47,2293,70,81,38760.12
59546,47,1978,79,54,38699.50
59551,47,1999,73,60,38834.62
59556,47,2228,69,65,38627.69
59561,47,2368,81,218,39052.44
59566,47,2573,82,82,38985.06
59571,47,2434,74,63,39089.06
59576,47,2329,73,85,39184.56
59582,47,2548,74,68,39250.94
59587,47,2399,75,90,39299.69
59592,47,2555,76,57,39305.50
59597,47,2608,74,60,39161.50
59602,47,2275,69,220,39229.75
59607,47,2297,70,58,39006.06
59612,47,2537,88,65,38909.12
59618,47,2194,76,69,38942.50
59623,47,2009,75,59,38971.50
59628,46,2099,74,57,38502.06
59633,46,2359,70,59,38904.94
59638,46,2146,71,70,38805.12
59643,46,1960,70,63,38677.75
59648,47,2323,72,75,38769.50
59653,47,2443,76,66,39195.19
59658,47,2222,72,106,38956.25
59663,47,2175,68,114,39177.69
59669,47,2254,71,58,38963.00
59674,47,2137,68,59,38852.12
59679,46,1883,57,77,38558.69
59684,46,1947,62,66,38798.38
59689,46,2099,64,231,39017.69
59694,46,2021,64,59,39054.88
59699,46,2021,63,80,39042.94
59704,46,2125,64,179,39070.31
59710,46,2135,66,65,39158.56
59715,46,1982,63,153,39033.44
59720,46,1954,64,272,38935.06
59725,46,2003,60,64,38693.88
59730,46,2039,58,76,38574.12
59735,46,1989,59,65,38361.75
59740,46,2191,66,197,39066.19
59745,47,2642,66,92,39340.31
59750,47,2783,59,68,39232.69
59755,47,2698,58,57,39312.56
59760,47,2646,59,62,39356.06
59766,47,2605,59,64,39323.75
59771,47,2666,61,68,39383.56
59776,47,2470,66,304,39439.31
59781,46,2295,66,61,39060.00
59786,46,2157,58,69,38694.75
59791,46,2062,59,67,38571.94
59796,46,2118,60,72,38660.50
59801,46,2024,61,76,38723.19
59806,46,2087,59,63,38828.19
59811,46,2104,59,66,38829.44
59816,46,2108,59,69,38679.12
59821,46,2021,58,71,38653.31
59827,46,2236,59,75,38743.62
59832,46,1987,61,70,38933.69
59837,46,2086,62,58,38749.12
59842,46,1702,61,63,38948.50
59847,46,1289,64,55,39070.06
59853,46,1208,66,56,39076.31
59858,46,1461,68,61,39850.44
59863,46,1804,69,82,38800.69
59868,46,1646,69,62,38842.81
59873,46,1646,69,422,39133.25
59878,46,1933,69,67,38973.19
59883,46,1572,66,60,39687.19
59888,46,1420,66,64,40112.25
59894,46,1463,66,58,40318.56
59899,46,1615,71,1352,40099.12
59904,46,1822,89,134,39843.12
59909,46,1844,76,240,39427.06
59914,46,1992,76,63,39363.06
59919,46,1886,73,63,39079.06
59924,31,857,74,442,38910.00
59929,29,825,79,61,38806.00
59934,29,947,68,67,38421.94
59939,29,638,68,730,38522.69
59944,29,601,68,79,36631.06
59950,29,685,74,65,36628.31
59955,29,697,76,89,37105.31
59960,29,705,76,70,37017.31
59965,29,721,70,71,38196.12
59970,29,814,85,1955,38939.12
59975,29,836,85,1401,38811.06
59980,29,868,85,1068,38723.06
59986,29,876,87,842,38595.06
59991,29,891,89,99,37668.81
59996,29,1134,68,67,37126.38
60001,29,1265,66,65,36996.88
60006,29,820,68,57,37005.88
60011,29,644,72,71,36858.12
60016,29,692,73,63,36773.12
60021,29,913,70,75,37089.00
60026,29,654,70,112,37007.00
60031,29,648,69,36,37511.25
60037,29,664,72,885,37622.94
60042,29,681,77,193,37116.38
60047,29,673,75,79,36777.94
60052,29,651,68,67,36639.69
60057,29,696,76,149,36831.94
60062,29,934,67,59,36877.06
60067,29,940,67,76,36705.19
60072,29,699,78,115,36741.25
60077,29,1081,66,70,36942.50
60082,29,767,73,72,37054.62
60087,29,754,66,65,36851.31
60092,29,642,72,69,36449.94
60097,29,711,72,280,36743.12
60103,29,1159,69,95,37167.88
60108,29,1168,70,70,37152.00
60113,29,978,75,60,36937.44
60118,29,910,77,57,36699.12
60123,29,967,67,75,36705.69
60128,29,1289,99,82,36753.00
60133,29,1105,103,73,36835.56
60138,29,923,106,84,37160.62
60143,29,705,91,161,37500.38
60148,29,659,71,70,37584.56
60153,29,769,90,62,38006.88
60159,29,1372,70,69,38181.19
60164,29,718,92,1559,38534.69
60169,29,781,92,1010,38350.69
60174,29,914,92,499,38230.69
60179,29,923,92,137,38102.69
60184,29,611,81,63,38240.00
60189,29,778,70,52,38660.75
60194,29,720,92,1161,38466.50
60199,29,793,94,720,38434.50
60204,29,831,94,159,38282.50
60209,29,782,95,68,38242.50
60215,29,715,105,358,37968.00
60220,29,1055,105,83,37912.00
60225,29,1037,107,64,37880.00
60230,29,968,95,57,37856.00
60235,29,847,81,370,37792.00
60240,29,787,81,77,37744.00
60245,29,778,79,62,37328.00
60250,29,702,77,138,37120.31
60255,29,689,77,68,37172.12
60260,29,700,77,70,37164.12
60265,29,664,75,62,37100.06
60270,29,707,74,63,37117.88
60275,29,703,74,67,37042.75
60280,29,836,80,69,37147.31
60286,29,776,77,82,36936.06
60291,29,687,75,83,36815.50
60296,29,757,76,62,36914.00
60301,29,688,79,66,36775.88
60306,29,687,71,59,36564.69
60311,29,741,71,76,36608.56
60316,29,707,71,64,36716.25
60321,29,864,69,73,36949.81
60326,29,695,72,69,36735.56
60331,29,774,71,70,36960.81
60336,29,717,76,91,36678.00
60341,29,736,76,75,36859.25
60347,29,741,78,65,36722.50
60352,29,713,74,66,36648.50
60357,29,674,72,39,36646.12
60362,29,706,76,110,37038.75
60367,29,709,76,57,36982.75
60372,29,723,76,66,36987.12
60377,29,729,78,121,37189.75
60382,29,758,78,63,37143.62
60387,29,767,78,64,37174.00
60392,29,726,78,83,37016.19
60397,29,684,75,171,37176.94
60402,29,719,79,99,37060.94
60407,29,969,74,15,36853.88
60412,29,1003,71,75,37282.19
60418,29,953,72,60,37067.56
60423,29,933,76,63,36981.00
60428,29,976,71,64,37080.00
60433,29,1045,71,81,37009.94
60438,29,1045,71,60,36837.06
60443,29,1168,71,63,37242.62
60448,29,962,72,65,37143.88
60453,29,1001,71,58,37058.56
60458,29,803,71,58,37053.75
60463,29,633,63,60,37070.31
60469,29,708,65,64,37117.88
60474,29,717,65,64,37053.81
60479,29,638,57,232,36913.50
60484,29,1020,56,71,37031.88
60489,29,913,59,62,36997.06
60494,29,724,62,59,36973.00
60499,29,742,61,83,36921.38
60504,29,717,61,101,37031.12
60509,29,735,61,79,37041.38
60515,29,680,77,105,37187.12
60520,29,713,72,73,37019.06
60525,29,699,60,60,37055.25
60530,29,847,62,87,37275.50
60535,29,937,59,72,37362.06
60540,29,929,58,65,37245.38
60545,29,1063,60,65,37190.50
60550,29,807,59,152,37159.50
60555,29,692,67,70,37549.94
60560,29,698,69,225,37483.94
60565,29,732,64,71,37384.00
60570,29,738,64,65,37360.00
60576,29,714,59,69,37342.75
60581,29,708,60,69,37231.62
60586,29,682,64,65,37128.88
60591,29,893,57,67,37356.25
60596,29,944,60,79,37259.00
60601,29,762,60,62,37085.94
60606,29,862,57,93,37024.62
60611,29,758,64,128,37359.62
60616,29,681,65,66,37046.81
60621,29,656,60,73,37039.19
60626,29,698,60,86,36989.88
60631,29,696,60,64,36960.25
60637,29,712,60,101,37086.94
60642,29,647,64,62,37161.19
60647,29,894,59,64,37313.50
60652,29,873,62,68,37145.12
60657,29,713,63,76,37005.69
60662,29,773,64,68,37126.31
60667,29,758,60,127,37113.69
60672,29,722,59,112,37066.69
60677,29,737,66,188,37360.31
60682,29,752,66,68,37340.69
60687,29,765,66,193,37500.75
60692,29,745,66,57,37412.50
60697,29,731,60,76,37466.25
60702,29,736,60,81,37498.19
60708,29,744,62,96,37312.56
60713,29,962,61,61,37490.38
60718,29,1014,60,82,37164.38
60723,29,816,60,66,37249.25
60728,29,915,59,84,37303.88
60733,29,681,63,118,37129.06
60738,29,700,62,66,37168.00
60743,29,757,63,73,37267.75
60748,29,695,64,64,37166.38
60753,29,827,59,60,37262.12
60758,29,723,60,87,37172.19
60763,29,782,67,72,37301.88
60768,29,759,70,76,37124.69
60773,29,768,70,65,37220.94
60779,29,743,70,81,37102.25
60784,29,661,64,174,37313.62
60789,29,717,64,75,37370.44
60794,29,727,63,67,37428.44
60799,29,727,64,69,37388.44
60804,29,739,66,69,37417.31
60809,29,745,62,128,37447.81
60814,29,740,58,125,37390.69
60819,29,681,60,94,37354.94
60824,29,981,59,76,37461.12
60829,29,1191,62,62,37553.06
60834,29,1150,59,69,37662.50
60840,29,1088,58,57,37615.81
60845,29,687,63,233,37762.31
60850,29,771,63,92,37738.31
60855,29,778,63,76,37690.31
60860,29,789,65,73,37658.31
60865,29,742,60,67,37578.31
60870,29,682,57,62,37407.44
60875,29,619,62,59,36949.06
60880,29,611,55,242,37123.81
60885,29,632,58,132,37073.44
60890,29,989,59,66,36915.50
60895,29,951,55,60,36813.19
60900,29,998,56,75,36874.38
60905,29,851,57,59,36929.25
60911,29,751,63,271,37259.56
60916,29,711,59,346,37283.94
60921,29,670,65,58,37187.94
60926,29,675,60,67,37061.62
60931,29,685,57,70,36976.12
60936,29,671,56,72,37069.38
60941,29,607,65,54,37024.62
60946,29,826,57,59,36799.25
60951,29,638,121,79,37076.81
60956,29,719,64,331,37277.75
60961,29,713,62,215,37249.38
60966,29,707,62,83,36962.19
60971,29,660,57,103,36648.88
60977,29,694,64,137,36871.38
60982,29,922,56,131,37009.94
60987,29,706,57,75,37103.00
60992,29,734,63,68,37180.50
60997,29,697,63,66,37108.44
61002,29,700,58,63,37045.25
61007,29,608,58,64,36953.75
61012,29,653,59,231,37260.94
61017,29,663,63,55,36914.62
61022,29,667,58,168,37119.25
61027,29,671,58,74,36823.31
61033,29,735,58,65,36798.69
61038,29,673,55,61,36564.81
61043,29,680,64,80,36836.81
61048,29,689,62,72,36906.56
61053,29,701,58,93,36818.25
61058,29,784,58,57,36857.62
61063,29,658,58,58,36621.00
61068,29,735,58,73,36659.81
61073,29,740,60,90,36653.56
61078,29,747,60,61,36793.12
61083,29,849,62,58,37017.56
61088,29,652,63,372,36976.06
61094,29,705,62,364,37066.50
61099,29,686,62,37,36842.62
61104,29,652,61,57,36962.44
61109,29,680,58,102,37079.25
61114,29,686,58,43,36849.50
61119,29,647,60,63,36757.50
61124,29,599,60,62,36857.25
61129,29,662,60,54,36861.62
61134,30,932,57,75,37040.50
61139,29,831,58,70,37006.75
61144,29,806,56,78,36962.19
61150,29,795,57,71,36768.38
61155,30,930,58,80,36991.06
61160,29,772,58,63,36766.00
61165,29,713,57,70,36756.31
61170,29,785,58,75,36723.75
61175,29,793,57,63,36863.75
61180,29,817,63,74,37380.50
61185,29,749,65,154,37168.88
61190,29,733,67,53,36945.31
61195,29,686,58,67,36969.19
61201,29,713,58,71,36778.38
61206,29,723,58,75,36872.81
61211,29,729,58,75,36815.44
61216,29,724,57,98,36990.69
61221,29,690,64,16,36629.25
61226,29,728,64,68,36917.25
61231,29,721,61,63,36928.94
61236,29,679,60,128,36938.75
61241,29,694,58,66,36898.62
61246,29,712,61,58,36756.62
61251,30,905,58,91,36877.38
61256,29,816,57,111,36907.06
61261,29,746,55,62,36928.12
61267,29,721,58,70,36739.94
61272,29,745,56,66,37036.50
61277,29,728,58,87,36800.44
61282,29,758,60,112,37081.94
61287,30,1022,55,99,37047.69
61292,29,853,58,66,36966.62
61297,29,933,57,72,37014.75
61302,29,733,58,60,37078.31
61307,29,818,58,60,37043.19
61312,29,826,60,72,37166.12
61317,29,770,60,68,36947.31
61322,29,743,62,33,37068.06
61328,29,743,61,105,37027.94
61333,29,724,62,74,36987.50
61338,29,702,58,67,36685.12
61343,29,695,59,69,36639.62
61348,29,742,58,75,36581.19
61353,29,743,57,78,37085.19
61358,29,728,58,94,37055.69
61363,29,735,65,62,37037.94
61368,29,722,62,83,37155.56
61373,29,672,64,114,37220.75
61378,29,777,58,60,37194.25
61383,29,713,57,91,37285.31
61389,29,758,58,65,37552.12
61394,29,680,61,354,37382.69
61399,29,663,58,71,37166.12
61404,29,606,58,66,36985.31
61409,29,684,58,59,36823.81
61414,29,665,61,60,37073.75
61419,29,685,66,138,37259.75
61424,29,626,63,198,37197.88
61429,29,880,56,62,37273.94
61434,29,880,59,61,37318.31
61439,29,733,62,88,37213.44
61444,29,732,58,58,37361.12
61450,29,776,57,66,37091.25
61455,29,693,61,176,37184.62
61460,29,724,65,78,37196.62
61465,29,655,57,100,37058.94
61470,29,699,58,59,36986.94
61475,29,678,61,71,37040.19
61480,29,685,60,70,37119.25
61485,29,618,63,80,37085.31
61490,29,690,59,216,37155.75
61495,29,1044,62,56,37607.00
61500,29,1003,56,58,37387.94
61506,29,727,58,141,37467.12
61511,29,798,56,66,37203.00
61516,29,730,61,552,37311.25
61521,29,735,65,195,36899.50
61526,29,708,60,59,36912.00
61531,29,729,58,65,36822.12
61536,29,619,55,29,36453.88
61541,29,692,58,63,36515.50
61546,29,633,58,65,36452.50
61551,29,697,60,95,36802.31
61556,29,714,65,169,36776.44
61561,29,666,62,63,36586.38
61567,29,691,58,76,36710.62
61572,29,831,55,72,36875.06
61577,29,909,55,60,36828.94
61582,29,664,58,62,36919.69
61587,29,713,55,74,36697.00
61592,29,681,56,106,36850.00
61597,29,1093,58,93,36993.62
61602,29,1150,58,86,37016.38
61607,29,1091,58,62,37163.19
61612,29,907,60,66,36987.38
61618,29,729,61,62,36761.81
61623,29,942,58,77,37125.81
61628,29,933,57,68,37234.12
61633,29,1067,58,71,37256.81
61638,29,911,58,76,37056.38
61643,29,890,59,59,37037.75
61648,29,819,58,99,36899.44
61653,29,1038,57,85,37072.38
61658,29,1084,58,74,37236.00
61663,29,898,58,65,37139.88
61668,29,1063,58,131,37275.81
61673,29,1009,60,60,37128.25
61678,29,868,60,66,36824.12
61684,29,1029,58,87,37258.00
61689,29,1019,58,81,37116.06
61694,29,951,57,119,37178.94
61699,29,954,55,65,36915.50
61704,29,731,55,62,36865.62
61709,29,962,57,72,36947.38
61714,29,736,58,61,36818.94
61719,29,1079,58,67,37088.12
61724,29,1083,58,89,37314.75
61729,29,1124,58,73,37120.44
61734,29,728,61,154,37265.56
61740,29,804,62,215,37381.62
61745,29,691,60,192,37221.69
61750,29,726,62,61,37171.69
61755,29,728,57,109,37213.12
61760,29,752,58,64,37165.12
61765,29,674,60,60,37097.44
61770,29,671,63,121,37002.88
61775,29,907,58,71,37602.12
61780,29,1240,62,65,37535.56
61785,29,887,62,188,37634.88
61790,29,871,63,78,37466.31
61795,29,822,58,65,36837.75
61801,29,845,60,64,36756.69
61806,29,726,60,69,36999.00
61811,29,723,62,84,36983.94
61816,29,677,62,76,37049.69
61821,29,677,61,66,36754.94
61826,29,703,60,126,37054.12
61831,29,706,55,83,36942.88
61836,29,682,62,59,36730.50
61841,29,724,65,67,36607.31
61846,29,668,57,126,36720.50
61851,29,900,58,79,37260.12
61857,29,1090,60,87,37256.38
61862,29,913,56,62,37118.19
61867,29,782,57,66,36973.69
61872,29,674,59,79,36901.56
61877,29,719,62,70,37000.75
61882,29,704,58,72,37174.31
61887,29,702,59,65,36924.81
61892,29,696,60,61,36887.00
61897,29,685,58,42,36694.62
61902,29,696,58,91,36649.31
61907,29,639,58,82,36631.56
61912,29,701,60,60,36832.31
61917,29,742,60,97,36867.94
61923,29,746,60,65,36752.62
61928,29,727,58,102,36751.81
61933,29,714,58,66,36795.25
61938,29,708,58,78,36786.06
61943,29,651,63,82,36719.56
61948,29,696,66,65,36761.38
61953,29,670,57,63,36705.44
61958,29,625,58,66,36619.25
61963,29,687,65,69,36867.31
61968,29,691,65,68,36796.19
61973,29,700,58,57,36844.94
61978,29,700,64,95,36866.25
61983,29,695,62,62,37094.06
61989,29,692,63,70,37000.06
61994,29,766,57,112,37063.12
61999,29,767,62,75,36831.38
62004,29,725,60,58,36753.50
62009,29,690,64,59,36855.31
62014,29,693,82,73,37027.50
62019,29,695,77,61,36907.56
62024,29,665,63,66,36968.00
62029,29,700,64,83,36933.19
62034,29,717,66,55,36767.38
62039,29,681,70,58,36719.94
62044,29,681,64,72,36660.62
62050,29,681,62,161,36797.50
62055,29,699,64,113,36881.88
62060,29,701,64,69,36850.50
62065,29,708,66,63,36928.50
62070,29,624,69,71,36670.44
62075,29,694,69,67,36920.19
62080,29,700,72,74,36992.56
62085,29,714,75,109,37103.19
62090,29,692,75,34,36677.31
62095,29,723,73,68,36796.56
62100,29,687,68,68,36717.12
62105,29,707,68,134,37108.12
62111,29,707,68,57,36856.31
62116,29,711,68,65,36924.62
62121,29,703,71,122,37006.62
62126,29,656,73,63,36863.94
62131,29,708,70,217,37086.62
62136,29,656,65,58,36751.25
62141,29,680,71,64,36975.06
62146,29,607,70,118,37011.50
62151,29,674,67,68,37085.69
62156,29,709,69,188,37303.12
62162,29,677,73,74,37402.88
62167,29,660,71,66,37287.25
62172,29,654,66,66,37257.69
62177,29,668,64,62,37104.00
62182,29,659,60,150,36990.12
62187,29,692,183,88,37452.81
62192,29,700,62,67,37235.44
62197,29,674,60,60,37151.88
62202,29,637,68,67,37053.31
62207,29,682,68,155,36896.31
62213,29,624,59,179,37026.94
62218,29,702,62,92,37348.75
62223,29,653,60,73,37144.50
62228,29,687,60,59,37075.56
62233,30,708,59,143,37006.12
62238,29,654,60,198,36986.25
62243,29,623,61,67,36937.31
62248,29,568,59,57,36683.94
62253,29,573,60,79,37019.56
62258,29,537,59,185,36839.88
62264,29,516,67,74,37534.94
62269,29,595,64,60,37594.88
62274,29,600,66,61,37545.06
62279,29,527,65,90,37325.81
62284,29,574,64,59,37251.69
62289,29,578,65,301,37189.56
62294,29,598,65,356,37308.75
62299,29,549,65,295,37232.94
62304,29,583,67,126,37039.44
62309,29,603,63,65,36914.81
62315,29,591,67,292,37042.12
62320,29,592,65,128,37022.75
62325,29,591,67,138,37347.50
62330,29,601,65,56,37225.50
62335,29,596,64,70,36967.25
62340,29,614,67,65,37046.69
62345,29,579,62,68,37265.88
62350,29,590,60,78,37064.81
62355,29,536,65,80,37048.56
62360,29,552,60,78,36528.88
62365,29,571,61,66,36723.81
62370,29,547,60,173,36622.88
62375,29,562,65,88,36914.69
62381,29,580,65,72,36857.81
62386,29,549,59,214,36819.38
62391,29,564,59,92,36843.62
62396,29,593,67,71,36709.56
62401,29,606,67,65,36752.56
62406,29,581,59,65,36569.38
62411,29,600,60,87,36473.06
62416,29,568,60,99,36390.06
62421,29,587,60,127,36642.88
62426,29,527,60,77,36548.69
62431,29,551,66,27,36441.81
62436,29,566,63,61,36510.31
62442,29,575,61,198,36816.25
62447,29,559,61,81,36522.00
62452,29,534,60,95,36440.25
62457,29,611,60,69,36686.75
62462,29,565,60,14,36403.31
62467,29,602,64,101,36677.88
62472,29,598,64,69,36680.56
62477,29,600,64,66,36711.44
62482,29,559,60,112,36843.75
62487,29,587,61,66,36776.94
62493,29,590,62,97,36867.56
62498,29,598,62,142,36857.62
62503,29,562,60,66,36491.50
62508,29,559,60,70,36509.56
62513,29,585,60,103,36757.25
62518,29,601,62,68,36666.75
62523,29,609,62,69,36724.81
62528,29,574,60,72,36673.31
62533,29,593,59,87,36840.50
62538,29,594,60,71,36562.31
62543,29,526,59,58,36581.31
62548,29,573,62,120,36608.25
62554,29,548,60,68,36638.31
62559,29,561,60,124,36529.44
62564,29,573,67,66,36507.25
62569,29,581,67,99,36845.19
62574,29,554,61,94,36726.19
62579,29,589,62,70,36732.06
62584,29,601,62,95,36813.75
62589,29,587,60,86,36910.00
62595,29,583,60,96,36575.00
62600,29,591,60,61,36644.06
62605,29,585,61,64,36802.88
62610,29,603,62,117,36996.44
62615,29,554,62,99,36891.06
62620,29,575,60,76,36737.25
62625,29,571,60,160,36797.56
62630,29,565,60,75,36540.38
62635,29,558,62,60,36591.56
62640,29,569,60,125,36451.44
62645,29,632,60,96,36703.19
62650,29,639,60,83,36692.50
62655,29,647,60,62,37150.12
62661,29,604,60,61,36989.44
62666,29,587,59,72,37090.19
62671,29,571,60,112,36826.81
62676,29,573,60,63,37037.94
62681,29,592,60,75,37218.88
62686,29,549,56,61,37129.94
62691,29,580,57,58,36998.38
62696,29,566,59,62,36749.00
62701,29,595,59,69,36739.06
62706,29,533,57,75,36869.50
62711,29,587,57,67,36976.44
62717,29,575,57,96,36903.06
62722,29,564,57,87,36968.25
62727,29,585,63,63,36877.06
62732,29,583,59,95,36945.94
62737,29,547,57,62,36825.56
62742,29,504,64,61,36532.75
62747,29,562,50,94,36578.62
62752,29,583,53,120,36865.62
62757,29,621,55,178,37091.44
62762,29,611,54,56,36769.50
62767,29,557,51,77,36699.12
62773,29,579,57,70,36897.75
62778,29,586,57,215,37093.81
62783,29,569,54,63,37000.88
62788,29,563,59,214,37199.62
62793,29,547,65,65,37026.88
62798,29,499,58,77,36875.25
62803,29,552,58,63,36947.81
62808,29,563,58,69,37000.19
62813,29,570,58,68,37123.25
62818,29,523,59,57,36794.38
62823,29,561,62,89,37296.44
62828,29,562,62,56,36925.75
62834,29,515,153,151,37026.31
62839,29,541,53,80,36639.62
62844,29,535,52,75,36779.25
62849,29,559,55,65,36877.81
62854,29,560,55,62,36968.62
62859,29,578,54,91,36922.69
62864,29,570,53,65,36652.44
62869,29,566,53,185,36960.06
62874,29,586,53,98,36894.00
62879,29,575,55,79,36782.88
62884,29,574,55,69,36784.62
62889,29,566,53,181,36721.38
62894,29,511,53,114,36694.19
62900,29,564,53,69,36809.69
62905,29,567,53,73,36864.62
62910,29,558,55,71,36787.88
62915,29,565,55,71,36844.12
62920,29,554,53,73,36794.19
62925,29,563,53,379,37094.25
62930,29,554,53,65,36647.06
62935,29,547,53,78,36633.00
62940,29,578,55,83,36888.19
62945,29,577,55,63,36791.31
62950,29,518,51,102,36689.50
62955,29,564,53,74,36895.44
62960,29,572,53,67,36918.38
62966,29,582,55,67,36878.31
62971,29,550,55,102,36597.75
62976,29,555,59,59,36697.00
62981,29,571,59,288,37075.69
62986,29,544,56,66,37027.88
62991,29,596,56,59,37133.94
62996,29,609,55,95,37330.56
63001,29,632,55,65,37245.50
63006,29,637,55,64,37295.69
63011,29,642,55,63,37300.69
63016,29,596,53,81,37209.25
63021,29,511,53,62,37023.25
63026,29,572,60,55,36974.75
63031,29,587,60,76,37003.62
63037,29,564,52,141,36995.12
63042,29,538,55,68,36839.06
63047,29,566,52,156,36982.38
63052,29,576,53,182,36995.50
63057,29,593,57,80,37402.25
63062,29,622,60,206,37628.25
63067,29,616,60,189,37561.81
63072,29,625,60,66,37490.50
63077,29,608,57,75,37385.31
63082,29,598,57,255,37528.94
63088,29,609,59,177,37485.12
63093,29,593,57,65,37466.88
63098,29,559,58,102,37144.19
63103,29,579,57,62,36962.38
63108,29,586,58,59,36956.50
63113,29,582,53,195,37012.56
63118,29,568,55,213,36866.06
63123,29,552,56,112,36881.06
63128,29,586,58,186,36938.31
63133,29,583,58,105,37049.06
63138,29,529,58,78,36784.94
63144,29,568,57,60,37056.62
63149,29,595,55,71,36923.88
63154,29,580,55,77,37008.81
63159,29,572,58,457,37232.38
63164,29,526,60,56,37105.38
63169,29,531,58,67,36968.06
63174,29,542,56,64,36602.38
63179,29,509,55,62,36597.88
63184,29,573,52,76,36723.69
63189,29,522,53,78,36726.12
63195,29,596,58,329,37128.88
63200,29,603,58,489,37448.31
63205,29,614,58,66,37194.06
63210,29,610,59,305,37279.12
63215,29,604,62,63,37202.69
63220,29,612,58,227,37323.19
63225,29,606,55,192,37184.06
63230,29,594,54,207,37043.19
63235,29,588,55,248,37013.06
63240,29,581,59,374,37291.56
63245,29,584,58,90,37186.25
63250,29,595,58,78,37128.00
63255,29,597,60,77,37027.12
63261,29,574,55,146,36991.31
63266,29,567,53,78,36749.56
63271,29,609,56,130,36683.62
63276,29,568,55,95,37262.00
63281,29,587,58,90,36951.31
63286,29,544,58,61,36886.50
63291,29,572,54,62,36924.19
63296,29,583,57,72,37132.12
63301,29,554,60,202,36809.31
63306,29,483,50,61,36503.38
63311,29,580,54,67,36769.44
63317,29,588,54,74,36964.69
63322,29,593,54,65,37028.75
63327,29,592,60,60,37019.00
63332,29,542,69,68,36758.69
63337,29,524,66,99,36799.38
63342,29,587,58,64,36933.94
63347,29,593,58,72,36974.25
63352,29,589,58,63,36908.69
63357,29,563,55,126,36616.19
63362,29,601,63,104,36678.50
63367,29,581,62,67,36746.75
63372,29,591,62,136,36954.06
63377,29,583,61,74,36794.88
63383,29,571,58,81,36877.31
63388,29,631,58,93,37023.94
63393,29,619,60,66,36856.75
63398,29,606,60,67,36816.50
63403,29,554,57,64,36545.44
63408,29,565,58,73,36646.75
63413,29,569,58,76,36727.38
63418,29,552,59,72,36778.44
63423,29,593,60,73,36817.75
63428,29,506,60,68,36557.00
63433,29,575,60,67,36873.88
63438,29,581,60,98,36914.81
63443,29,567,58,64,37048.62
63449,29,520,63,67,36886.62
63454,29,479,58,73,36785.06
63459,29,568,178,84,37126.19
63464,29,569,58,142,37369.38
63469,29,581,58,66,37307.06
63474,29,599,58,67,37336.44
63479,29,598,60,75,37320.44
63484,29,552,60,57,37074.88
63489,29,567,59,59,36919.62
63494,29,556,54,61,36667.81
63500,29,567,54,64,36968.75
63505,29,517,54,74,36767.69
63510,29,510,59,61,36728.88
63515,29,534,53,75,36777.62
63520,29,549,52,224,36781.00
63525,29,573,61,82,36932.06
63530,29,569,60,182,36976.44
63535,29,569,58,68,36635.38
63540,29,566,56,60,36691.62
63545,29,575,56,69,36790.56
63550,29,584,58,65,37094.81
63555,29,582,57,57,36844.12
63560,29,575,58,74,36559.94
63566,29,520,53,60,36686.75
63571,29,573,56,76,36887.12
63576,29,565,56,78,36770.88
63581,29,507,53,60,36583.75
63586,29,578,54,73,36879.62
63591,29,584,54,65,36845.25
63596,29,559,58,58,36622.56
63601,29,555,60,70,36553.94
63606,29,577,60,90,36791.00
63611,29,593,60,64,36906.00
63616,29,560,54,78,36727.62
63621,29,554,54,81,36737.88
63626,29,577,54,67,36935.50
63632,29,586,56,267,37107.06
63637,29,585,60,68,36932.81
63642,29,564,61,76,36909.25
63647,29,565,57,132,36763.19
63652,29,532,52,90,36631.69
63657,29,590,54,66,36798.62
63662,29,599,56,58,36803.25
63667,29,566,54,59,36806.94
63672,29,558,54,71,36766.19
63677,29,599,54,75,36772.75
63682,29,532,53,63,36710.25
63687,29,576,52,168,36769.69
63693,29,553,56,61,36558.50
63698,29,551,52,118,36610.50
63703,29,574,54,52,36952.06
63708,29,527,53,69,36859.12
63713,29,587,52,70,36948.25
63718,29,522,58,101,36685.00
63723,29,605,60,69,37192.00
63728,29,579,56,75,36949.44
63733,29,586,54,72,37035.31
63738,29,580,54,57,36922.62
63743,29,552,54,72,36889.62
63748,29,571,54,87,36854.06
63753,29,589,56,66,36913.50
63759,29,566,55,65,36993.19
63764,29,564,61,77,36933.12
63769,29,551,61,72,36962.81
63774,29,568,54,62,36843.38
63779,29,603,56,101,37091.62
63784,29,562,55,63,36908.19
63789,29,577,56,66,36945.25
63794,29,527,54,66,36613.56
63799,29,518,53,58,36670.81
63804,29,576,54,72,36763.69
63809,29,582,54,64,36830.31
63814,29,589,56,149,37080.00
63819,29,563,53,71,36668.44
63825,29,632,53,247,37113.56
63830,29,593,54,65,36871.62
63835,29,631,54,83,37065.06
63840,29,622,55,68,36851.12
63845,29,628,60,75,36763.06
63850,29,612,58,70,36887.88
63855,29,623,58,139,37002.25
63860,29,613,54,78,36850.06
63865,29,593,53,63,36898.88
63870,29,583,60,74,36922.56
63875,29,578,56,96,36786.62
63880,29,581,53,76,36786.75
63885,29,592,61,67,36712.94
63891,29,584,57,223,36820.88
63896,29,608,57,85,36778.38
63901,29,609,56,86,36909.75
63906,29,616,55,63,36918.12
63911,29,573,55,152,36856.50
63916,29,598,58,72,37022.81
63921,29,601,58,79,36946.62
63926,29,616,54,82,37064.31
63931,29,550,59,38,36730.38
63936,29,613,59,69,36820.50
63941,29,611,54,85,36890.50
63946,29,613,53,160,37083.31
63952,29,607,54,72,36795.50
63957,29,617,54,59,37008.56
63962,29,624,55,66,37007.12
63967,29,618,56,67,36920.12
63972,29,545,54,62,36642.06
63977,29,586,54,68,36717.06
63982,29,587,54,126,36981.44
63987,29,566,54,78,36894.31
63992,29,599,56,71,36907.19
63997,29,513,56,18,36682.81
64002,29,537,63,62,36944.19
64007,29,586,62,90,36971.31
64012,29,591,61,71,36948.25
64017,29,612,54,78,37030.38
64023,29,608,54,72,36636.75
64028,29,544,56,76,36747.06
64033,29,600,54,68,36702.50
64038,29,610,54,187,37055.50
64043,29,590,54,67,36894.00
64048,29,582,51,71,36595.06
64053,29,530,56,68,36849.12
64058,29,537,56,59,36892.19
64063,29,572,54,75,36839.19
64068,29,573,54,65,36618.25
64073,29,572,54,66,36723.31
64078,29,572,54,74,36671.31
64083,29,615,56,68,36916.06
64088,29,587,56,66,36749.44
64094,29,591,54,246,37118.00
64099,29,603,54,56,36920.62
64104,29,588,54,98,36945.31
64109,29,627,54,67,36945.75
64114,29,578,58,86,36915.50
64119,29,577,54,75,36945.50
64124,29,580,54,43,37172.12
64129,29,598,109,68,37383.94
64134,29,602,54,64,37190.75
64139,29,593,53,61,37012.69
64144,29,608,56,80,37278.75
64149,29,584,56,137,37272.19
64154,29,592,54,73,37122.06
64160,29,568,56,62,36842.94
64165,29,579,53,127,36894.50
64170,29,577,54,84,36763.75
64175,29,569,56,87,36837.50
64180,29,585,56,64,36902.88
64185,29,591,54,138,37006.88
64190,29,580,54,95,36738.81
64195,29,621,54,98,36940.44
64200,29,621,56,63,36810.19
64205,29,621,56,82,36865.06
64210,29,597,56,59,36407.88
64215,29,535,57,89,36640.00
64220,29,586,57,91,36850.19
64226,29,591,54,64,36802.81
64231,29,532,59,79,36607.44
64236,29,569,56,81,36679.69
64241,29,581,54,75,36860.56
64246,29,517,53,77,36659.56
64251,29,568,54,71,36585.44
64256,29,602,54,86,36870.25
64261,29,603,56,70,36843.38
64266,29,562,51,62,36653.25
64271,29,593,54,93,36799.50
64276,29,603,54,62,36973.38
64281,29,595,57,73,36910.94
64286,29,527,57,63,36853.94
64292,29,592,59,99,36814.81
64297,29,569,56,286,37164.38
64302,29,579,56,124,37002.88
64307,29,580,54,83,36835.44
64312,29,573,54,77,36773.75
64317,29,602,54,74,36868.00
64322,29,535,58,58,36705.88
64327,29,562,53,68,36730.06
64332,29,583,54,87,36712.81
64337,29,587,71,110,37104.56
64342,29,554,70,63,37035.38
64347,29,577,56,58,36957.00
64352,29,554,64,65,36881.69
64358,29,558,64,71,36979.56
64363,29,565,66,67,36931.25
64368,29,584,66,71,37010.19
64373,29,590,62,76,36771.94
64378,29,589,58,91,36818.19
64383,29,600,60,105,36993.44
64388,29,595,61,72,37056.81
64393,29,595,61,57,37002.38
64398,29,544,58,67,36630.56
64403,29,562,59,93,36899.31
64408,29,569,59,150,36864.25
64414,29,553,61,66,36726.69
64419,29,563,61,93,36900.94
64424,29,569,59,71,37202.19
64429,29,528,58,63,37491.81
64434,29,578,59,57,37238.75
64439,29,568,52,58,37066.75
64444,29,606,55,88,37319.50
64449,29,612,55,130,37364.75
64454,29,586,52,74,37240.19
64459,29,572,53,70,37098.06
64464,29,582,53,222,37323.81
64470,29,560,53,85,37172.44
64475,29,571,55,67,37406.31
64480,29,577,54,67,37360.19
64485,29,520,53,63,37305.50
64490,29,561,57,80,37226.25
64495,29,596,57,61,37345.31
64500,29,594,53,97,37284.19
64505,29,586,54,67,37113.62
64510,29,564,52,66,36967.12
64516,29,565,51,58,36985.69
64521,29,571,53,303,37247.25
64526,29,589,53,66,37174.44
64531,29,585,53,83,37134.81
64536,29,576,55,65,37067.25
64541,29,531,62,72,37070.44
64546,29,587,61,59,37203.06
64551,29,592,60,86,37493.06
64557,29,571,53,65,37561.06
64562,29,584,55,67,37393.00
64567,29,541,55,74,37182.69
64572,29,559,55,33,37029.69
64577,29,584,58,57,37506.25
64582,29,535,54,63,37456.31
64587,29,567,53,72,37369.19
64592,29,556,53,69,36721.25
64597,29,550,55,68,36658.81
64602,29,561,53,59,36753.06
64607,29,552,53,70,36487.19
64612,29,555,51,62,36506.38
64617,29,572,52,57,36392.56
64622,29,601,55,80,36745.62
64628,29,574,55,72,36758.69
64633,29,582,54,99,36892.94
64638,29,528,51,19,36462.56
64643,29,556,53,73,36810.75
64648,29,583,53,73,36917.31
64653,29,537,55,68,36871.06
64658,29,569,54,69,36756.38
64663,29,584,51,51,36491.25
64668,29,648,53,71,36638.00
64673,29,567,53,70,36676.06
64678,29,608,53,84,36731.62
64683,29,604,54,65,36761.69
64688,29,583,55,235,36907.44
64694,29,592,55,71,36772.25
64699,29,593,52,89,36661.06
64704,29,551,56,63,36710.19
64709,29,557,53,65,36636.12
64714,29,487,54,62,36536.75
64719,29,560,55,63,36674.94
64724,29,573,60,97,36984.50
64729,29,573,60,116,36679.25
64734,29,595,53,85,36729.50
64739,29,607,53,62,36801.50
64744,29,590,55,140,36952.44
64750,29,602,55,73,36806.62
64755,29,576,53,70,36679.25
64760,29,587,53,77,36647.69
64765,29,575,56,73,36666.56
64770,29,586,57,62,36780.50
64775,29,587,55,69,36855.62
64780,29,555,52,32,36493.38
64785,29,565,60,73,36547.81
64790,29,579,60,96,36521.62
64795,29,561,53,58,36459.75
64800,29,568,53,14,36502.75
64805,29,593,55,95,36649.94
64811,29,619,55,58,36675.06
64816,29,589,53,74,36872.38
64821,29,514,52,77,36628.44
64826,29,591,53,62,36905.56
64831,29,599,53,70,36771.44
64836,29,603,55,62,36838.19
64841,29,595,55,83,36674.25
64846,29,588,55,114,36598.25
64851,29,531,52,65,36465.44
64856,29,589,53,62,36858.94
64861,29,612,53,71,36711.12
64866,29,615,55,70,36662.31
64872,29,619,55,118,36741.50
64877,29,604,53,85,36663.44
64882,29,540,52,88,36562.25
64887,29,586,53,87,36595.25
64892,29,569,55,235,36710.25
64897,29,586,55,110,36805.06
64902,29,593,53,108,36729.19
64907,29,591,55,88,36759.69
64912,29,590,53,85,36684.56
64917,29,615,53,79,36882.81
64922,29,616,55,63,37017.94
64927,29,590,55,70,36989.19
64932,29,552,55,72,36745.62
64938,29,584,53,61,36528.06
64943,29,589,52,68,36717.50
64948,29,591,57,267,37187.81
64953,29,580,53,54,36870.06
64958,29,591,55,80,36848.44
64963,29,544,57,54,36437.00
64968,29,568,60,70,36615.31
64973,29,574,53,102,36596.44
64978,29,549,51,66,36489.38
64983,29,575,52,62,36496.19
64988,29,515,55,67,36548.38
64994,29,585,53,67,36858.94
64999,29,593,53,65,36847.62
65004,29,581,53,92,36921.06
65009,29,522,53,71,36714.56
65014,29,569,58,59,36833.38
65019,29,577,58,64,36991.88
65024,29,532,52,178,37000.25
65029,29,560,53,69,36590.31
65034,29,605,53,63,36642.06
65039,29,613,52,141,36952.00
65044,29,609,55,77,36867.69
65049,29,595,55,92,36785.00
65054,29,580,52,72,36684.19
65060,29,595,56,99,37013.75
65065,29,554,56,94,36996.75
65070,29,592,52,91,36817.31
65075,29,555,59,66,36610.00
65080,29,570,52,66,36580.12
65085,29,554,53,60,36709.44
65090,29,592,53,63,36835.06
65095,29,606,52,110,36908.06
65100,29,561,53,75,36536.38
65105,29,608,55,116,36714.88
65110,29,597,55,63,36677.75
65115,29,604,55,114,36848.44
65120,29,560,53,57,36677.38
65126,29,667,52,83,36713.44
65131,29,657,53,64,36788.75
65136,29,537,55,57,36630.00
65141,29,598,55,62,36725.50
65146,29,596,55,85,36715.19
65151,29,586,57,214,36808.44
65156,29,604,55,68,36464.81
65161,29,578,50,51,36374.38
65166,29,573,55,107,36479.31
65171,29,589,53,65,36453.88
65176,29,597,53,66,36728.88
65181,29,590,53,80,36707.25
65186,29,576,51,66,36710.81
65192,29,595,53,78,36776.56
65197,29,545,55,62,36886.00
65202,29,598,54,84,36864.31
65207,29,593,53,61,36833.06
65212,29,594,53,82,36549.69
65217,29,604,53,63,36685.69
65222,29,616,53,64,36967.44
65227,29,592,55,69,36824.62
65232,29,604,55,70,36818.75
65237,29,586,51,64,36527.50
65242,29,598,57,61,36954.62
65247,29,552,56,75,36837.69
65252,29,596,55,63,36762.19
65258,29,563,50,78,36634.19
65263,29,581,53,307,36789.69
65268,29,569,53,73,36524.56
65273,29,554,53,103,36395.06
65278,29,615,53,79,36834.50
65283,29,611,50,63,36710.75
65288,29,590,55,60,36749.12
65293,29,591,55,85,36783.94
65298,29,616,53,74,36923.50
65303,29,614,53,90,37040.38
65308,29,578,51,66,36914.75
65313,29,544,55,64,36903.94
65319,29,577,55,118,37030.00
65324,29,573,53,76,36947.38
65329,29,548,174,75,37326.56
65334,29,597,53,65,37130.50
65339,29,505,52,64,36671.00
65344,29,561,55,59,36749.62
65349,29,574,55,78,36716.31
65354,29,583,53,62,36727.12
65359,29,515,57,107,36563.62
65364,29,585,57,90,36897.81
65369,29,592,57,68,36889.06
65374,29,586,55,192,37052.00
65380,29,555,55,64,36714.75
65385,29,569,53,68,36930.00
65390,29,585,53,63,36881.69
65395,29,615,53,100,36909.50
65400,29,618,53,76,36850.94
65405,29,595,55,87,36637.06
65410,29,607,55,69,36698.31
65415,29,535,53,73,36731.00
65420,29,593,53,78,36894.44
65425,29,590,53,84,36887.88
65430,29,542,53,69,36645.75
65435,29,582,55,72,36784.25
65440,29,525,54,61,36543.94
65446,29,557,60,83,36631.62
65451,29,564,53,110,36569.69
65456,29,630,53,81,36833.25
65461,29,630,52,78,36746.31
65466,29,577,55,201,36988.88
65471,29,549,55,78,36742.69
65476,29,588,53,72,36764.44
65481,29,603,53,64,36836.31
65486,29,540,53,75,36737.69
65491,29,593,53,69,36640.94
65496,29,532,54,106,36730.75
65501,29,587,54,143,37042.94
65507,29,575,53,62,36794.38
65512,29,510,53,24,36322.81
65517,29,603,54,144,36696.38
65522,29,602,54,125,36733.06
65527,29,542,53,69,36528.75
65532,29,582,53,62,36435.00
65537,29,602,53,112,36863.62
65542,29,605,57,61,36847.38
65547,29,604,57,69,36830.88
65552,29,519,55,82,36562.50
65557,29,579,59,74,36930.56
65562,29,573,62,59,36773.94
65567,29,589,62,117,37059.81
65573,29,592,60,67,36857.50
65578,29,616,53,209,36960.62
65583,29,562,51,71,36609.94
65588,29,610,55,65,36904.44
65593,29,594,55,57,36802.38
65598,29,535,51,77,36602.06
65603,29,591,53,116,36837.38
65608,29,541,51,64,36568.19
65613,29,567,54,61,36704.06
65618,29,561,55,118,36615.19
65623,29,583,55,146,36928.00
65628,29,599,52,67,36831.19
65634,29,599,53,99,36795.69
65639,29,618,53,69,36884.88
65644,29,614,55,57,36871.38
65649,29,600,59,74,36957.31
65654,29,612,59,65,36867.56
65659,29,599,59,66,36457.31
65664,29,554,52,66,36801.25
65669,29,598,53,117,36958.75
65674,29,593,55,73,36919.12
65679,29,584,54,79,36800.12
65684,29,583,60,65,36786.19
65689,29,572,53,214,36878.62
65695,29,564,53,71,36662.25
65700,29,556,53,69,36568.06
65705,29,567,59,60,36616.38
65710,29,591,59,73,36652.75
65715,29,600,55,67,36871.94
65720,29,591,53,97,36723.88
65725,29,601,53,77,37095.88
65730,29,600,57,62,36873.38
65735,29,600,58,76,36961.81
65740,29,600,59,64,36941.88
65745,29,588,55,73,36740.81
65750,29,651,53,69,36816.81
65755,29,661,57,100,36942.81
65761,29,649,57,71,36979.25
65766,29,607,55,59,36788.62
65771,29,622,55,74,36781.25
65776,29,612,59,69,36897.69
65781,29,593,57,104,36872.19
65786,29,537,51,55,36670.69
65791,29,587,53,90,36717.50
65796,29,606,55,82,36865.56
65801,29,616,62,82,36952.94
65806,29,615,62,97,36949.50
65811,29,540,52,59,36685.50
65816,29,622,52,73,37017.56
65822,29,618,53,59,36857.00
65827,29,623,59,60,37030.75
65832,29,615,59,74,36862.44
65837,29,624,59,283,36977.44
65842,29,545,51,118,36799.94
65847,29,619,53,65,37022.31
65852,29,611,53,68,37125.19
65857,29,591,55,75,37011.19
65862,29,598,55,77,36915.69
65867,29,597,53,67,36901.25
65872,29,595,53,60,36871.44
65877,29,594,53,67,36764.19
65882,29,577,51,123,36617.38
65888,29,571,55,57,36689.50
65893,29,604,53,307,36924.69
65898,29,613,53,110,36918.06
65903,29,585,50,68,36789.50
65908,29,608,53,88,37011.62
65913,29,624,56,61,36832.75
65918,29,624,58,71,36900.56
65923,29,621,65,69,36860.31
65928,29,615,65,125,36858.06
65933,29,590,51,102,36591.12
65938,29,634,52,71,36988.25
65943,29,638,53,68,36917.81
65948,29,608,55,64,36802.06
65954,29,618,54,115,36956.62
65959,29,610,54,68,36820.31
65964,29,593,52,61,36772.69
65969,29,548,53,69,36672.50
65974,29,597,53,108,36890.62
65979,29,608,55,76,36933.44
65984,29,615,55,150,37065.25
65989,29,581,53,82,36743.75
65994,29,622,53,115,36947.31
65999,29,623,53,66,37063.19
66004,29,614,54,63,37018.00
66009,29,610,55,62,36868.38
66014,29,625,55,62,36766.62
66020,29,599,52,89,36777.56
66025,29,625,53,65,36912.69
66030,29,611,53,68,36827.44
66035,29,599,54,71,36917.88
66040,29,579,57,80,36898.62
66045,29,594,53,94,36818.81
66050,29,555,53,63,36634.94
66055,29,605,52,64,36714.75
66060,29,553,56,86,36695.88
66065,29,617,59,69,36973.06
66070,29,621,59,57,36839.56
66075,29,609,52,74,36955.19
66081,29,601,53,87,36892.44
66086,29,619,53,105,37015.69
66091,29,621,53,64,36990.38
66096,29,620,55,109,37067.44
66101,29,594,55,90,36642.06
66106,29,591,52,36,36767.50
66111,29,608,53,86,36947.31
66116,29,621,53,73,36907.19
66121,29,633,53,67,36898.56
66126,29,618,59,126,37022.75
66131,29,627,59,62,36954.62
66136,29,569,53,65,36720.25
66141,29,586,52,102,36686.06
66147,29,598,50,16,36593.94
66152,29,617,53,68,37129.88
66157,29,578,53,59,37249.44
66162,29,600,62,65,37136.94
66167,29,574,179,103,37287.75
66172,29,587,57,77,37068.00
66177,29,617,57,74,37073.12
66182,29,614,52,62,37034.25
66187,29,582,55,67,36839.00
66192,29,603,55,65,36764.44
66197,29,599,52,100,36929.88
66202,29,592,53,86,37060.69
66208,29,595,53,182,37149.19
66213,29,559,53,66,36748.44
66218,29,579,53,116,36838.75
66223,29,586,55,64,36795.56
66228,29,543,52,82,36701.31
66233,29,580,57,73,36675.75
66238,29,595,57,59,36893.88
66243,29,618,57,205,37198.19
66248,29,524,57,58,36754.19
66253,29,598,59,75,36918.94
66259,29,589,57,76,36898.50
66264,29,598,53,111,37216.44
66269,29,552,52,57,36885.12
66274,29,584,53,58,37028.38
66279,29,569,54,49,36929.06
66284,29,580,55,62,37147.31
66289,29,611,53,83,37133.00
66294,29,614,52,87,37082.19
66300,29,627,53,69,37191.00
66305,29,613,53,63,37153.81
66310,29,526,55,58,36841.44
66315,29,569,53,72,36816.94
66320,29,573,52,206,37021.31
66325,29,589,53,63,36966.25
66330,29,599,53,72,36950.50
66335,29,569,54,59,37153.44
66340,29,563,55,135,37206.69
66345,29,573,62,80,37053.81
66351,29,582,62,67,37016.00
66356,29,604,60,62,36899.38
66361,29,612,53,68,36917.81
66366,29,543,54,80,36998.19
66371,29,594,55,59,37108.38
66376,29,588,55,66,37072.50
66381,29,594,54,58,36997.25
66386,29,573,53,66,36949.69
66391,29,600,53,66,36974.25
66396,29,567,55,61,36922.88
66401,29,573,59,60,36860.56
66407,29,513,51,70,36813.69
66412,29,566,53,72,36885.06
66417,29,593,53,120,36998.75
66422,29,607,53,57,37050.38
66427,29,593,55,65,37184.56
66432,29,584,53,60,37023.94
66437,29,545,59,93,37108.38
66442,29,591,57,73,37194.56
66447,29,630,50,68,37208.25
66452,29,590,53,14,37172.31
66457,29,579,55,62,37043.06
66463,29,546,54,74,36791.06
66468,29,617,53,57,37007.62
66473,29,601,53,87,37277.62
66478,29,616,51,62,37203.38
66483,29,610,57,65,37162.75
66488,29,601,59,245,37385.25
66493,29,611,59,78,37165.69
66498,29,593,58,88,37063.12
66503,29,550,48,60,36872.06
66508,29,518,51,59,36935.44
66513,29,421,45,132,37800.25
66518,29,500,51,67,37514.19
66523,29,519,118,62,37644.06
66529,29,466,48,140,37545.75
66534,29,512,47,110,36667.62
66539,29,555,49,61,37014.62
66544,29,560,49,81,37068.88
66549,29,549,51,76,37033.31
66554,29,545,51,69,36868.56
66559,29,520,48,62,37488.38
66564,29,487,49,94,37473.25
66569,29,539,49,71,36982.62
66574,29,497,49,89,37919.19
66579,29,531,51,87,37203.50
66584,29,501,58,51,36932.81
66590,29,513,55,65,37228.50
66595,29,544,55,68,36987.94
66600,29,499,54,65,37457.38
66605,29,460,51,65,36699.31
66610,29,529,53,98,36522.19
66615,29,555,53,67,36916.19
66620,29,495,51,68,36685.31
66625,29,473,48,69,36615.00
66630,29,550,51,107,36778.06
66635,29,548,51,83,36988.44
66641,29,542,53,65,36760.44
66646,29,528,53,58,36619.44
66651,29,556,51,70,36789.38
66656,29,582,51,334,37397.19
66661,29,564,51,68,37067.75
66666,29,552,53,95,37106.69
66671,29,554,53,133,36951.69
66676,29,525,52,63,37074.19
66681,29,532,49,64,37276.12
66687,29,538,49,67,37107.25
66692,29,519,48,60,36815.88
66697,29,454,50,69,36865.81
66702,29,516,50,77,36723.00
66707,29,535,50,76,36977.56
66712,29,538,46,73,37171.31
66717,29,476,47,90,36773.00
66722,29,558,48,102,37061.31
66727,29,557,50,59,36993.38
66732,29,566,49,67,36968.88
66737,29,525,48,72,36723.25
66742,29,542,48,72,36849.75
66747,29,545,48,219,37186.75
66753,29,537,48,66,36967.31
66758,29,514,49,69,37077.75
66763,29,521,55,86,37069.50
66768,29,514,48,247,37103.56
66773,29,525,48,63,36855.12
66778,29,492,47,92,36834.25
66783,29,515,48,69,36778.56
66788,29,457,49,62,36838.81
66793,29,525,50,61,36763.00
66798,29,541,48,64,37197.56
66803,29,543,47,78,37347.69
66808,29,485,46,64,37035.00
66813,29,524,51,77,36936.06
66819,29,533,53,63,37078.00
66824,29,548,51,350,37351.12
66829,29,544,49,72,36987.81
66834,29,543,49,92,36853.62
66839,29,536,45,74,36814.88
66844,29,561,49,68,37053.31
66849,29,521,47,61,37272.31
66854,29,532,50,75,37042.31
66859,29,591,51,85,37241.19
66864,29,544,51,63,37078.44
66869,29,532,49,65,36940.50
66874,29,517,48,76,36794.19
66879,29,518,50,177,36920.06
66885,29,532,50,76,36967.62
66890,29,542,50,77,36987.38
66895,29,567,47,71,37071.00
66900,29,472,50,64,36885.88
66905,29,550,50,106,37005.31
66910,29,582,52,75,37160.69
66915,29,590,51,72,37227.19
66920,29,521,51,51,36880.06
66925,29,576,49,64,36920.25
66931,29,528,48,65,36951.25
66936,29,563,48,250,37312.94
66941,29,545,54,79,37062.56
66946,29,548,54,62,37066.00
66951,29,541,48,99,36967.88
66956,29,560,49,91,36879.81
66961,29,512,49,67,36864.50
66966,29,525,51,54,36832.88
66971,29,555,51,68,36970.56
66976,29,554,49,106,36940.94
66981,29,562,49,71,37182.56
66986,29,563,49,74,37182.88
66991,29,574,49,142,37102.69
66997,29,515,51,82,37121.19
67002,29,553,51,75,37105.75
67007,29,561,51,126,37217.12
67012,29,570,51,63,37123.00
67017,29,556,48,71,37008.19
67022,29,568,49,68,36875.94
67027,29,555,50,75,37125.69
67032,29,553,50,106,36924.56
67037,29,557,51,64,37015.44
67042,29,556,49,117,37085.88
67047,29,495,49,65,36941.62
67052,29,541,49,103,37016.06
67058,29,545,51,71,37108.12
67063,29,562,51,69,37128.69
67068,29,550,49,68,36771.25
67073,29,535,49,71,36709.19
67078,29,572,49,59,36776.19
67083,29,593,49,248,37174.19
67088,29,558,47,76,36872.75
67093,29,542,51,37,36750.31
67098,29,555,51,58,36959.69
67103,29,567,51,72,37096.25
67108,29,590,49,181,37228.69
67113,29,583,49,65,37014.88
67119,29,567,48,93,36885.62
67124,29,552,58,88,36924.12
67129,29,561,58,116,36900.75
67134,29,585,56,71,37023.44
67139,29,594,48,57,37156.19
67144,29,560,49,62,36749.19
67149,29,520,51,68,36868.44
67154,29,567,51,58,36912.19
67159,29,533,46,109,36679.69
67164,29,560,49,55,36694.31
67169,29,570,47,66,36923.06
67174,29,575,53,129,37170.88
67179,29,558,55,71,36948.56
67184,29,543,50,70,36781.75
67190,29,560,49,59,37051.00
67195,29,580,49,203,37201.00
67200,29,585,49,66,37051.81
67205,29,581,49,98,36984.38
67210,29,585,51,37,37024.81
67215,29,566,55,70,36967.31
67220,29,572,55,71,37023.50
67225,29,563,53,80,37005.44
67230,29,572,49,218,37197.81
67235,29,494,49,61,36846.88
67240,29,535,50,56,36753.25
67245,29,549,56,97,36818.94
67251,29,564,56,328,37213.06
67256,29,592,55,79,36988.12
67261,29,573,49,62,36833.69
67266,29,557,49,65,37075.56
67271,29,573,51,94,37036.12
67276,29,532,51,65,36983.25
67281,29,584,51,78,37007.69
67286,29,583,49,207,37118.50
67291,29,528,48,86,36914.69
67296,29,574,49,80,37175.81
67301,29,566,51,66,37119.00
67306,29,563,51,102,37096.56
67311,29,568,49,79,36931.25
67316,29,519,48,75,37118.38
67322,29,565,49,67,37146.00
67327,29,487,49,67,36882.62
67332,29,549,50,60,36822.12
67337,29,577,49,64,37057.50
67342,29,594,49,58,37412.81
67347,29,559,48,93,37410.44
67352,29,533,49,75,37219.12
67357,29,482,47,67,37033.94
67362,29,508,57,105,37024.00
67367,29,555,58,69,37206.19
67372,29,558,56,97,37089.50
67378,29,566,49,63,37112.50
67383,29,565,49,66,36948.75
67388,29,544,50,71,37070.50
67393,29,565,51,66,37106.62
67398,29,553,51,204,37259.56
67403,29,551,48,85,37236.00
67408,29,525,49,68,37207.94
67413,29,571,49,70,37234.00
67418,29,456,47,95,37012.50
67423,29,529,49,133,37182.56
67428,29,533,48,110,37197.12
67433,29,567,175,65,37736.69
67439,29,515,53,57,37787.00
67444,29,539,49,63,37520.81
67449,29,525,51,71,37378.50
67454,29,553,51,83,37434.38
67459,29,553,51,80,37381.50
67464,29,561,49,73,37440.94
67469,29,538,49,57,37248.25
67474,29,528,49,82,36798.06
67479,29,514,48,73,36979.06
67484,29,542,57,115,37156.25
67489,29,550,55,25,37340.62
67494,29,530,49,60,37094.50
67500,29,526,46,71,36976.12
67505,29,545,49,62,36915.38
67510,29,530,48,192,37017.06
67515,29,528,51,76,36746.88
67520,29,542,51,144,36996.75
67525,29,557,49,60,37141.25
67530,29,554,49,63,37038.56
67535,29,524,49,118,37058.81
67540,29,528,51,70,37037.44
67545,29,535,51,62,37178.12
67550,29,535,51,73,37128.75
67555,29,567,49,68,36927.44
67561,29,553,49,122,37074.56
67566,29,555,49,243,37373.69
67571,29,551,51,66,37035.00
67576,29,531,51,80,36950.25
67581,29,542,51,62,37017.56
67586,29,489,49,73,36863.00
67591,29,523,48,72,36893.50
67596,29,526,49,80,37011.62
67601,29,553,58,100,37208.06
67606,29,515,58,67,37079.56
67611,29,511,49,95,36899.44
67617,29,561,48,61,37229.75
67622,29,567,49,267,37420.38
67627,29,564,49,68,37160.25
67632,29,554,51,56,37012.19
67637,29,559,51,58,36974.31
67642,29,524,49,93,36984.94
67647,29,538,48,63,37148.44
67652,29,554,49,60,37174.81
67657,29,527,48,80,37199.69
67662,29,528,51,97,36952.44
67667,29,519,49,98,37003.44
67672,29,532,49,96,37008.44
67677,29,544,45,172,36991.12
67683,29,541,49,59,36759.62
67688,29,546,49,153,36974.31
67693,29,559,51,66,37091.50
67698,29,531,50,64,36860.50
67703,29,546,49,83,37058.19
67708,29,561,49,72,37164.62
67713,29,559,51,110,37333.75
67718,29,556,54,81,37094.06
67723,29,497,54,150,37051.69
67728,29,544,46,138,37044.88
67733,29,565,49,236,37176.69
67739,29,524,49,70,37223.75
67744,29,576,48,75,37237.69
67749,29,546,51,67,37180.50
67754,29,564,51,74,37188.75
67759,29,561,54,72,37193.69
67764,29,565,52,79,37146.50
67769,29,548,46,89,37049.25
67774,29,705,49,58,36973.94
67779,29,514,52,83,36887.94
67784,29,549,177,66,37475.81
67789,29,558,51,138,37346.75
67794,29,587,48,108,37010.50
67799,29,581,49,60,36997.00
67804,29,596,49,94,37228.12
67810,29,551,50,88,37100.81
67815,29,570,51,54,37156.25
67820,29,551,51,66,37053.50
67825,29,580,49,90,37139.69
67830,29,549,49,70,37013.88
67835,29,547,49,102,37138.06
67840,29,542,50,67,37129.81
67845,29,538,51,73,37106.06
67850,29,477,49,121,36883.75
67855,29,558,49,58,36842.06
67861,29,522,49,67,37012.25
67866,29,526,49,55,36791.38
67871,29,534,51,76,36702.25
67876,29,545,51,102,36979.38
67881,29,550,51,63,37104.62
67886,29,546,49,92,37091.62
67891,29,516,45,59,36750.19
67896,29,548,49,69,37099.25
67901,29,542,51,71,37021.19
67906,29,545,51,86,37044.00
67911,29,544,51,56,36933.94
67917,29,565,49,68,36856.44
67922,29,555,48,63,36799.69
67927,29,551,49,77,37129.50
67932,29,561,51,65,37051.06
67937,29,544,51,191,37092.19
67942,29,546,49,73,37087.12
67947,29,537,48,83,37141.88
67952,29,510,49,61,37059.31
67957,29,475,48,71,36867.88
67962,29,524,58,62,36823.19
67967,29,526,56,60,36826.25
67972,29,539,49,179,37107.31
67977,29,555,49,73,37121.88
67982,29,580,49,71,37166.44
67988,29,539,49,72,37066.44
67993,29,541,54,287,37224.19
67998,29,553,54,88,36990.62
68003,29,549,49,109,37101.31
68008,29,552,49,62,37208.12
68013,29,546,49,74,37094.25
68018,29,508,49,122,36843.81
68023,29,525,51,200,36883.31
68028,29,549,50,164,37268.69
68033,29,551,49,60,37016.56
68038,29,566,49,68,37109.44
68043,29,544,48,68,36960.38
68049,29,520,48,157,37126.81
68054,29,544,51,66,36931.38
68059,29,534,49,76,36945.56
68064,29,520,46,65,36961.69
68069,29,548,49,66,37061.44
68074,29,550,49,76,37073.19
68079,29,533,51,77,37011.81
68084,29,535,51,164,37131.06
68089,29,539,51,76,37071.81
68094,29,557,49,49,36909.00
68099,29,574,49,74,37112.94
68104,29,577,49,63,36973.50
68110,29,557,50,107,36991.00
68115,29,534,54,54,36806.50
68120,29,547,54,196,37197.12
68125,29,564,54,65,37026.69
68130,29,555,49,63,37067.50
68135,29,549,49,102,37184.44
68140,29,542,51,65,37204.44
68145,29,547,57,55,37057.19
68150,29,526,49,71,36879.31
68155,29,545,49,67,36930.44
68160,29,559,49,112,37022.00
68165,29,505,49,81,37044.06
68170,29,541,51,81,36924.69
68176,29,545,51,66,37117.06
68181,29,554,51,134,37169.12
68186,29,558,49,74,37218.50
68191,29,546,48,71,37117.31
68196,29,539,49,80,37178.94
68201,29,527,51,63,37150.38
68206,29,545,54,77,37320.88
68211,29,547,53,70,37223.25
68216,29,572,53,69,37195.62
68221,29,536,49,57,37149.50
68226,29,556,49,72,37259.19
68231,29,561,51,75,37250.44
68236,29,504,50,70,37035.12
68242,29,531,49,57,37092.38
68247,29,540,48,59,37104.56
68252,29,533,46,88,36985.50
68257,29,543,49,62,37190.38
68262,29,548,50,132,37177.50
68267,29,558,51,58,37227.06
68272,29,548,49,103,37129.06
68277,29,569,49,76,37105.44
68282,29,583,49,88,37179.50
68287,29,553,48,73,37195.56
68292,29,560,51,56,37008.06
68297,29,539,48,102,37109.88
68303,29,558,54,75,37375.44
68308,29,576,53,183,37516.38
68313,29,524,49,66,37193.25
68318,29,580,49,62,37411.56
68323,29,551,58,56,37337.25
68328,29,501,57,57,37244.75
68333,29,540,49,65,36931.06
68338,29,530,47,86,36859.75
68343,29,566,49,202,37337.81
68348,29,559,49,82,37152.00
68353,29,520,48,42,37001.31
68358,29,556,51,67,37242.88
68364,29,554,49,286,37528.56
68369,29,564,48,60,37300.88
68374,29,563,49,68,37171.69
68379,29,552,51,132,37110.81
68384,29,496,57,156,37044.62
68389,29,551,58,75,37299.06
68394,29,588,47,70,37175.12
68399,29,558,48,65,37282.44
68404,29,584,49,83,37122.44
68409,29,532,49,73,37063.62
68414,29,568,51,62,36936.19
68420,29,542,46,153,37142.56
68425,29,575,48,64,37148.06
68430,29,575,49,63,37248.06
68435,29,563,47,58,37341.44
68440,29,500,54,87,37137.44
68445,29,555,55,74,37216.81
68450,29,558,51,65,37151.81
68455,29,593,49,77,37442.94
68460,29,557,49,66,37205.00
68465,29,582,49,70,37033.19
68471,29,569,50,103,37114.38
68476,29,596,50,297,37477.94
68481,29,577,51,72,37235.81
68486,29,585,49,91,37285.56
68491,29,560,48,79,37254.25
68496,29,516,49,73,37271.88
68501,29,562,52,100,37243.75
68506,29,548,49,69,37011.31
68511,29,549,49,59,37168.69
68516,29,569,49,97,37185.38
68521,29,585,49,71,37287.38
68526,29,584,49,93,37339.25
68531,29,559,51,73,37082.69
68536,29,506,51,79,37174.94
68542,29,563,49,112,37345.94
68547,29,549,46,63,37684.94
68552,29,502,49,59,37593.62
68557,29,538,49,61,37523.75
68562,29,536,59,71,37454.69
68567,29,564,59,80,37269.75
68572,29,524,49,71,37238.12
68577,29,577,49,64,37428.06
68582,29,541,49,79,37500.12
68587,29,441,46,30,36936.38
68592,29,535,51,79,37046.44
68597,29,555,51,72,37234.81
68603,29,531,53,58,37283.19
68608,29,485,49,60,37038.81
68613,29,529,52,79,37044.50
68618,29,520,52,74,37332.44
68623,29,584,51,60,37570.88
68628,29,540,50,57,37566.88
68633,29,527,168,66,37624.44
68638,29,510,48,62,37472.25
68643,29,539,48,96,37519.62
68648,29,554,48,77,37763.69
68653,29,543,53,66,37588.31
68658,29,546,57,70,37564.38
68664,29,505,51,83,37334.62
68669,29,529,49,64,37235.62
68674,29,522,49,97,37330.94
68679,29,531,49,62,37535.00
68684,29,534,50,63,37443.44
68689,29,531,51,63,37295.81
68694,29,566,49,55,37414.31
68699,29,492,47,64,37134.19
68704,29,589,49,66,37016.38
68709,29,538,46,88,37133.50
68714,29,568,51,74,37331.81
68719,29,561,51,64,37171.69
68724,29,544,45,78,37139.50
68729,29,563,49,89,37386.88
68735,29,587,49,148,37517.25
68740,29,588,50,67,37387.69
68745,29,561,50,101,37163.62
68750,29,533,46,120,37308.38
68755,29,573,49,84,37225.38
68760,29,582,49,107,37371.56
68765,29,565,46,62,37248.56
68770,29,574,50,69,37344.12
68775,29,506,50,59,37312.00
68780,29,527,52,61,37202.50
68785,29,541,49,81,37261.75
68791,29,534,47,174,37366.69
68796,29,542,48,71,37505.12
68801,29,535,50,79,37500.94
68806,29,548,49,71,37519.62
68811,29,465,48,59,37172.06
68816,29,582,48,88,37527.00
68821,29,581,48,56,37424.56
68826,29,587,48,77,37664.88
68831,29,555,50,74,37425.75
68836,29,555,50,73,37310.56
68841,29,540,48,62,37253.94
68846,29,573,48,171,37720.94
68852,29,523,48,74,37515.56
68857,29,549,48,69,37546.25
68862,29,548,50,76,37500.31
68867,29,548,50,70,37469.31
68872,29,560,50,68,37460.81
68877,29,573,48,94,37497.94
68882,29,550,52,74,37359.75
68887,29,538,48,64,37277.88
68892,29,549,50,62,37280.94
68897,29,563,50,59,37508.19
68902,29,566,50,66,37566.38
68907,29,580,48,62,37512.69
68912,29,472,45,118,37366.75
68918,29,544,48,109,37669.62
68923,29,543,50,127,37494.50
68928,29,559,50,72,37563.69
68933,29,563,50,67,37376.19
68938,29,589,48,62,37427.62
68943,29,515,48,83,37539.75
68948,29,563,48,63,37573.69
68953,29,572,49,54,37614.75
68958,29,496,48,77,37385.50
68963,29,557,48,71,37375.31
68968,29,571,46,61,37395.69
68973,29,552,48,65,37370.31
68978,29,535,46,83,37166.75
68984,29,522,50,71,37238.06
68989,29,580,50,72,37515.56
68994,29,586,45,95,37453.56
68999,29,584,48,73,37240.44
69004,29,595,48,104,37383.81
69009,29,581,48,69,37427.81
69014,29,576,50,128,37374.25
69019,29,581,50,137,37426.81
69024,29,585,50,88,37439.94
69029,29,565,46,56,37476.94
69034,29,509,48,71,37555.56
69039,29,553,149,68,37812.38
69045,29,564,57,80,37542.94
69050,29,556,57,272,37722.31
69055,29,579,55,80,37506.94
69060,29,580,49,100,37488.31
69065,29,546,45,61,37245.50
69070,29,486,49,69,37108.00
69075,29,562,51,78,37286.75
69080,29,570,51,72,37426.88
69085,29,561,49,37,37454.56
69090,29,560,46,90,37471.00
69095,29,518,48,64,37531.62
69100,29,549,51,63,37551.94
69105,29,555,51,87,37621.75
69111,29,550,51,77,37199.62
69116,29,569,48,69,37307.19
69121,29,582,49,110,37573.38
69126,29,567,49,91,37535.12
69131,29,540,50,60,37327.25
69136,29,554,51,69,37241.19
69141,29,548,52,66,37386.25
69146,29,490,48,16,37200.56
69151,29,552,49,68,37238.50
69156,29,544,48,89,37463.50
69161,29,557,57,14,37474.81
69166,29,541,57,58,37409.00
69172,29,535,51,77,37338.50
69177,29,583,52,76,37735.56
69182,29,525,52,122,37686.25
69187,29,563,48,91,37707.62
69192,29,574,51,63,37547.88
69197,29,575,54,172,37594.25
69202,29,547,51,73,37468.19
69207,29,529,49,87,37689.25
69212,29,580,49,71,37686.06
69217,29,553,48,198,37834.12
69223,29,558,51,61,37627.94
69228,29,555,51,104,37590.75
69233,29,553,49,117,37464.38
69238,29,565,49,64,37388.00
69243,29,563,49,60,37350.00
69248,29,568,49,113,37569.38
69253,29,576,50,107,37524.94
69258,29,513,51,53,37507.38
69263,29,565,51,60,37634.81
69268,29,571,48,66,37641.88
69273,29,574,49,137,37659.94
69278,29,552,49,92,37417.19
69284,29,501,54,64,37347.56
69289,29,566,57,75,37823.88
69294,29,571,52,64,37555.19
69299,29,517,51,58,37349.12
69304,29,554,49,61,37405.94
69309,29,560,49,70,37493.44
69314,29,555,48,63,37301.88
69319,29,544,51,102,37354.31
69324,29,587,54,74,37730.88
69329,29,529,52,107,37543.75
69334,29,539,48,85,37503.38
69339,29,556,52,60,37744.81
69345,29,564,54,67,37747.06
69350,29,565,54,82,37736.56
69355,29,582,49,63,37518.44
69360,29,549,49,84,37606.81
69365,29,583,48,263,37864.69
69370,29,583,49,79,37714.31
69375,29,552,51,89,37593.06
69380,29,567,51,65,37706.94
69385,29,558,49,96,37639.31
69390,29,520,46,70,37456.12
69395,29,548,49,99,37550.25
69400,29,560,49,243,37928.94
69405,29,560,56,75,37694.75
69411,29,555,49,54,37548.75
69416,29,596,49,78,37970.44
69421,29,607,49,87,37980.69
69426,29,611,49,76,37906.25
69431,29,588,51,96,37828.44
69436,29,578,51,66,37600.44
69441,29,547,51,137,37520.38
69446,29,567,49,91,37723.75
69451,29,570,48,59,37819.31
69456,29,563,49,82,37939.50
69461,29,552,51,79,37731.00
69467,29,553,51,59,37699.38
69472,29,554,48,69,37590.06
69477,29,589,49,68,37726.81
69482,29,532,49,61,37544.31
69487,29,547,46,84,37573.50
69492,29,575,54,101,37678.94
69497,29,589,54,54,37746.19
69502,29,592,54,57,37757.25
69507,29,579,49,54,37808.56
69512,29,583,50,113,37909.62
69518,29,584,51,63,37826.69
69523,29,578,60,98,37889.69
69528,29,573,56,102,37851.44
69533,29,583,58,177,37827.62
69538,29,599,49,76,37665.88
69543,29,540,48,106,37731.56
69548,29,582,49,65,37966.75
69553,29,581,51,78,37761.56
69558,29,568,52,68,37719.56
69563,29,579,53,96,37841.31
69568,29,579,49,78,37831.19
69573,29,510,49,55,37587.56
69578,29,550,49,60,37620.69
69584,29,547,51,103,37712.62
69589,29,591,51,300,38139.25
69594,29,605,51,81,37788.38
69599,29,590,49,73,37844.56
69604,29,590,49,64,37861.62
69609,29,584,49,67,37861.25
69614,29,582,51,66,37728.75
69619,29,579,51,55,37845.88
69624,29,602,51,90,37789.31
69629,29,563,49,64,37635.75
69634,29,585,49,80,37754.12
69639,29,584,49,63,37885.19
69644,29,570,51,298,38068.50
69650,29,558,53,92,37729.38
69655,29,555,47,76,37632.06
69660,29,585,49,70,37746.50
69665,29,538,45,67,37654.94
69670,29,579,49,53,37676.75
69675,29,582,51,98,37786.69
69680,29,593,51,99,38014.50
69685,29,596,51,64,37779.12
69690,29,522,50,68,37714.81
69695,29,570,52,63,37929.38
69700,29,571,49,149,37966.12
69706,29,576,51,84,37858.56
69711,29,570,51,88,37744.62
69716,29,604,51,75,37801.25
69721,29,564,45,89,37845.56
69726,29,605,49,62,37978.94
69731,29,595,51,73,38079.56
69736,29,585,51,59,38120.38
69741,29,586,51,64,38183.75
69746,29,575,48,86,38247.94
69751,29,583,49,64,38121.00
69756,29,523,49,62,37848.00
69761,29,518,57,68,37846.06
69766,29,553,58,64,37669.12
69772,29,574,58,86,37970.38
69777,29,594,49,72,37989.56
69782,29,595,49,90,37981.88
69787,29,567,49,74,38043.88
69792,29,582,51,64,38156.00
69797,29,574,51,59,38047.25
69802,29,575,55,77,38150.88
69807,29,571,52,108,38006.31
69812,29,578,52,69,37872.56
69817,29,516,52,82,38181.75
69822,29,570,54,57,38281.44
69827,29,554,52,88,38414.44
69833,29,490,51,71,37912.38
69838,29,558,51,63,37997.88
69843,29,544,51,75,38086.19
69848,29,544,51,79,38036.88
69853,29,497,53,67,37795.25
69858,29,507,51,160,38055.75
69863,29,535,53,61,38559.25
69868,29,500,51,60,38348.25
69873,29,518,50,65,37842.12
69878,29,531,51,88,37991.12
69883,29,541,53,54,38086.94
69888,29,538,53,98,38041.44
69893,29,539,50,61,37836.12
69899,29,564,55,76,37935.12
69904,29,574,55,254,38205.88
69909,29,559,55,88,38064.56
69914,29,557,53,64,37943.19
69919,29,543,53,161,38137.50
69924,29,534,51,62,37919.75
69929,29,459,51,66,37779.50
69934,29,535,50,106,37790.38
69939,29,543,51,102,38055.31
69944,29,546,60,102,38039.06
69949,29,531,59,66,37916.56
69954,29,558,51,81,37905.19
69960,29,563,51,137,38176.12
69965,29,570,51,63,38001.50
69970,29,542,51,69,38005.75
69975,29,558,53,86,37887.12
69980,29,520,52,94,37737.88
69985,29,556,53,82,38022.75
69990,29,552,49,76,37982.69
69995,29,537,50,246,38136.06
70000,29,483,49,73,37836.25
70005,29,534,53,68,37853.31
70010,29,519,48,69,37840.25
70015,29,566,51,138,37930.81
70021,29,512,49,59,37744.31
70026,29,576,51,73,37945.06
70031,29,550,50,74,37981.69
70036,29,488,51,64,37741.75
70041,29,545,53,107,38147.50
70046,29,546,50,88,38170.31
70051,29,552,51,66,38303.00
70056,29,529,51,65,38151.12
70061,29,535,51,61,38126.56
70066,29,541,53,75,37924.94
70071,29,532,52,39,37850.81
70076,29,573,53,116,38062.81
70082,29,575,51,74,38151.88
70087,29,569,50,76,38222.50
70092,29,545,51,89,37974.38
70097,29,562,53,120,38183.56
70102,29,562,53,78,38133.12
70107,29,534,51,62,38020.25
70112,29,480,50,69,37886.12
70117,29,521,51,114,37924.69
70122,29,542,53,110,38118.75
70127,29,546,53,68,38119.06
70132,29,521,51,63,37854.81
70137,29,563,51,63,38215.50
70143,29,566,51,60,38184.56
70148,29,564,55,112,38296.00
70153,29,546,54,70,38083.75
70158,29,555,57,64,38103.56
70163,29,540,57,207,38472.44
70168,29,551,54,68,38322.56
70173,29,554,51,128,38320.75
70178,29,530,51,96,38182.94
70183,29,533,60,64,38057.81
70188,29,452,48,64,38081.19
70193,29,550,51,66,38087.94
70199,29,514,48,61,38138.31
70204,29,557,51,67,38293.00
70209,29,562,153,63,38786.12
70214,29,553,53,72,38431.94
70219,29,554,53,217,38442.94
70224,29,553,53,82,38384.50
70229,29,550,51,76,38359.75
70234,29,564,51,66,38280.25
70239,29,540,50,87,37985.44
70244,29,497,57,68,38006.88
70249,29,545,57,73,38231.38
70254,29,571,51,64,38275.12
70259,29,515,51,62,38199.38
70265,29,542,50,83,38194.19
70270,29,557,51,66,38217.06
70275,29,546,57,78,38131.56
70280,29,474,48,74,38088.75
70285,29,550,51,78,38016.31
70290,29,556,51,70,38121.56
70295,29,556,51,72,38178.94
70300,29,541,52,102,38120.19
70305,29,536,57,98,38138.50
70310,29,558,58,88,38301.75
70316,29,544,51,66,38128.31
70321,29,578,51,55,38248.44
70326,29,564,49,63,38033.81
70331,29,571,51,107,38183.06
70336,29,548,54,93,38047.31
70341,29,559,55,68,38319.56
70346,29,560,51,62,38464.50
70351,29,472,51,69,38224.88
70356,29,533,51,91,38259.50
70361,29,526,54,95,38226.25
70366,29,601,60,71,38257.94
70371,29,522,51,95,38074.12
70376,29,557,67,78,38037.00
70381,29,517,55,57,37924.12
70387,29,548,55,274,38396.56
70392,29,555,55,72,38247.44
70397,29,557,57,61,38244.94
70402,29,544,57,222,38507.25
70407,29,523,54,57,38462.25
70412,29,572,57,80,38532.62
70417,29,543,58,89,38237.50
70422,29,559,58,187,38576.44
70427,29,557,60,62,38295.06
70432,29,553,57,62,38336.88
70437,29,566,55,60,38313.00
70442,29,569,54,96,38504.19
70448,29,555,51,66,38403.50
70453,29,554,53,71,38222.50
70458,29,561,56,67,38285.69
70463,29,499,54,74,38162.12
70468,29,547,50,79,38095.12
70473,29,534,51,123,38109.44
70478,29,540,55,178,38441.94
70483,29,491,57,71,38211.75
70488,29,543,53,106,38433.94
70493,29,549,53,78,38395.44
70498,29,534,51,99,38284.44
70503,29,581,51,78,38320.56
70508,29,584,51,71,38290.56
70514,29,561,52,60,38405.81
70519,29,511,53,75,38206.12
70524,29,550,51,119,38208.38
70529,29,582,51,63,38345.56
70534,29,584,51,118,38415.12
70539,29,554,51,66,38224.62
70544,29,510,57,65,38152.94
70549,29,547,57,71,38174.25
70554,29,562,51,63,38163.12
70559,29,534,51,73,38203.25
70564,29,553,51,64,38220.81
70569,29,571,51,137,38524.94
70574,29,579,53,73,38374.00
70579,29,566,53,81,38042.25
70584,29,588,53,78,38305.56
70590,29,590,53,140,38430.19
70595,29,532,51,92,38217.50
70600,29,490,49,74,38139.69
70605,29,547,53,58,38394.88
70610,29,557,53,64,38286.25
70615,29,584,51,61,38235.56
70620,29,532,48,88,38136.56
70625,29,557,51,89,38113.50
70630,29,523,51,70,38219.75
70635,29,535,52,27,38265.06
70640,29,561,53,72,38513.00
70645,29,576,51,108,38581.62
70651,29,552,51,65,38510.19
70656,29,552,51,99,38027.56
70661,29,558,51,75,38151.56
70666,29,528,52,59,37944.31
70671,29,557,52,70,38126.94
70676,29,577,51,68,38101.19
70681,29,599,51,72,38350.00
70686,29,589,51,81,38138.56
70691,29,567,49,67,38069.94
70696,29,583,53,58,37932.19
70701,29,478,50,84,37912.38
70706,29,565,51,141,37968.50
70712,29,591,51,73,38139.31
70717,29,579,51,96,38147.44
70722,29,581,58,64,38148.88
70727,29,569,60,72,38207.56
70732,29,573,60,90,38039.81
70737,29,608,60,196,38298.31
70742,29,618,60,84,38163.31
70747,29,585,51,70,38083.44
70752,29,592,51,64,38098.31
70757,29,524,52,74,38018.06
70762,29,563,51,66,38149.06
70767,29,584,51,56,38196.94
70772,29,580,51,61,38099.50
70777,29,545,51,61,37967.62
70783,29,550,50,81,37900.06
70788,29,569,53,74,38083.25
70793,29,563,51,257,38330.38
70798,29,599,51,72,38258.31
70803,29,599,51,75,38131.69
70808,29,607,51,69,38239.38
70813,29,617,51,124,38200.50
70818,29,560,53,97,38146.94
70823,29,558,51,66,38130.44
70828,29,579,51,159,38409.44
70833,29,574,50,70,38149.88
70838,29,565,51,76,38151.50
70843,29,560,60,66,37930.75
70849,29,546,50,151,38005.50
70854,29,574,51,92,38077.81
70859,29,532,51,97,38149.00
70864,29,577,51,106,38457.12
70869,29,561,51,66,38409.75
70874,29,581,52,80,38154.12
70879,29,598,53,93,38222.56
70884,29,613,53,76,38361.00
70889,29,518,48,119,38213.88
70894,29,558,51,59,38222.62
70899,29,541,51,71,38223.94
70904,29,556,53,126,38228.06
70910,29,561,53,62,38182.50
70915,29,582,53,101,38071.88
70920,29,556,51,114,38176.50
70925,29,546,49,141,37966.19
70930,29,565,51,69,38125.25
70935,29,555,51,92,38130.12
70940,29,573,53,83,38329.25
70945,29,567,53,63,38262.06
70950,29,554,55,67,38155.38
70955,29,568,55,90,38122.69
70960,29,574,55,132,38173.75
70965,29,511,55,78,37984.50
70970,29,583,55,63,38152.69
70976,29,596,51,175,38251.81
70981,29,601,51,129,38294.38
70986,29,598,51,65,38170.62
70991,29,573,51,77,38228.19
70996,29,568,53,76,38170.94
71001,29,547,52,65,37959.94
71006,29,561,49,87,38004.81
71011,29,569,51,77,38109.62
71016,29,529,51,65,38096.75
71021,29,553,51,64,38140.94
71026,29,568,53,80,38345.12
71031,29,564,53,70,38152.69
71036,29,596,53,105,38131.31
71042,29,614,53,66,38259.81
71047,29,606,51,60,38212.38
71052,29,576,51,203,38305.69
71057,29,559,52,61,38062.75
71062,29,545,51,74,38227.62
71067,29,516,63,64,38214.69
71072,29,497,51,74,37970.19
71077,29,534,51,69,37821.56
71082,29,544,54,156,38002.31
71087,29,547,60,99,38113.25
71092,29,555,60,64,38121.50
71097,29,555,51,14,38053.62
71103,29,594,51,60,38126.62
71108,29,601,51,174,38402.19
71113,29,573,51,63,38168.06
71118,29,573,53,91,38167.94
71123,29,552,53,68,38180.25
71128,29,573,53,79,38140.75
71133,29,565,51,69,37982.19
71138,29,545,51,79,38040.94
71143,29,551,51,160,38020.62
71148,29,530,53,64,37841.06
71153,29,530,51,80,37854.62
71158,29,574,51,74,38132.75
71164,29,584,50,252,38351.69
71169,29,575,51,77,38211.94
71174,29,571,53,34,38003.06
71179,29,584,53,63,38086.56
71184,29,583,53,89,38190.50
71189,29,578,53,65,38117.81
71194,29,545,51,77,38097.31
71199,29,548,51,67,38265.75
71204,29,515,60,78,38050.69
71210,29,524,59,74,38100.62
71215,29,567,51,78,38153.00
71220,29,568,51,75,38149.12
71225,29,535,51,62,37943.44
71230,29,544,51,84,38083.44
71235,29,558,53,60,38116.25
71240,29,514,57,122,38235.56
71245,29,562,55,65,38129.69
71250,29,570,55,84,38225.00
71255,29,580,51,93,38548.56
71260,29,549,51,74,38239.69
71265,29,554,53,100,38234.00
71271,29,558,52,76,38123.56
71276,29,587,53,131,38245.31
71281,29,585,51,93,38059.25
71286,29,596,51,100,38315.75
71291,29,569,51,78,38302.81
71296,29,566,53,87,38130.00
71301,29,546,50,75,38007.19
71306,29,558,51,74,37995.12
71311,29,574,51,235,38383.56
71316,29,520,57,65,38070.81
71321,29,550,51,136,38201.12
71326,29,566,53,70,38193.00
71331,29,533,53,66,38066.31
71336,29,589,53,122,38142.25
71342,29,599,53,61,38278.62
71347,29,600,51,60,38315.06
71352,29,548,51,80,38203.00
71357,29,532,56,68,37944.44
71362,29,539,54,59,38195.06
71367,29,573,51,87,38230.69
71372,29,511,51,93,37884.06
71377,29,535,50,80,37908.88
71382,29,553,50,70,38236.75
71387,29,560,53,61,38124.56
71392,29,568,53,117,38277.44
71397,29,588,50,65,38160.56
71402,29,613,51,141,38234.75
71408,29,616,51,60,38136.75
71413,29,539,51,59,38113.12
71418,29,570,53,91,38208.88
71423,29,560,53,235,38404.56
71428,29,531,50,64,38250.25
71433,29,576,50,58,38140.38
71438,29,511,51,49,38037.50
71443,29,495,51,78,37960.12
71448,29,557,53,120,38159.00
71453,29,558,53,60,38107.38
71458,29,586,51,80,38456.44
71463,29,593,51,73,38311.88
71468,29,573,51,87,38302.50
71474,29,577,51,76,38503.31
71479,29,564,53,201,38585.38
71484,29,510,51,197,38432.69
71489,29,533,48,55,38241.81
71494,29,555,51,70,38131.25
71499,29,553,51,101,38101.06
71504,29,545,51,78,38016.31
71509,29,541,53,80,37948.44
71514,29,560,51,62,38051.06
71519,29,568,51,78,38028.81
71524,29,534,51,60,38040.31
71529,29,557,51,76,38166.62
71534,29,556,52,141,38202.19
71540,29,559,57,85,37961.44
71545,29,581,69,101,38191.88
71550,29,565,65,68,38208.62
71555,29,542,56,65,38147.31
71560,29,545,56,112,38049.62
71565,29,531,61,84,37839.12
71570,29,555,65,238,38504.94
71575,29,578,58,75,38072.19
71580,29,580,56,61,38113.81
71585,29,526,60,70,38041.06
71590,29,522,56,61,37871.00
71595,29,527,58,63,37842.69
71600,29,539,58,65,38169.56
71605,29,561,56,97,38383.38
71611,29,543,56,80,38557.25
71616,29,561,55,61,38348.19
71621,29,548,56,108,38289.62
71626,29,563,58,171,38510.00
71631,29,561,58,68,38300.62
71636,29,560,56,73,38264.75
71641,29,555,56,58,38282.44
71646,29,537,54,61,38079.19
71651,29,540,56,67,38219.25
71656,29,549,57,107,38130.19
71662,29,564,58,63,38245.56
71667,29,500,52,62,37904.31
71672,29,533,56,70,38062.69
71677,29,540,56,75,38039.50
71682,29,538,55,82,38211.25
71687,29,535,58,375,38520.12
71692,29,513,58,66,38265.56
71697,29,573,56,68,38384.12
71702,29,587,56,91,38248.00
71707,29,591,56,82,38354.50
71712,29,543,55,67,38187.88
71717,29,553,58,69,38308.69
71722,29,520,58,59,38180.31
71728,29,542,56,118,38385.25
71733,29,569,56,69,38391.62
71738,29,559,56,88,38312.00
71743,29,543,63,64,38171.31
71748,29,514,63,114,38121.00
71753,29,549,56,66,37961.00
71758,29,570,56,91,38122.75
71763,29,589,55,65,38164.12
71768,29,540,56,82,38123.44
71773,29,559,56,137,38344.38
71778,29,506,57,57,38077.12
71783,29,565,58,143,38298.12
71789,29,574,58,59,38324.62
71794,29,567,56,204,38411.94
71799,29,519,56,62,38285.88
71804,29,542,56,67,38207.19
71809,29,541,57,67,38111.31
71814,29,533,58,133,38166.56
71819,29,563,56,99,38119.44
71824,29,539,56,67,38016.88
71829,29,538,55,69,37991.25
71834,29,547,56,81,37929.19
71839,29,562,58,65,38158.56
71844,29,544,55,84,38219.88
71849,29,562,56,183,38533.25
71855,29,559,56,100,38291.62
71860,29,564,56,85,38115.25
71865,29,561,58,136,38352.81
71870,29,563,58,59,38139.88
71875,29,537,56,80,38084.44
71880,29,545,53,69,38134.81
71885,29,553,56,163,38408.56
71890,29,552,56,74,38279.81
71895,29,557,58,115,38235.12
71900,29,525,55,68,38106.50
71905,29,555,56,95,37949.75
71910,29,515,55,68,38016.81
71915,29,555,56,134,38283.81
71921,29,550,55,73,38115.00
71926,29,560,64,101,38203.75
71931,29,554,64,68,38094.44
71936,29,585,64,103,38153.81
71941,29,596,64,261,38457.81
71946,29,593,56,70,38155.50
71951,29,567,56,130,38193.12
71956,29,549,49,66,37953.06
71961,29,554,53,74,38137.44
71966,29,512,51,85,38044.88
71971,29,534,50,68,37906.75
71976,29,541,49,88,37946.69
71982,29,541,58,111,38027.44
71987,29,547,61,73,38124.31
71992,29,565,61,75,38341.94
71997,29,585,50,85,38397.88
72002,29,588,51,68,38244.50
72007,29,613,51,75,38309.69
72012,29,611,51,55,38270.06
72017,29,548,53,65,38156.06
72022,29,546,53,60,38250.94
72027,29,557,51,72,38253.25
72032,29,582,51,62,38381.75
72038,29,528,50,110,38315.12
72043,29,561,51,69,38135.50
72048,29,530,53,87,37960.75
72053,29,556,51,113,38110.25
72058,29,583,51,58,38061.50
72063,29,522,51,70,38018.88
72068,29,561,51,60,38237.81
72073,29,575,51,72,38178.69
72078,29,576,53,68,38009.94
72083,29,573,53,82,38171.94
72088,29,582,53,98,38216.06
72093,29,555,51,108,38059.06
72098,29,542,51,86,38019.31
72104,29,562,52,60,38144.88
72109,29,566,54,249,38426.81
72114,29,536,51,83,38140.69
72119,29,534,49,97,38034.44
72124,29,559,51,80,38095.88
72129,29,563,51,120,38167.69
72134,29,612,51,61,38107.81
72139,29,606,53,73,38288.69
72144,29,572,51,110,38539.88
72149,29,562,51,66,38483.12
72154,29,581,51,118,38346.50
72159,29,584,51,76,38296.50
72164,29,561,58,219,38498.38
72170,29,619,60,57,38310.25
72175,29,639,53,62,38341.31
72180,29,606,51,64,38288.38
72185,29,602,51,66,38594.75
72190,29,587,51,70,38490.25
72195,29,588,53,76,38478.06
72200,29,580,50,78,38475.62
72205,29,517,51,94,38260.75
72210,29,540,50,72,37830.56
72216,29,546,51,57,37891.12
72221,29,558,51,63,38016.56
72226,29,566,53,110,38086.06
72231,29,511,52,75,37996.94
72236,29,594,51,60,38191.44
72241,29,593,51,93,38104.50
72246,29,538,51,70,37960.12
72251,29,597,51,63,38178.69
72256,29,603,55,75,38292.44
72262,29,565,55,73,38139.31
72267,29,577,48,55,38115.25
72272,29,569,51,55,38033.44
72277,29,594,51,103,38241.25
72282,29,517,51,75,38107.12
72287,29,570,53,69,38164.38
72292,29,545,53,57,38057.62
72297,29,582,51,65,37929.31
72302,29,558,51,64,38038.75
72307,29,568,48,85,38195.81
72312,29,566,48,62,38143.88
72317,29,561,50,76,38193.62
72322,29,571,50,69,38263.19
72328,29,575,50,81,38056.69
72333,29,588,50,318,38472.75
72338,29,591,50,72,38217.06
72343,29,547,48,73,38224.06
72348,29,560,50,115,38274.81
72353,29,526,49,98,38046.19
72358,29,594,50,92,38296.81
72363,29,550,48,60,38400.31
72368,29,554,48,70,38372.75
72373,29,488,169,60,38073.00
72378,29,527,50,77,37946.12
72383,29,536,50,61,38090.50
72389,29,556,47,190,38229.06
72394,29,510,48,93,38087.25
72399,29,541,48,77,38326.25
72404,29,549,48,62,38368.06
72409,29,523,50,86,38212.56
72414,29,579,50,57,38164.12
72419,29,585,50,58,38254.94
72424,29,586,48,142,38351.19
72429,29,516,48,86,38304.62
72434,29,469,47,64,38015.81
72439,29,548,50,70,38294.06
72444,29,595,48,164,38549.44
72450,29,538,48,78,38204.00
72455,29,532,48,66,38091.69
72460,29,533,48,94,38176.00
72465,29,543,48,117,38235.00
72470,29,500,50,62,38243.25
72475,29,576,54,82,38326.69
72480,29,583,54,107,38264.25
72485,29,590,54,127,38176.00
72490,29,597,52,81,38114.31
72495,29,565,48,72,38225.94
72500,29,538,48,66,38227.69
72505,29,569,48,123,38464.00
72510,29,572,48,67,38304.62
72515,29,576,48,72,38392.56
72521,29,552,48,86,38182.50
72526,29,542,48,73,38022.62
72531,29,523,49,69,38036.00
72536,29,577,46,83,38210.56
72541,29,532,48,84,38227.44
72546,29,576,48,70,38485.94
72551,29,577,48,77,38571.25
72556,29,576,50,119,38308.81
72561,29,586,50,96,38368.00
72566,29,556,47,77,38375.12
72572,29,566,48,88,38455.88
72577,29,529,46,83,38104.75
72582,29,529,48,71,38294.69
72587,29,548,48,93,38299.50
72592,29,553,50,89,38277.00
72597,29,571,45,81,38043.88
72602,29,549,48,89,38277.12
72607,29,564,48,88,38199.62
72612,29,556,47,87,38338.38
72617,29,544,50,100,38421.25
72622,29,566,50,94,38333.19
72627,29,588,50,127,38561.44
72633,29,581,50,64,38374.56
72638,29,502,48,64,38186.50
72643,29,533,54,72,38420.12
72648,29,549,56,199,38603.00
72653,29,534,57,63,38376.94
72658,29,575,49,72,38374.81
72663,29,550,48,65,38270.19
72668,29,519,49,96,38126.25
72673,29,552,49,63,38073.12
72678,29,562,51,110,38325.75
72683,29,557,49,70,38401.00
72688,29,580,49,108,38486.31
72694,29,570,48,64,38340.12
72699,29,566,49,115,38353.06
72704,29,580,49,224,38516.44
72709,29,568,51,75,38311.25
72714,29,578,51,57,38343.88
72719,29,492,48,75,38154.12
72724,29,519,49,90,38216.88
72729,29,541,49,70,38267.62
72734,29,522,49,65,38187.88
72739,29,534,50,72,38219.62
72744,29,493,48,139,38298.69
72749,29,549,49,65,38386.75
72754,29,544,49,70,38415.62
72759,29,546,49,179,38664.88
72765,29,556,55,69,38463.69
72770,29,569,56,93,38411.56
72775,29,613,57,61,38561.12
72780,29,604,54,87,38470.06
72785,29,559,51,80,38280.19
72790,29,506,49,71,38404.06
72795,29,562,49,241,38706.06
72800,29,563,51,57,38477.25
72805,29,579,51,70,38437.94
72810,29,540,48,72,38304.06
72815,29,498,49,68,38224.81
72820,29,535,46,60,38258.69
72825,29,548,49,62,38278.75
72831,29,562,51,78,38395.50
72836,29,550,51,75,38448.94
72841,29,589,52,72,38530.44
72846,29,552,50,67,38329.00
72851,29,592,52,199,38595.69
72856,29,594,52,98,38417.44
72861,29,640,51,59,38360.50
72866,29,618,49,64,38448.94
72871,29,494,46,67,38230.12
72876,29,562,49,80,38330.31
72881,29,563,55,83,38294.06
72886,29,572,55,65,38415.94
72892,29,489,48,108,38189.81
72897,29,581,49,91,38210.31
72902,29,569,46,69,38454.88
72907,29,572,49,261,38733.69
72912,29,530,49,70,38401.06
72917,29,579,51,74,38522.06
72922,29,567,51,64,38414.69
72927,29,597,51,72,38379.19
72932,29,601,51,63,38443.19
72937,29,575,49,69,38472.62
72942,29,580,49,91,38569.19
72947,29,531,51,79,38314.50
72952,29,582,51,121,38618.00
72958,29,588,51,94,38435.88
72963,29,595,49,137,38556.50
72968,29,552,49,81,38362.50
72973,29,560,49,83,38379.94
72978,29,578,51,63,38503.06
72983,29,511,51,60,38507.31
72988,29,570,48,60,38559.44
72993,29,581,49,69,38577.19
72998,29,568,49,87,38626.75
73003,29,573,55,89,38545.81
73008,29,584,57,70,38575.38
73013,29,584,57,68,38593.12
73018,29,569,49,55,38659.75
73024,29,562,49,63,38493.12
73029,29,579,49,70,38559.38
73034,29,584,49,63,38566.75
73039,29,526,51,69,38554.50
73044,29,547,48,74,38506.19
73049,29,542,49,91,38494.12
73054,29,549,49,77,38573.69
73059,29,548,49,72,38643.12
73064,29,559,49,63,38685.38
73069,29,567,54,73,38828.25
73074,29,593,54,61,38805.69
73079,29,592,54,66,38753.31
73085,29,665,49,110,38713.00
73090,29,677,49,98,38847.50
73095,29,664,49,72,38605.38
73100,29,575,48,66,38768.75
73105,29,585,49,67,38820.62
73110,29,563,45,149,38894.19
73115,29,549,151,87,39120.56
73120,29,570,51,72,38931.50
73125,29,674,55,51,38835.00
73130,29,549,47,102,38835.81
73136,29,568,49,131,38626.69
73141,29,556,51,75,38665.31
73146,29,566,49,141,38829.06
73151,29,561,49,65,38672.31
73156,29,522,51,94,38750.88
73161,29,573,53,58,38856.19
73166,29,584,50,65,38798.38
73171,29,591,51,101,38779.06
73176,29,591,52,61,38658.00
73181,29,545,49,63,38717.38
73186,29,559,49,119,38810.50
73192,29,540,48,88,38623.50
73197,29,598,49,67,38583.44
73202,29,577,46,67,38676.31
73207,29,561,49,124,38491.19
73212,29,554,46,72,38487.69
73217,29,571,49,71,38484.50
73222,29,579,51,89,38801.38
73227,29,581,51,96,38725.31
73232,29,577,49,67,38663.25
73237,29,583,49,64,38657.06
73242,29,587,49,72,38739.50
73247,29,553,51,79,38606.56
73253,29,570,51,63,38624.25
73258,29,596,49,83,38645.06
73263,29,605,49,128,38740.81
73268,29,597,49,76,38727.00
73273,29,580,49,72,38678.44
73278,29,581,51,74,38661.75
73283,29,524,51,60,38628.94
73288,29,584,49,95,38667.50
73293,29,569,49,60,38603.19
73298,29,557,49,80,38826.62
73303,29,560,48,74,38838.81
73308,29,595,51,97,38824.12
73314,29,617,51,138,38948.69
73319,29,618,51,79,38651.25
73324,29,582,49,113,38812.88
73329,29,517,49,65,38629.00
73334,29,571,49,92,38838.38
73339,29,568,51,103,38766.19
73344,29,544,48,61,38608.19
73349,29,566,49,56,38726.06
73354,29,491,46,76,38652.56
73359,29,552,49,90,38669.88
73364,29,555,55,57,38613.75
73369,29,569,57,149,39033.38
73374,29,581,53,85,38633.88
73380,29,598,53,61,38729.75
73385,29,611,53,103,38858.00
73390,29,630,49,281,39102.81
73395,29,641,49,78,38740.88
73400,29,609,50,60,38836.75
73405,29,603,51,60,39053.62
73410,29,571,49,64,39026.94
73415,29,536,49,80,38872.00
73420,29,542,49,63,38711.69
73425,29,552,48,70,38787.56
73430,29,557,51,72,38854.25
73435,29,557,51,74,38788.81
73441,29,596,49,64,38975.94
73446,29,594,49,105,38982.44
73451,29,577,49,99,38864.00
73456,29,588,49,68,38862.31
73461,29,589,51,89,38937.12
73466,29,553,51,77,38858.69
73471,29,529,46,79,38704.50
73476,29,557,49,87,38799.75
73481,29,565,49,103,38992.62
73486,29,558,49,71,38725.31
73491,29,524,48,69,38633.81
73496,29,568,51,73,38619.38
73501,29,584,49,174,38859.25
73507,29,521,48,70,38560.19
73512,29,559,49,99,38859.19
73517,29,563,49,87,38730.69
73522,29,570,51,93,38758.38
73527,29,591,51,74,38964.62
73532,29,584,51,77,38831.06
73537,29,559,49,156,39091.75
73542,29,513,55,64,38863.38
73547,29,546,55,71,38889.88
73553,29,570,57,73,38985.00
73558,29,594,51,96,38924.75
73563,29,528,49,67,38792.69
73568,29,528,49,60,38657.19
73573,29,542,49,59,38756.44
73578,29,548,49,70,38712.00
73583,29,548,51,62,38852.19
73588,29,560,48,67,39120.19
73593,29,577,49,107,39229.12
73598,29,518,49,60,39005.38
73603,29,560,49,131,39045.50
73609,29,569,51,72,39046.56
73614,29,588,51,107,39038.25
73619,29,526,49,65,38867.31
73624,29,576,49,71,38895.19
73629,29,554,49,88,38941.50
73634,29,559,49,64,38867.69
73639,29,510,51,88,38928.69
73644,29,548,48,62,38849.62
73649,29,531,49,76,38858.88
73654,29,481,49,68,38943.50
73659,29,530,48,60,38826.38
73664,29,539,49,69,38994.44
73669,29,536,51,116,38995.56
73675,29,569,51,82,39074.88
73680,29,570,51,68,39003.62
73685,29,575,49,63,38953.38
73690,29,580,49,81,38975.50
73695,29,582,49,85,38901.12
73700,29,552,51,105,38946.12
73705,29,567,51,127,39046.50
73710,29,545,49,87,38904.38
73715,29,572,49,107,39134.19
73720,29,544,49,62,39041.31
73725,29,534,48,75,38980.00
73730,29,547,51,67,38844.00
73735,29,560,51,62,38732.94
73741,29,598,46,90,38923.56
73746,29,577,49,94,38797.81
73751,29,524,49,77,38809.94
73756,29,565,49,71,39008.94
73761,29,570,52,92,39143.56
73766,29,570,52,62,38917.56
73771,29,579,51,121,38969.31
73776,29,582,51,59,39139.19
73781,29,567,55,66,39056.44
73786,29,521,55,118,39064.00
73791,29,549,151,71,39405.56
73796,29,553,48,67,38850.19
73802,29,554,46,65,38982.19
73807,29,585,49,72,39103.06
73812,29,549,46,73,38981.44
73817,29,555,49,234,39036.00
73822,29,509,47,140,38981.12
73827,29,560,51,110,38978.38
73832,29,552,46,117,39114.50
73837,29,508,49,85,39104.94
73842,29,559,49,72,39230.06
73847,29,559,47,80,38947.69
73853,29,569,51,75,39045.81
73858,29,599,51,59,39091.31
73863,29,555,51,59,38997.31
73868,29,560,49,66,38967.69
73873,29,537,49,64,38982.00
73878,29,545,49,81,39007.56
73883,29,551,51,69,39075.25
73888,29,560,51,65,39062.88
73893,29,557,49,73,38901.81
73898,29,502,49,66,38737.44
73903,29,537,49,95,38810.50
73908,29,553,49,84,39153.62
73914,29,524,51,61,38915.81
73919,29,608,49,71,39099.19
73924,29,606,49,59,39309.81
73929,29,578,49,112,39438.75
73934,29,579,49,90,39204.88
73939,29,579,50,63,39194.25
73944,29,552,50,87,39121.81
73949,29,518,45,63,39126.75
73954,29,533,48,67,39089.44
73959,29,525,47,83,38987.56
73964,29,539,53,88,39272.50
73970,29,540,50,76,39191.50
73975,29,547,47,62,39053.50
73980,29,517,48,61,38914.44
73985,29,535,45,63,38983.12
73990,29,534,48,68,39063.31
73995,29,533,48,91,39038.19
74000,29,541,50,58,39056.75
74005,29,566,50,65,39082.56
74010,29,547,48,75,39023.25
74015,29,567,53,56,39084.31
74020,29,573,51,139,39278.62
74025,29,553,51,61,38997.75
74030,29,540,47,93,38943.75
74036,29,559,50,70,38983.31
74041,29,568,50,238,39270.00
74046,29,575,50,100,39080.94
74051,29,557,48,65,39075.38
74056,29,563,51,128,39147.44
74061,29,512,53,78,38895.75
74066,29,518,48,62,38767.25
74071,29,547,49,67,38736.38
74076,29,533,46,195,38950.31
74081,29,540,49,67,38913.31
74086,29,540,49,92,38950.88
74091,29,558,51,89,39162.50
74097,29,579,51,229,39115.38
74102,29,586,51,69,38928.56
74107,29,594,51,110,38943.25
74112,29,587,49,71,39071.69
74117,29,590,49,73,38944.62
74122,29,515,47,66,38880.44
74127,29,577,49,72,39010.00
74132,29,579,46,73,39112.19
74137,29,560,49,62,38869.38
74142,29,516,46,60,38804.31
74147,29,555,49,63,38620.56
74152,29,566,51,110,38964.06
74157,29,569,49,64,38914.88
74162,29,597,46,57,39047.06
74168,29,582,49,76,39016.38
74173,29,592,49,70,38906.44
74178,29,592,49,70,38869.12
74183,29,569,51,77,39054.12
74188,29,576,49,92,38923.06
74193,29,582,49,133,39102.31
74198,29,561,49,88,38946.56
74203,29,563,48,72,38917.75
74208,29,548,49,62,38845.88
74213,29,559,51,58,38894.62
74218,29,584,49,56,39044.88
74224,29,581,49,64,39227.50
74229,29,536,49,92,39467.56
74234,29,566,48,72,39267.00
74239,29,585,49,69,39227.62
74244,29,607,51,69,39458.31
74249,29,587,51,64,39297.81
74255,29,533,49,72,39271.56
74260,29,555,48,68,39210.12
74265,29,551,48,225,39232.44
74270,29,561,50,59,39162.62
74275,29,591,50,67,39183.88
74280,29,554,46,83,39138.00
74285,29,520,48,76,38928.88
74290,29,551,48,90,39097.88
74295,29,536,48,85,39146.50
74300,29,578,50,71,39412.81
74305,29,582,50,70,39213.31
74311,29,554,48,70,39266.25
74316,29,596,48,71,39267.81
74321,29,583,48,111,39368.56
74326,29,564,56,58,39150.38
74331,29,581,57,76,39122.38
74336,29,604,51,129,39285.31
74341,29,534,46,77,39149.62
74346,29,571,48,60,39121.81
74351,29,518,46,69,39044.88
74356,29,544,47,63,39001.94
74361,29,544,48,101,39072.25
74366,29,566,50,59,39054.56
74371,29,557,46,73,39155.25
74377,29,559,48,156,39314.69
74382,29,554,47,74,39071.56
74387,29,566,49,99,39111.75
74392,29,575,51,136,39262.25
74397,29,579,51,76,38987.12
74402,29,519,49,88,39069.44
74407,29,573,49,106,39043.06
74412,29,558,46,85,39100.81
74417,29,517,49,70,39025.56
74422,29,531,47,60,38993.00
74427,29,553,49,68,39019.94
74432,29,546,48,164,39284.81
74438,29,539,46,83,39005.19
74443,29,555,55,72,39157.75
74448,29,556,55,122,39241.94
74453,29,559,57,97,39054.94
74458,29,585,57,67,39056.19
74463,29,597,57,72,39151.19
74468,29,582,49,65,39139.81
74473,29,552,48,77,39280.19
74478,29,556,48,58,39227.06
74483,29,562,50,60,39570.75
74488,29,519,170,73,39783.12
74493,29,573,49,92,39524.12
74498,29,538,48,64,39284.31
74504,29,561,48,72,38975.88
74509,29,543,49,85,38861.19
74514,29,558,50,66,38874.81
74519,29,571,50,92,38983.31
74524,29,564,47,272,39260.56
74529,29,557,49,92,38984.56
74534,29,575,49,81,39120.44
74539,29,563,49,62,38928.12
74544,29,538,51,125,39123.12
74549,29,571,51,63,39160.06
74554,29,571,49,76,39150.06
74559,29,553,48,63,39141.69
74564,29,541,55,70,38947.19
74570,29,550,49,92,38972.94
74575,29,566,50,79,38968.88
74580,29,575,48,128,39149.19
74585,29,523,48,57,38968.88
74590,29,537,48,62,38883.62
74595,29,548,49,96,38975.50
74600,29,554,49,94,39050.75
74605,29,524,49,65,38964.31
74610,29,552,48,76,39091.75
74615,29,567,48,118,39251.44
74620,29,555,48,62,39224.38
74625,29,559,49,79,39061.94
74630,29,567,51,72,39099.44
74635,29,590,51,154,39187.75
74641,29,543,54,97,39117.31
74646,29,555,52,65,38931.12
74651,29,575,48,131,39322.25
74656,29,579,48,62,39142.44
74661,29,567,50,71,39107.38
74666,29,533,50,65,38998.94
74671,29,542,47,60,39039.62
74676,29,548,48,64,38906.62
74681,29,529,55,57,39055.62
74686,29,539,55,71,39095.81
74691,29,551,57,82,39137.75
74696,29,579,50,86,38913.81
74701,29,596,50,101,39010.06
74707,29,604,50,81,39035.25
74712,29,539,52,65,39040.25
74717,29,516,52,65,38897.12
74722,29,556,51,121,39197.06
74727,29,565,49,115,39256.00
74732,29,524,48,73,38982.50
74737,29,521,48,57,38890.62
74742,29,521,46,45,38862.75
74747,29,539,49,121,39005.94
74752,29,558,49,85,39037.44
74757,29,592,51,54,39028.50
74762,29,593,50,134,39122.38
74767,29,602,50,99,39017.44
74773,29,613,50,75,39005.88
74778,29,575,45,60,39009.81
74783,29,568,50,117,39191.25
74788,29,545,50,72,39115.69
74793,29,571,50,71,39131.56
74798,29,551,49,59,39135.19
74803,29,505,54,59,38969.19
74808,29,537,55,70,38892.12
74813,29,548,51,73,38881.62
74818,29,581,51,145,39181.75
74823,29,506,47,43,38928.75
74828,29,555,48,70,39107.31
74833,29,576,48,61,39079.88
74839,29,575,48,195,39245.38
74844,29,580,50,82,39150.38
74849,29,573,50,91,39047.44
74854,29,543,47,66,39087.19
74859,29,543,47,60,39058.94
74864,29,544,49,108,39096.31
74869,29,558,49,73,39102.00
74874,29,586,53,71,39197.12
74879,29,571,52,73,39013.06
74884,29,552,47,67,38959.94
74889,29,562,48,82,39010.25
74894,29,490,45,43,39063.31
74899,29,558,47,95,39313.69
74905,29,568,50,64,39176.19
74910,29,577,50,59,39161.88
74915,29,579,53,108,39293.25
74920,29,542,51,67,39232.88
74925,29,549,49,74,39154.12
74930,29,557,49,193,39407.50
74935,29,585,51,119,39303.25
74940,29,543,51,56,39194.44
74945,29,591,51,76,39142.25
74950,29,552,49,64,39128.62
74955,29,562,50,65,39070.62
74960,29,547,49,66,39060.75
74965,29,569,50,69,39325.81
74971,29,558,46,55,39188.69
74976,29,558,49,113,39315.94
74981,29,555,48,69,39326.94
74986,29,565,49,235,39458.62
74991,29,567,49,105,39224.50
74996,29,598,51,92,39236.00
75001,29,581,50,95,39300.94
75006,29,593,49,73,39216.81
75011,29,556,49,116,39312.31
75016,29,575,49,62,39181.00
75021,29,586,49,132,39322.00
75027,29,534,50,66,39056.75
75032,29,536,49,75,39034.62
75037,29,545,46,50,39007.62
75042,29,563,65,85,39389.38
75047,29,510,65,57,39126.62
75052,29,571,65,94,39401.88
75057,29,599,61,67,39432.81
75062,29,600,55,61,39150.88
75067,29,606,59,61,39174.00
75072,29,609,59,80,39277.00
75077,29,588,56,111,39428.56
75082,29,568,55,93,39293.69
75087,29,579,55,80,39306.44
75092,29,581,55,65,39451.50
75098,29,553,53,227,39546.88
75103,29,557,52,81,39315.31
75108,29,517,53,65,39237.69
75113,29,555,55,66,39211.75
75118,29,573,53,57,39038.19
75123,29,557,51,124,39254.88
75128,29,578,53,77,39250.50
75133,29,574,56,186,39594.88
75138,29,578,57,63,39402.75
75143,29,572,59,62,39539.94
75148,29,579,55,76,39446.31
75153,29,571,53,108,39624.56
75159,29,573,53,73,39505.25
75164,29,554,76,64,39580.81
75169,29,562,158,68,39754.19
75174,29,555,54,81,39438.62
75179,29,568,53,78,39342.31
75184,29,544,48,74,39343.75
75189,29,542,49,103,39315.06
75194,29,542,49,86,39235.94
75199,29,541,49,72,39301.94
75204,29,561,49,55,39357.06
75209,29,518,50,80,39462.44
75214,29,562,49,81,39438.25
75219,29,550,49,60,39330.50
75225,29,595,49,116,39507.06
75230,29,594,49,58,39477.56
75235,29,594,54,65,39398.88
75240,29,556,48,70,39541.81
75245,29,564,49,82,39590.19
75250,29,560,49,89,39550.44
75255,29,566,48,79,39659.25
75260,29,566,49,63,39683.50
75265,29,568,50,83,39550.88
75270,29,531,49,77,39429.62
75275,29,534,46,65,39179.88
75280,29,532,47,118,39347.12
75286,29,543,49,74,39299.31
75291,29,499,49,69,39297.94
75296,29,589,51,100,39451.81
75301,29,594,51,143,39631.88
75306,29,603,50,146,39351.62
75311,29,616,50,86,39432.50
75316,29,578,49,71,39344.81
75321,29,564,49,99,39461.62
75326,29,525,46,95,39218.44
75331,29,542,49,62,39417.94
75336,29,550,49,90,39525.19
75341,29,494,58,76,39282.19
75346,29,539,59,74,39163.00
75351,29,547,51,93,39447.75
75357,29,566,51,127,39457.50
75362,29,576,53,96,39447.56
75367,29,564,51,95,39585.06
75372,29,565,49,63,39470.50
75377,29,574,51,73,39312.06
75382,29,574,53,65,39532.38
75387,29,541,51,81,39423.25
75392,29,566,51,79,39497.19
75397,29,542,51,150,39447.50
75402,29,530,50,55,39443.50
75407,29,554,51,74,39503.75
75412,29,490,53,69,39373.81
75418,29,555,50,61,39275.75
75423,29,541,49,94,39378.31
75428,29,550,51,69,39485.31
75433,29,522,51,82,39530.06
75438,29,558,49,66,39481.12
75443,29,573,53,75,39574.75
75448,29,582,53,61,39735.44
75453,29,572,53,84,39639.06
75458,29,538,50,77,39570.81
75463,29,534,51,81,39517.62
75468,29,484,51,66,39412.19
75473,29,544,53,64,39693.88
75478,29,566,53,81,39751.81
75483,29,553,51,69,39723.31
75489,29,496,51,72,39483.06
75494,29,530,51,71,39694.00
75499,29,532,51,63,39421.94
75504,29,530,54,183,40017.94
75509,29,568,54,60,39789.94
75514,29,556,51,62,39909.38
75519,29,553,51,74,39803.19
75524,29,544,59,109,39692.81
75529,29,552,59,104,39760.56
75534,29,566,61,73,39618.44
75539,29,559,50,59,39794.00
75544,29,514,51,64,39520.38
75549,29,547,51,88,39733.62
75555,29,556,50,66,39630.56
75560,29,583,51,101,39780.06
75565,29,531,52,68,39547.12
75570,29,525,48,63,39410.31
75575,29,546,51,60,39777.62
75580,29,550,51,62,39650.44
75585,29,493,58,89,39740.19
75590,29,549,58,63,39965.50
75595,29,570,53,77,39979.81
75600,29,582,53,67,40009.50
75605,29,656,53,80,39983.06
75610,29,643,51,72,39868.12
75616,29,577,51,235,39987.44
75621,29,559,51,80,39796.31
75626,29,566,53,94,39562.31
75631,29,547,51,70,39778.75
75636,29,558,51,70,39765.81
75641,29,503,47,67,39624.25
75646,29,556,50,72,39509.81
75651,29,547,52,64,39692.19
75656,29,588,57,80,39733.12
75661,29,535,53,64,39802.06
75666,29,580,51,70,40007.50
75671,29,595,51,156,40056.31
75677,29,589,51,79,39738.38
75682,29,602,51,131,39983.50
75687,29,637,53,63,39855.12
75692,29,639,53,81,39854.88
75697,29,573,51,75,39810.12
75702,29,558,50,63,39741.62
75707,29,585,52,267,40140.56
75712,29,545,57,60,40013.19
75717,29,615,53,62,40025.25
75722,29,603,51,63,39853.62
75727,29,547,51,67,39714.50
75732,29,501,47,81,39613.12
75737,29,568,51,69,39551.94
75742,29,525,50,59,39722.69
75748,29,531,52,66,39875.88
75753,29,564,51,67,39868.19
75758,29,536,48,81,39949.00
75763,29,581,57,86,40110.38
75768,29,561,57,69,40023.62
75773,29,602,55,63,40141.12
75778,29,619,52,58,40240.25
75783,29,613,53,68,40025.56
75788,29,604,51,72,40125.19
75793,29,583,51,66,40140.19
75798,29,566,51,63,40167.44
75803,29,475,52,65,40116.19
75809,29,535,51,69,40104.00
75814,29,530,52,63,40288.00
75819,29,531,51,134,40202.19
75824,29,463,50,51,39966.56
75829,29,520,50,72,39811.81
75834,29,531,52,68,39937.50
75839,29,492,49,70,40223.12
75844,29,535,50,71,40249.69
75849,29,543,50,70,40375.06
75854,29,566,152,48,40854.12
75859,29,550,53,79,40058.81
75864,29,577,55,73,40287.31
75869,29,554,52,65,40101.88
75875,29,529,48,88,40102.00
75880,29,530,49,61,39957.38
75885,29,518,50,108,39919.62
75890,29,545,50,72,39994.12
75895,29,472,53,662,41081.56
75900,29,502,50,69,40255.50
75905,29,519,53,79,40203.00
75910,29,530,49,63,39896.31
75915,29,471,54,49,39977.56
75920,29,459,53,253,39989.69
75925,29,541,56,72,40028.44
75930,29,516,52,77,40340.56
75936,29,479,49,231,40662.56
75941,29,542,55,65,40398.88
75946,29,529,53,715,40623.31
75951,29,708,55,165,40496.38
75956,29,766,56,226,40289.81
75961,29,749,55,99,40147.31
75966,29,681,54,60,40219.94
75971,29,619,53,68,39877.25
75977,29,732,66,61,40299.69
75982,29,690,55,65,40161.38
75987,29,664,57,251,40204.31
75992,29,620,56,82,39901.56
75997,29,620,57,293,40035.56
76002,29,688,56,174,40196.31
76007,29,704,59,67,40047.50
76012,29,695,57,437,40418.12
76017,29,738,61,98,40259.88
76022,29,715,57,62,40235.88
76028,29,708,59,157,40085.81
76033,29,725,58,82,40289.06
76038,29,736,59,65,39960.25
76043,29,678,56,63,40184.56
76048,29,708,57,71,40093.69
76053,29,616,57,55,40011.44
76058,29,690,58,193,40354.31
76063,29,692,53,180,40329.88
76068,29,651,59,76,40234.06
76073,29,679,57,72,40019.19
76078,29,670,58,68,39937.06
76083,29,583,50,62,39718.81
76089,29,629,51,66,39821.00
76094,29,646,55,174,40082.31
76099,29,659,55,428,40483.94
76104,29,650,57,115,40413.94
76109,29,662,53,83,40304.25
76114,29,646,54,156,40297.19
76119,29,609,55,164,40508.94
76124,29,657,55,205,40607.50
76129,29,675,55,55,40557.62
76134,29,696,57,58,40626.50
76140,29,652,57,70,40547.19
76145,29,656,54,67,40692.88
76150,29,686,55,164,40562.44
76155,29,670,54,460,40593.25
76160,29,448,51,63,40856.50
76165,29,445,53,62,41066.50
76170,29,483,49,55,41135.62
76175,29,534,53,73,41039.62
76180,29,583,53,89,40775.62
76186,29,482,51,253,40623.62
76191,29,532,51,58,40607.62
76196,29,567,53,62,40567.62
76201,29,535,53,65,40383.62
76206,29,526,51,62,40437.81
76211,29,547,51,277,40578.12
76216,29,558,51,335,40562.88
76221,29,392,44,49,41359.75
76227,29,430,282,82,42120.06
76232,29,493,290,148,42760.88
76237,29,442,287,67,42331.62
76242,29,491,290,56,42148.75
76248,29,499,283,72,41999.50
76253,29,486,221,165,41933.69
76258,29,408,142,64,41971.62
76263,29,426,147,171,42052.94
76268,29,414,149,74,42090.50
76273,29,419,147,61,41995.94
76278,29,383,130,60,42085.94
76283,29,500,194,1478,38379.94
76290,29,544,197,173,31740.31
76295,29,539,197,200,27348.31
76300,29,529,195,292,14963.00
76305,29,541,201,59,14805.25
76310,29,540,196,300,12729.06
76315,29,579,196,63,11711.25
76320,29,590,198,71,11653.50
76326,29,572,198,66,11402.00
76331,29,473,100,722,11216.75
76336,29,414,77,65,10984.75
76341,29,357,61,184,11802.75
76346,29,444,64,75,11686.31
76351,29,480,64,78,11678.31
76356,29,394,60,3893,14114.38
76361,29,466,64,1299,13954.31
76366,29,483,74,72,13858.31
76371,29,405,68,374,13842.31
76376,29,438,72,43,13770.31
76381,29,377,55,60,12820.00
76387,29,449,183,1207,13622.50
76392,29,399,273,71,13398.50
76397,29,458,178,64,13134.50
76402,29,446,297,67,13095.56
76407,29,500,179,63,13076.12
76412,29,490,183,59,13020.00
76417,29,480,304,64,12892.50
76422,29,470,178,62,12772.56
76427,29,479,181,62,12676.56
76432,29,486,181,65,12752.44
76438,29,518,180,71,12794.12
76443,29,465,175,60,13888.12
76448,29,461,183,62,13824.12
76453,29,409,177,83,13728.12
76458,29,480,181,102,13712.12
76463,29,467,73,63,13456.12
76468,29,435,145,60,13304.12
76473,29,407,131,42,13322.06
76479,29,482,135,71,13367.06
76484,29,471,139,64,13255.06
76489,29,480,52,1141,13031.06
76494,29,528,53,848,12983.06
76499,29,549,55,91,12983.06
76504,29,564,56,570,12959.06
76509,29,576,56,214,12951.06
76514,29,586,56,430,12951.06
76519,29,597,56,330,12951.06
76524,29,602,56,353,12935.06
76529,29,604,56,70,12927.06
76535,29,605,56,425,12927.06
76540,29,613,56,357,12919.06
76545,29,599,51,536,12911.06
76550,29,576,50,398,12879.06
76555,29,626,48,413,12879.06
76560,29,597,50,751,12847.06
76565,29,611,50,623,12847.06
76570,29,615,50,503,12847.06
76575,29,636,53,284,12823.06
76580,29,636,79,255,12783.06
76585,29,584,79,403,12751.06
76591,29,524,81,75,12711.06
76596,29,516,78,61,12048.25
76601,29,464,66,62,12048.31
76606,29,527,69,63,11996.62
76611,30,855,56,62,12003.00
76616,30,1086,61,101,12023.25
76621,30,765,62,63,12206.31
76626,30,1244,64,68,12134.31
76631,30,1099,61,365,12376.50
76636,30,662,62,142,12955.12
76642,30,776,54,63,13106.56
76647,30,1198,52,193,12970.56
76652,30,746,58,184,12832.62
76657,30,761,49,60,12858.94
76662,30,757,52,63,12858.94
76667,30,567,46,61,14590.44
76672,30,426,44,90,19796.12
76677,30,669,59,82,20213.19
76683,30,585,52,202,21265.75
76688,30,980,129,232,21926.56
76693,30,1068,151,266,21867.69
76698,30,1033,158,251,21741.56
76703,30,609,132,59,22050.00
76708,30,559,110,58,21990.88
76713,30,571,128,151,21987.62
76718,30,578,155,66,21945.19
76723,30,542,247,259,22138.44
76728,30,477,108,102,21836.75
76733,30,593,218,64,22020.81
76738,30,598,121,55,21786.75
76744,30,566,175,88,21995.94
76749,30,623,243,66,21881.44
76754,30,529,251,145,22023.38
76759,30,530,181,216,22031.75
76764,30,502,235,135,22178.12
76769,30,545,131,144,22017.19
76774,30,446,117,52,21632.06
76779,30,563,153,296,22258.94
76784,30,567,262,72,22238.00
76789,30,470,151,66,22324.19
76795,30,435,93,61,23037.56
76800,30,483,100,1156,23194.50
76805,30,511,100,551,23098.44
76810,30,532,102,313,22906.44
76815,30,464,121,66,22043.19
76820,30,425,90,68,21989.31
76825,30,474,140,1050,22408.00
76830,30,505,143,432,22096.00
76835,30,456,109,54,22174.69
76841,30,487,146,962,22474.81
76846,30,496,167,63,22218.75
76851,30,939,152,60,21715.38
76856,30,980,112,165,21661.25
76861,30,747,150,48,21568.38
76866,30,677,117,173,21660.12
76871,30,633,152,15,21568.31
76876,30,600,162,94,21758.88
76881,30,671,170,269,21786.12
76887,30,586,105,194,21834.62
76892,30,698,107,355,22000.88
76897,30,689,110,158,21864.88
76902,30,678,149,63,21800.88
76907,30,636,146,72,21116.94
76912,30,622,107,142,21135.88
76917,30,697,146,201,21322.50
76922,30,645,142,56,21243.44
76927,30,572,114,73,21026.62
76932,30,604,125,57,21288.50
76937,30,666,121,133,21132.31
76942,30,662,117,126,21475.88
76947,30,698,120,60,21712.00
76952,30,704,122,64,21914.88
76958,30,679,120,230,21993.38
76963,30,682,126,188,21945.38
76968,30,688,141,253,22000.56
76973,30,710,137,74,21788.56
76978,30,699,129,135,22379.00
76983,30,656,146,97,22583.12
76988,30,666,157,1380,22526.19
76993,30,685,157,1087,22430.19
76998,30,691,158,561,22414.19
77003,30,672,120,78,22604.06
77008,30,650,100,57,22278.81
77013,30,805,99,126,21508.19
77019,30,655,100,403,22423.56
77024,30,685,104,136,21736.06
77029,30,786,110,285,21854.50
77034,30,649,102,37,21592.75
77039,30,754,149,193,22180.69
77044,30,797,151,263,22108.69
77049,30,804,148,245,21980.69
77054,30,820,146,68,21918.06
77059,30,804,118,93,22013.00
77064,30,719,106,417,22194.81
77069,30,615,102,66,21642.00
77074,30,899,108,288,22353.94
77079,30,715,105,61,22250.50
77085,30,669,138,323,22442.00
77090,30,892,161,74,22266.25
77095,30,919,154,128,22520.50
77100,30,928,155,64,22464.50
77105,30,775,116,93,22678.06
77110,30,778,121,70,22622.06
77115,30,730,119,60,22483.75
77120,30,665,362,69,23033.69
77125,30,716,118,112,22377.69
77130,30,660,139,70,22003.56
77135,30,649,127,122,21632.38
77140,30,817,129,56,21591.75
77145,30,742,99,64,21690.00
77151,30,714,104,104,21585.50
77156,30,694,102,66,21698.12
77161,30,650,125,67,21566.12
77166,30,936,100,65,21584.75
77171,30,742,125,65,21506.69
77176,30,624,122,80,21446.12
77181,30,675,101,70,21503.88
77186,30,658,100,59,21554.81
77191,30,581,99,72,21353.69
77196,30,667,108,59,21955.81
77201,30,612,118,70,21883.00
77206,30,589,120,407,22100.88
77211,30,609,119,65,21717.69
77217,30,564,119,69,21677.94
77222,30,607,126,71,21953.38
77227,30,637,99,83,22035.06
77232,30,763,97,64,22368.31
77237,30,783,118,357,22395.56
77242,30,743,117,49,22227.56
77247,30,607,92,372,22211.50
77252,30,633,91,68,21939.00
77257,30,604,92,158,21871.31
77262,30,568,89,94,22618.00
77267,30,609,93,212,22506.12
77272,30,719,97,61,23772.88
77278,30,722,76,101,23788.12
77283,30,693,79,361,23814.62
77288,30,586,80,70,23437.88
77293,30,608,78,57,23558.38
77298,30,868,101,72,23714.12
77303,30,577,78,63,23752.38
77308,30,747,100,57,23246.88
77313,30,733,104,205,23579.12
77318,30,652,79,71,23755.25
77323,30,594,78,65,23423.62
77329,30,597,83,157,23316.00
77334,30,553,81,75,23225.62
77339,30,605,103,192,23530.44
77344,30,595,76,55,23419.62
77349,30,613,107,88,23242.75
77354,30,677,107,168,23534.62
77359,30,745,112,62,23815.12
77364,30,692,109,114,24021.94
77369,30,720,110,65,23793.56
77374,30,717,112,68,23787.69
77379,30,661,82,70,23829.25
77384,30,633,87,75,23820.81
77389,30,618,87,66,23906.56
77394,30,633,84,62,23944.25
77400,30,622,83,58,23807.81
77405,30,693,115,67,23813.69
77410,30,697,114,137,23832.75
77415,30,651,94,68,24220.62
77420,30,652,94,101,23899.50
77425,30,646,91,80,23897.06
77430,30,652,120,125,23632.75
77435,30,619,116,143,23844.19
77440,30,606,97,168,23831.88
77445,30,551,111,127,24045.31
77450,30,574,89,48,23824.31
77455,30,606,107,281,23941.50
77461,30,583,107,184,23875.94
77466,30,570,82,66,23786.25
77471,30,580,83,64,23860.75
77476,30,586,81,74,23827.94
77481,30,568,81,69,23744.19
77486,30,542,84,386,23828.88
77491,30,547,106,64,23864.81
77496,30,541,84,74,23522.44
77501,30,549,84,80,23678.75
77506,30,881,108,143,24175.19
77511,30,1012,108,196,24208.56
77517,30,785,104,237,24208.25
77522,30,953,106,65,24315.62
77527,30,801,110,221,24386.69
77532,30,706,110,249,24356.50
77537,30,695,87,213,24270.88
77542,30,698,87,64,24302.62
77547,30,699,84,74,24263.12
77552,30,653,78,93,24217.44
77557,30,864,112,57,24320.50
77562,30,567,87,160,23964.50
77567,30,830,113,62,24242.00
77572,30,611,79,67,24447.88
77578,30,572,80,207,24858.62
77583,30,537,84,58,24474.94
77588,30,509,72,1114,24373.06
77593,30,611,73,78,23531.69
77598,30,475,62,203,23719.44
77603,30,500,69,62,24807.44
77608,30,539,69,240,23943.94
77613,30,551,91,145,23826.88
77618,30,619,96,64,24044.81
77623,30,1042,114,56,24194.56
77629,30,897,114,243,24213.31
77634,30,860,112,138,24088.94
77639,30,795,110,207,24195.00
77644,30,659,84,232,24220.44
77649,30,732,83,68,24173.75
77654,30,689,81,142,24291.56
77659,30,668,83,63,24252.00
77664,30,653,85,66,24173.62
77670,30,846,76,107,24508.38
77675,30,727,80,70,24639.00
77680,30,891,109,223,24539.50
77685,30,618,85,351,24320.38
77690,30,592,85,83,23916.31
77695,30,529,83,155,23818.00
77701,30,702,87,83,24321.44
77706,30,595,95,91,24243.38
77711,30,589,89,285,24005.00
77716,30,592,89,67,23933.69
77721,30,604,88,209,24110.81
77726,30,598,91,129,24410.94
77731,30,687,94,108,24633.00
77736,30,699,124,56,24445.44
77741,30,732,124,352,24690.19
77746,30,735,124,68,24838.19
77751,30,728,124,293,24814.50
77757,30,732,124,337,24718.62
77762,30,691,122,390,24785.62
77767,30,677,96,58,24667.44
77772,30,650,129,205,24626.00
77777,30,685,128,59,24614.19
77782,30,673,103,65,24614.75
77787,30,592,101,63,24689.75
77792,30,630,102,58,24664.62
77797,30,659,101,395,24656.00
77803,30,648,101,408,24638.94
77808,30,650,100,371,24554.62
77813,30,646,99,80,24262.56
77818,30,582,96,129,24093.94
77823,30,498,77,56,24044.94
77828,30,514,85,172,24216.19
77833,30,629,114,75,24242.62
77838,30,604,138,66,24277.44
77843,30,439,79,62,25402.69
77848,30,481,84,617,24744.44
77854,30,510,78,62,24688.38
77859,30,553,84,831,24633.62
77864,30,520,84,58,24129.69
77869,30,521,325,62,24494.88
77874,30,515,85,61,24043.81
77879,30,434,80,308,24213.06
77884,30,513,83,336,24415.81
77889,30,481,85,66,24000.88
77894,30,528,85,109,23912.19
77899,30,596,114,162,23851.94
77905,30,617,121,144,24145.31
77910,30,623,120,80,24137.25
77915,30,605,118,235,24214.88
77920,30,582,94,192,24141.00
77925,30,577,97,192,24172.12
77930,30,580,97,119,23939.81
77935,30,573,93,334,24182.88
77940,30,557,113,55,23799.75
77945,30,577,119,74,23944.19
77950,30,510,120,64,23780.56
77955,30,495,94,106,23955.75
77960,30,537,94,283,24172.25
77966,30,549,94,57,24174.12
77971,30,550,97,256,24154.06
77976,30,519,96,253,24057.50
77981,30,597,96,261,24141.25
77986,30,604,96,70,23814.25
77991,30,486,93,54,23798.94
77996,30,487,94,68,23905.81
78001,30,526,91,56,23731.56
78006,30,528,94,70,23875.12
78011,30,579,92,56,23918.38
78017,30,1035,122,72,24458.06
78022,30,843,117,57,24296.31
78027,30,699,113,116,24132.19
78032,30,900,116,54,24167.38
78037,30,878,116,276,24402.94
78042,30,686,98,67,24441.12
78047,30,523,84,61,24738.06
78052,30,575,103,76,24920.81
78057,30,564,86,1193,25260.88
78062,30,542,84,73,24310.25
78067,30,570,94,83,24585.44
78073,30,592,93,95,24026.94
78078,30,602,100,62,24127.44
78083,30,597,109,92,24130.62
78088,30,613,103,62,24325.56
78093,30,672,84,92,24316.81
78098,30,680,91,182,24387.19
78103,30,672,91,263,24431.94
78109,30,530,71,66,23972.94
78114,30,526,79,72,24092.81
78119,30,580,82,66,24115.19
78124,30,649,79,61,24844.62
78129,30,800,82,71,24564.56
78134,30,771,82,73,24380.50
78139,31,826,75,61,24325.88
78144,31,772,78,57,24224.00
78149,30,590,63,68,24303.69
78154,30,614,63,91,23583.88
78159,30,693,74,61,23920.44
78164,29,522,82,61,23717.69
78169,29,530,80,92,23807.19
78175,30,1078,71,69,24188.44
78180,29,970,72,64,23953.00
78185,29,563,66,66,23653.19
78190,29,630,72,80,23833.50
78195,29,613,70,62,23815.12
78200,29,646,70,65,23811.38
78205,29,666,69,65,23871.06
78210,29,752,70,70,24363.00
78215,29,730,70,61,24336.19
78220,29,644,67,68,24207.19
78225,29,667,71,76,24259.25
78230,29,579,59,46,23754.81
78236,29,598,57,64,23641.44
78241,29,626,63,62,23794.06
78246,29,566,95,82,23688.50
78251,29,619,103,59,23732.06
78256,29,973,77,63,24342.75
78261,29,939,79,60,24244.69
78266,29,669,77,49,24081.38
78271,29,880,79,67,24222.06
78276,29,872,79,88,24123.94
78281,29,609,87,58,23798.50
78286,29,604,73,56,22906.12
78291,29,566,74,71,23000.06
78296,29,678,74,112,23267.25
78302,29,683,76,74,23170.75
78307,29,657,79,94,23374.88
78312,29,988,81,55,23628.31
78317,29,644,74,21,23507.50
78322,29,702,79,82,23613.19
78327,29,725,79,99,23576.75
78333,29,617,79,59,23570.69
78338,29,688,99,59,23535.00
78343,29,583,67,65,23501.06
78348,29,573,90,65,23588.88
78353,29,694,62,61,23661.19
78358,29,560,63,61,23275.81
78363,29,537,69,74,23189.50
78368,29,519,68,68,23240.56
78373,29,562,84,94,23669.44
78378,29,790,80,78,23717.00
78384,29,635,69,58,23636.19
78389,29,605,76,70,23701.00
78394,29,504,75,70,23219.19
78399,29,537,64,65,23295.88
78404,29,743,64,61,23412.69
78409,29,604,62,73,23101.88
78414,29,636,62,61,23308.06
78419,29,574,62,67,23190.62
78424,29,593,62,62,23310.69
78429,29,598,63,81,23285.31
78434,29,663,69,96,23463.31
78440,29,578,62,70,23171.62
78445,29,601,62,62,23145.06
78450,29,650,67,67,23205.56
78455,29,587,62,77,23263.12
78460,29,575,64,64,23285.25
78465,29,709,64,81,23568.81
78470,29,693,68,56,23410.06
78475,29,610,67,73,23103.12
78480,29,557,64,28,22981.06
78485,29,595,62,68,23312.12
78490,29,709,64,62,23258.06
78495,29,589,61,79,23175.81
78501,29,610,62,64,23286.50
78506,29,847,70,99,23735.62
78511,29,899,70,88,23655.12
78516,29,801,82,70,23505.50
78521,29,675,58,126,23332.81
78526,29,600,62,67,23433.62
78531,29,605,57,93,23326.81
78536,29,667,62,81,23440.44
78541,29,668,62,64,23425.81
78546,29,594,62,68,23501.31
78551,29,1008,64,85,23672.06
78556,29,917,67,103,23701.69
78562,29,525,54,98,23393.69
78567,29,771,57,63,23711.94
78572,29,683,57,58,23656.88
78577,29,674,62,69,23732.25
78582,29,625,63,93,23811.81
78587,29,544,80,122,24822.62
78592,29,617,84,74,24612.44
78597,29,629,67,1442,24783.56
78602,29,649,67,84,23869.50
78607,29,532,83,94,24716.19
78612,29,631,84,60,24145.56
78617,29,520,65,57,24492.62
78623,29,548,73,568,24224.56
78628,29,629,67,62,23710.62
78633,29,633,66,63,23667.56
78638,30,741,82,60,25073.12
78643,30,1447,74,211,25130.12
78648,29,857,72,215,24370.50
78653,29,655,72,92,23910.38
78658,29,1120,76,64,24252.50
78663,29,857,70,69,23927.50
78668,29,622,84,79,24686.31
78673,29,631,65,701,24750.94
78679,29,557,68,283,23837.44
78684,29,536,63,59,23867.94
78689,29,654,71,74,23760.75
78694,29,638,68,289,23961.81
78699,29,849,83,72,24159.00
78704,29,747,77,60,24140.62
78709,29,663,71,89,23717.06
78714,29,676,71,82,23922.94
78719,29,633,71,62,23695.25
78724,29,542,63,54,23648.75
78730,29,640,66,82,23626.56
78735,29,620,68,250,23837.19
78740,29,634,68,119,23644.56
78745,29,620,65,83,23792.00
78750,29,619,66,71,24072.69
78755,29,591,83,67,24053.06
78760,29,656,83,91,24053.44
78765,29,670,76,75,23896.88
78770,29,704,76,152,24032.75
78775,29,546,70,417,24024.19
78780,29,608,66,64,23621.00
78785,29,671,66,69,23679.81
78790,29,746,68,286,23991.38
78796,29,675,68,79,23699.25
78801,29,652,66,131,23822.69
78806,29,630,81,58,25032.56
78811,29,574,65,965,25208.19
78816,29,551,66,1055,25197.00
78821,29,534,69,256,25621.75
78826,29,633,83,64,25559.25
78831,29,532,79,61,25615.12
78836,29,630,98,807,25298.38
78841,29,666,99,60,25114.38
78846,29,662,77,68,24728.75
78852,29,632,79,67,24228.50
78857,29,650,79,56,24357.38
78862,29,641,81,56,24435.81
78867,29,560,78,72,24439.25
78872,29,575,83,69,24298.19
78877,29,498,74,66,23649.81
78882,29,558,77,92,23687.12
78887,29,469,75,80,23661.12
78892,29,514,78,57,24275.81
78897,29,499,80,99,24123.56
78902,29,526,80,76,24160.81
78908,29,425,75,89,24975.06
78913,29,516,81,1370,25381.81
78918,29,541,81,835,25285.81
78923,29,836,64,67,24655.12
78928,29,856,72,63,24575.12
78933,29,754,72,67,24343.12
78938,29,663,67,64,24075.25
78943,29,543,62,78,23661.75
78948,29,470,57,62,23313.00
78953,29,550,56,2398,22981.19
78958,29,578,157,71,21414.19
78963,29,589,53,140,21251.25
78968,29,489,155,71,21501.00
78974,29,576,145,138,21301.00
78979,29,876,144,76,21315.75
78984,29,714,140,71,21345.69
78989,29,859,136,77,21528.88
78994,29,669,134,865,21640.88
78999,29,936,53,74,21226.50
79004,29,687,56,67,21135.81
79009,29,905,56,74,20999.81
79014,29,911,56,72,20831.81
79019,29,976,54,71,20418.56
79024,29,675,60,69,20496.94
79029,29,891,56,64,20509.25
79034,29,719,58,85,20258.31
79040,29,893,57,84,20487.19
79045,29,607,78,66,20278.31
79050,29,782,63,67,20481.38
79055,29,767,62,62,20280.50
79060,29,600,63,72,20272.56
79065,29,1008,62,78,20383.81
79070,29,676,63,61,20337.81
79075,29,847,67,62,20380.69
79080,29,624,65,70,19997.62
79085,29,675,66,83,20132.56
79090,29,648,66,65,19933.31
79095,29,633,63,5986,19933.25
79101,29,663,68,4713,18233.75
79106,29,998,69,2799,17659.56
79111,29,1049,69,1897,17290.81
79116,30,1187,68,75,16858.81
79121,30,1151,68,59,16329.00
79126,30,1156,72,70,15529.25
79131,30,986,72,70,15283.81
79136,30,1059,62,783,15147.06
79141,30,1015,63,72,15011.06
79146,30,1023,62,63,14915.06
79151,30,981,65,164,14891.06
79156,30,1103,65,74,14843.06
79161,30,1107,68,63,14835.06
79167,30,972,68,74,14707.06
79172,30,960,68,78,14691.06
79177,30,870,66,66,14659.06
79182,30,817,71,832,14626.44
79187,30,820,71,113,14496.25
79192,30,703,68,147,14368.25
79197,30,671,64,72,14415.50
79202,30,274,15,77,18515.62
79207,30,223,18,783,23620.81
79212,30,394,32,5602,22755.25
79217,30,987,32,3050,17647.44
79222,30,997,32,1657,17335.69
79228,30,1067,32,792,16999.69
79233,30,1013,32,84,16775.69
79238,30,1024,26,66,16557.81
79243,30,876,28,64,16405.06
79248,30,932,28,99,16365.06
79253,30,925,28,66,16349.06
79258,30,941,28,66,16293.06
79263,30,949,32,503,16269.06
79268,30,927,32,329,16221.06
79273,30,939,32,162,16181.06
79278,30,943,32,280,16173.06
79283,30,862,33,68,15997.06
79289,30,873,33,446,15949.06
79294,30,877,33,317,15925.06
79299,30,644,31,64,15901.06
79304,30,528,33,71,16087.12
79309,30,492,25,223,18336.38
79314,30,404,24,259,22248.69
79319,30,605,25,56,24584.19
79324,30,686,24,64,26718.62
79329,30,887,28,72,26246.56
79334,30,1209,27,71,26358.56
79339,30,632,24,157,27157.06
79344,30,635,25,59,26785.62
79349,30,884,28,69,26429.25
79354,30,512,28,95,26060.00
79360,30,558,24,73,25601.31
79365,30,619,36,69,25772.56
79370,30,567,25,76,25711.19
79375,30,756,28,61,25824.75
79380,30,595,27,95,25755.06
79385,30,588,30,57,25857.00
79390,30,552,28,69,25409.62
79395,30,442,27,62,25251.19
79400,30,438,29,69,25232.25
79405,30,373,27,66,25254.69
79410,30,453,28,83,25845.06
79416,30,374,35,58,25675.50
79421,30,412,45,4207,18167.31
79426,30,438,54,2794,17777.94
79431,30,450,56,1724,17626.31
79436,30,819,56,60,17098.31
79441,30,828,56,72,16850.31
79446,30,542,40,67,16505.94
79451,30,565,40,61,16265.94
79456,30,557,45,68,16241.94
79461,30,661,49,603,16089.88
79467,30,717,49,64,15993.88
79472,30,715,49,64,15865.88
79477,30,576,41,67,15745.88
79482,30,472,45,87,15632.12
79487,30,784,41,66,15567.00
79492,30,567,40,65,15733.69
79497,30,573,44,63,15661.69
79502,30,471,37,76,15762.50
79507,30,547,44,133,15754.50
79512,30,572,44,71,15754.50
79517,30,615,46,93,15722.50
79522,30,612,45,56,15682.50
79528,30,625,46,59,15666.50
79533,30,605,42,59,15610.50
79538,30,667,42,275,16137.50
79543,30,777,43,59,16017.50
79548,30,694,42,67,15985.50
79553,30,625,39,66,15969.50
79558,30,492,37,70,16195.06
79563,30,520,44,64,16306.69
79568,30,540,38,61,17108.38
79573,30,510,39,68,17099.44
79578,30,544,146,138,17075.44
79583,30,464,36,59,17027.44
79588,30,385,36,98,19999.12
79594,30,653,36,59,22204.44
79599,30,804,41,4077,21433.56
79604,30,960,44,2649,21057.56
79609,30,984,44,1741,19141.88
79614,30,1018,44,1258,18917.81
79619,30,1040,44,635,18720.19
79624,30,1070,44,45,18453.81
79629,30,827,39,65,18341.81
79634,30,784,163,77,18197.81
79639,30,530,35,55,17965.81
79644,30,750,35,72,18181.88
79649,30,493,36,57,18620.94
79655,30,566,35,58,18527.25
79660,30,604,39,79,18658.19
79665,30,629,39,63,18522.19
79670,30,921,38,59,18482.06
79675,30,601,39,679,18530.25
79680,30,716,38,641,18370.25
79685,30,570,39,58,18002.25
79690,30,804,39,65,17858.25
79695,30,826,39,69,18236.94
79700,30,846,40,172,18108.94
79705,30,822,39,62,17980.94
79710,30,510,41,65,17876.94
79716,30,628,39,71,17824.94
79721,30,648,41,58,17915.62
79726,30,485,40,60,17893.56
79731,30,451,38,63,18326.62
79736,30,480,159,60,18670.62
79741,30,306,34,5132,22185.38
79746,30,343,34,3465,21905.38
79751,30,366,34,2731,21297.88
79756,30,384,45,2228,21129.88
79761,30,392,45,1981,21041.75
79766,30,414,45,1256,20873.75
79771,30,418,46,1152,20728.50
79776,30,490,46,670,20502.69
79781,30,758,46,70,20014.69
79786,30,970,41,59,19505.31
79792,30,757,40,64,19209.25
79797,30,641,39,61,19097.25
79802,30,1094,39,68,18857.25
79807,30,1037,39,83,18785.25
79812,30,1062,161,63,18777.25
79817,30,1103,41,73,18422.75
79822,30,1100,41,59,18308.00
79827,30,676,39,56,18327.44
79832,30,478,38,84,18654.38
79837,30,542,43,65,18622.38
79842,30,527,46,74,18582.38
79847,30,578,48,127,18582.38
79853,30,595,48,97,18566.38
79858,30,614,48,68,18566.38
79863,30,591,44,58,18566.38
79868,30,594,44,67,18550.38
79873,30,604,44,224,18542.38
79878,30,616,48,183,18542.38
79883,30,627,48,62,18534.38
79888,30,660,48,58,18502.38
79893,30,660,48,63,18494.38
79898,30,663,48,79,18478.38
79903,30,977,44,61,18398.38
79908,30,1011,46,66,18382.38
79913,30,880,45,65,18350.38
79919,30,955,43,63,18342.38
79924,30,1049,40,63,18286.38
79929,30,984,43,83,18286.38
79934,30,996,43,58,18222.38
79939,30,947,45,80,18214.38
79944,30,598,52,65,18127.44
79949,30,539,46,206,17889.06
79954,30,634,46,67,17873.06
79959,30,645,46,110,17857.06
79964,30,662,54,69,17841.06
79969,30,647,54,67,17793.06
79974,30,828,46,179,17761.06
79979,30,639,46,66,16482.31
79985,30,748,43,72,16474.25
79990,30,526,42,78,17157.38
79995,30,906,42,64,17117.38
80000,30,880,44,75,17117.38
80005,30,803,40,64,17069.38
80010,30,637,46,65,17053.38
80015,30,544,40,108,17653.50
80020,30,525,41,62,17637.50
80025,30,534,42,367,17501.50
80030,30,545,43,67,17437.50
80035,30,520,41,62,17221.50
80040,30,558,41,64,17053.50
80046,30,530,39,61,16901.50
80051,30,950,43,68,16828.62
80056,30,922,46,65,16828.62
80061,30,820,46,71,16828.62
80066,30,627,47,182,16732.62
80071,30,613,45,67,16708.62
80076,30,575,45,67,16700.62
80081,30,613,45,152,16692.62
80086,30,590,49,246,16692.62
80091,30,600,50,158,16692.62
80096,30,474,42,73,16833.44
80101,30,531,40,63,16882.94
80106,30,545,39,64,16889.50
80112,30,581,40,65,16761.50
80117,30,557,42,99,16553.50
80122,30,416,36,50,17367.06
80127,30,573,40,65,17392.88
80132,30,537,139,74,17352.88
80137,30,496,37,213,17522.81
80142,30,515,43,2128,18837.38
80147,30,523,46,1275,18613.25
80152,30,531,46,675,18413.25
80157,30,538,46,79,18293.12
80162,30,501,39,64,18245.12
80167,30,489,39,66,18093.12
80172,30,529,39,312,18111.00
80178,30,557,38,168,18079.00
80183,30,456,43,64,17831.00
80188,30,523,44,67,17983.69
80193,30,479,39,64,17980.50
80198,30,501,139,63,17948.50
80203,30,525,46,75,17948.50
80208,30,557,48,132,17868.50
80213,30,561,48,74,17469.12
80218,30,552,45,66,17381.12
80223,30,569,45,101,17381.12
80228,30,551,43,71,17357.12
80233,30,486,37,70,17979.25
80239,30,370,40,369,19153.44
80244,30,347,36,71,20580.81
80249,30,441,39,28,20260.81
80254,30,443,39,78,20539.44
80259,30,355,37,66,20549.06
80264,30,428,38,78,20636.94
80269,30,330,33,58,22618.38
80274,30,245,29,326,25720.88
80279,30,264,30,59,26514.94
80284,30,333,29,65,26799.94
80289,30,333,31,65,26377.25
80294,30,393,29,60,26703.75
80299,30,358,34,67,26830.81
80305,30,365,29,60,26880.00
80310,30,407,32,94,26717.00
80315,30,287,33,74,26614.12
80320,30,370,31,55,26701.50
80325,30,389,45,77,26578.69
80330,30,380,36,202,26810.12
80335,30,307,35,69,26563.94
80340,30,365,36,84,26213.12
80345,30,355,35,68,26375.25
80350,30,343,35,66,26387.88
80355,30,416,41,86,26503.56
80360,30,344,35,76,26991.50
80365,30,411,36,90,26797.25
80371,30,353,35,65,26935.62
80376,30,361,35,60,26934.44
80381,30,387,37,79,26630.88
80386,30,379,39,14,26739.88
80391,30,389,41,92,26675.56
80396,30,392,40,96,26511.75
80401,30,430,35,60,26513.00
80406,30,438,40,69,26606.94
80411,30,433,40,128,26475.12
80416,30,444,38,126,26713.44
80421,30,391,36,97,26443.81
80426,30,411,35,80,26407.94
80431,30,411,36,63,26317.75
80437,30,392,36,79,26503.75
80442,30,403,36,66,26385.69
80447,30,323,37,82,26449.06
80452,30,400,42,67,26637.75
80457,30,406,39,64,26796.06
80462,30,359,36,58,26759.12
80467,30,393,36,71,26593.19
80472,30,471,35,82,26583.31
80477,30,455,38,72,26616.75
80482,30,422,38,90,26605.94
80487,30,417,32,70,26513.38
80492,30,428,36,60,26369.88
80497,30,344,32,80,26286.81
80503,30,465,36,73,26567.88
80508,30,421,34,26,26324.56
80513,30,418,36,62,26414.31
80518,30,368,36,75,26151.12
80523,30,429,35,78,26237.69
80528,30,433,33,61,26250.25
80533,30,443,36,68,26341.31
80538,30,348,41,66,26115.62
80543,30,313,30,299,27978.44
80548,30,367,36,67,28742.19
80553,30,326,27,60,29200.75
80558,30,389,27,119,29251.44
80563,30,395,35,92,28564.75
80569,30,395,37,66,28714.38
80574,30,362,32,192,28987.69
80579,30,406,35,67,29017.25
80584,30,379,30,69,28686.75
80589,30,335,30,58,28500.94
80594,30,405,30,84,28738.81
80599,30,372,30,93,28457.25
80604,30,373,30,49,28975.56
80609,30,322,34,174,29207.50
80614,30,384,34,62,29464.00
80619,30,389,34,66,29388.06
80624,30,377,27,110,29195.62
80629,30,374,32,65,29153.31
80634,30,367,28,73,29215.69
80640,30,387,34,60,29136.75
80645,30,400,28,74,29241.06
80650,30,337,30,79,29217.25
80655,30,427,28,83,29678.69
80660,30,409,32,199,29747.19
80665,30,401,27,67,29424.62
80670,30,383,30,67,29325.50
80675,30,403,27,68,29404.56
80680,30,413,30,65,29236.81
80685,30,385,29,84,28754.81
80690,30,386,32,59,28687.75
80695,30,406,32,151,29050.44
80701,30,414,32,68,28958.62
80706,30,363,30,62,28911.00
80711,30,438,30,93,29048.38
80716,30,420,30,68,29041.38
80721,30,426,32,105,28953.75
80726,30,405,32,121,28838.69
80731,30,390,29,63,28773.00
80736,30,392,30,131,28967.62
80741,30,376,31,66,28626.38
80746,30,395,38,104,28965.44
80751,30,411,38,66,29069.19
80756,30,413,35,95,29069.94
80762,30,401,33,88,29032.44
80767,30,414,33,80,29215.81
80772,30,445,30,68,29122.19
80777,30,422,32,58,29162.25
80782,30,365,30,82,28956.06
80787,30,451,30,68,29307.19
80792,30,455,30,64,29365.25
80797,30,336,29,64,29081.06
80802,30,398,122,69,29109.50
80808,30,382,34,67,28934.69
80813,30,324,30,62,28835.88
80818,30,384,30,86,28895.06
80823,30,407,30,71,28973.06
80828,30,402,29,63,29104.19
80833,30,420,30,87,28929.00
80838,30,390,32,131,28686.94
80843,30,401,32,42,28996.00
80848,30,410,32,147,29148.94
80853,30,411,32,81,29086.19
80858,30,382,28,112,29151.38
80863,30,379,33,77,29084.69
80868,30,393,36,69,29268.94
80874,30,386,34,67,29354.50
80879,30,382,140,69,29554.50
80884,30,403,30,106,29307.06
80889,30,372,30,61,28862.81
80894,30,403,30,63,29021.69
80899,30,416,36,58,28900.25
80904,30,394,32,287,29235.38
80909,30,405,30,74,28866.38
80914,30,384,30,162,29068.69
80919,30,384,33,60,29030.06
80924,30,308,30,55,28864.62
80929,30,455,36,140,29314.94
80935,30,788,36,71,29553.94
80940,30,592,31,98,29541.00
80945,30,924,28,62,29612.31
80950,30,586,31,69,29369.00
80955,30,917,28,58,29447.25
80960,30,789,32,65,29154.19
80965,30,609,36,70,29368.94
80970,30,583,34,81,29295.75
80975,30,514,27,76,29050.50
80980,30,498,31,60,28869.94
80985,30,494,30,79,28655.31
80990,30,535,33,55,28664.50
80996,30,554,30,99,29048.12
81001,30,562,34,253,28921.00
81006,30,895,35,67,29368.75
81011,30,877,31,71,29275.44
81016,30,849,31,74,29178.88
81021,30,851,33,114,28974.38
81026,30,780,30,87,29287.25
81031,30,716,31,68,29060.94
81036,30,619,31,61,29164.00
81041,30,579,34,108,29118.69
81046,30,551,31,79,28756.44
81051,30,566,33,73,28685.94
81056,30,526,30,80,28793.44
81062,30,534,31,159,28896.62
81067,30,530,31,66,28867.81
81072,30,548,31,95,28713.44
81077,30,551,31,108,29076.56
81082,30,544,33,75,28937.38
81087,30,531,34,121,29078.75
81092,30,595,34,58,29070.00
81097,30,590,31,105,29266.50
81102,30,476,32,116,28903.62
81107,30,541,35,65,28935.88
81112,30,521,30,79,28867.06
81117,30,482,31,78,28822.75
81122,30,540,36,63,28931.56
81127,30,539,31,65,28848.44
81133,30,536,31,38,28982.25
81138,30,538,33,58,29047.81
81143,30,526,33,81,28960.38
81148,30,568,33,99,29332.00
81153,30,566,30,107,29279.31
81158,30,520,31,118,29055.25
81163,30,535,38,59,29148.62
81168,30,528,39,59,29221.69
81173,30,535,40,68,29321.69
81178,30,571,36,261,29614.50
81183,30,581,71,58,29653.25
81188,30,531,88,81,29699.06
81194,30,545,54,91,29803.62
81199,30,500,53,59,29663.12
81204,30,517,50,63,29555.12
81209,30,514,39,185,29450.25
81214,30,511,80,72,29256.44
81219,30,495,41,233,29511.81
81224,30,421,41,57,29197.44
81229,30,436,45,63,29313.75
81234,30,500,45,120,29363.75
81239,30,470,47,72,29319.31
81245,30,460,73,60,29223.06
81250,30,478,74,152,29620.19
81255,30,432,58,65,30133.50
81260,30,441,42,1427,30300.69
81265,30,460,52,68,30227.75
81270,30,437,47,72,30027.12
81276,30,477,48,124,29785.44
81281,30,479,48,60,29521.06
81286,30,454,44,211,29647.75
81291,30,478,46,58,29482.00
81296,30,349,42,59,30227.62
81301,30,355,53,49,30254.62
81306,30,408,66,111,29869.69
81311,30,403,54,93,29269.44
81316,30,439,50,61,29373.94
81321,30,454,50,87,29358.56
81326,30,425,48,74,29319.75
81331,30,505,48,64,29332.62
81337,30,437,48,199,29437.56
81342,30,477,48,209,29736.44
81347,30,481,50,108,29585.06
81352,30,480,50,251,29627.19
81357,30,427,47,125,29751.94
81362,30,462,48,61,29724.56
81367,30,479,48,101,29717.25
81372,30,476,47,69,29620.06
81377,30,490,50,91,29793.25
81382,30,441,50,67,29480.12
81388,30,513,48,219,29646.44
81393,30,437,48,49,29276.06
81398,30,435,51,64,29660.12
81403,30,374,48,142,29642.50
81408,30,430,51,187,29853.81
81413,30,426,46,140,29806.69
81418,30,445,49,127,29719.81
81423,30,397,49,210,29660.31
81428,30,443,49,405,29749.69
81434,30,457,49,440,30039.88
81439,30,443,51,377,29746.44
81444,30,375,42,59,29623.81
81449,30,446,49,81,29816.06
81454,30,427,48,72,29821.69
81459,30,363,46,215,29615.25
81464,30,422,49,149,29533.25
81469,30,433,50,70,29541.81
81474,30,357,45,64,29463.56
81479,30,383,43,203,29525.62
81484,30,438,49,120,29885.56
81490,30,451,49,126,30087.25
81495,30,448,49,58,29930.25
81500,30,455,51,68,29991.81
81505,30,401,49,336,30178.31
81510,30,474,49,76,29972.19
81515,30,470,49,59,29686.69
81520,30,407,49,69,29428.81
81525,30,438,52,64,29805.31
81530,30,403,47,80,29556.19
81535,30,414,46,98,29553.94
81540,30,447,47,66,29749.88
81545,30,449,42,77,29743.19
81551,30,428,45,94,29559.19
81556,30,384,47,72,29488.12
81561,30,443,49,64,29588.12
81566,30,430,44,55,29512.12
81571,30,389,45,90,29528.88
81576,30,409,44,86,29542.44
81581,30,424,45,78,29726.81
81586,30,415,45,14,29573.19
81591,30,439,50,69,29748.94
81596,30,442,50,63,29774.12
81601,30,462,50,40,29841.94
81606,30,449,45,79,29820.12
81612,30,456,45,80,29761.50
81617,30,442,44,60,29531.62
81622,30,438,47,164,29911.62
81627,30,415,45,64,29566.06
81632,30,482,43,62,29530.75
81637,30,422,32,92,29647.75
81642,30,429,39,73,29532.06
81647,30,365,39,80,29486.31
81652,30,440,41,61,29684.00
81657,30,453,34,208,29717.19
81662,30,448,34,69,29598.44
81667,30,452,32,84,29567.94
81673,30,453,32,91,29744.00
81678,30,450,32,164,29807.06
81683,30,450,34,75,29783.38
81688,30,471,34,76,29907.00
81693,30,444,32,91,29788.31
81698,30,360,30,57,29544.69
81703,30,418,31,62,29521.25
81708,30,422,33,98,29605.56
81713,30,423,33,57,29726.38
81718,30,437,33,93,29685.69
81723,30,418,31,64,29383.69
81728,30,460,31,128,29670.88
81734,30,452,31,140,29763.75
81739,30,454,31,130,29677.44
81744,30,444,33,150,29959.69
81749,30,471,31,68,30007.19
81754,30,446,31,67,29919.38
81759,30,450,31,66,29863.38
81764,30,434,38,71,29736.00
81769,30,443,40,68,29805.38
81774,30,365,29,64,29707.81
81779,30,421,30,57,29733.50
81784,30,428,29,73,29691.06
81789,30,368,35,64,29837.44
81795,30,449,29,99,29846.69
81800,30,431,33,268,29836.00
81805,30,464,31,236,30224.31
81810,30,428,31,31,29883.50
81815,30,472,31,114,29988.19
81820,30,389,35,112,30305.69
81826,31,550,36,294,30519.81
81831,30,429,38,273,30168.81
81836,30,422,35,68,30016.12
81841,30,460,36,288,30094.31
81846,30,434,36,210,30065.94
81851,30,449,36,153,30017.31
81856,30,404,31,65,29718.50
81861,30,431,33,60,29627.62
81866,30,390,31,90,29683.75
81871,30,382,31,72,29752.44
81876,30,441,30,78,29808.31
81881,30,441,36,34,29737.25
81887,30,453,36,73,29997.75
81892,30,444,35,88,29942.00
81897,30,464,39,272,30298.94
81902,30,483,39,285,30636.12
81907,30,489,39,73,30467.88
81912,30,492,37,80,30458.75
81917,30,504,37,167,30376.94
81922,30,507,39,76,30340.31
81927,30,533,39,76,30201.69
81932,30,529,36,56,30044.50
81938,30,456,29,84,30086.62
81943,30,447,34,58,29973.75
81948,30,391,30,62,30013.88
81953,30,447,36,58,30293.25
81958,30,448,34,59,30214.06
81963,30,451,30,122,30080.62
81968,30,426,29,81,29876.12
81973,30,384,33,61,29758.06
81978,30,367,29,99,29926.81
81983,30,403,31,65,29764.81
81988,30,454,28,64,29796.88
81993,30,469,29,78,29928.69
81998,30,396,29,69,29757.31
82004,30,419,35,68,29679.62
82009,30,430,36,68,29897.31
82014,30,439,38,291,30074.25
82019,30,447,38,108,29888.44
82024,30,446,29,72,29773.31
82029,30,448,29,69,29941.31
82034,30,422,29,78,29826.69
82039,30,455,29,67,29893.19
82044,30,440,29,68,29969.38
82049,30,463,29,63,30266.88
82054,30,445,29,69,30092.50
82059,30,376,28,74,29887.00
82064,30,427,29,85,29920.88
82069,30,407,32,92,29875.19
82075,30,416,31,61,29756.88
82080,30,436,29,73,29835.31
82085,30,445,29,66,29977.38
82090,30,445,29,61,30078.69
82095,30,444,28,111,29788.06
82100,30,445,31,61,29929.81
82105,30,467,31,99,30031.19
82110,30,445,31,63,29993.94
82115,30,465,33,72,30014.38
82120,30,439,33,188,30218.19
82125,30,388,29,67,29970.50
82130,30,410,30,69,29830.38
82136,30,411,29,85,29815.62
82141,30,459,30,70,29954.50
82146,30,419,32,60,29946.31
82151,30,447,30,96,29998.00
82156,30,413,36,108,29996.75
82161,30,449,38,295,30265.69
82166,30,456,38,99,30064.56
82171,30,484,38,62,30023.75
82176,30,502,32,64,30071.69
82181,30,460,32,62,29890.81
82186,30,475,32,93,30122.69
82191,30,476,34,74,30121.94
82196,30,442,34,97,30069.69
82202,30,461,34,116,30141.75
82207,30,437,32,64,30089.31
82212,30,429,32,80,29840.19
82217,30,434,29,101,29890.62
82222,30,434,34,179,30114.88
82227,30,420,29,60,29927.31
82232,30,472,31,135,30350.38
82237,30,443,32,65,30146.50
82242,30,464,32,94,30230.94
82247,30,440,32,77,30141.81
82252,30,450,34,90,30152.06
82257,30,456,34,120,30072.88
82262,30,459,34,81,30038.06
82268,30,469,32,69,29928.62
82273,30,475,32,160,30082.44
82278,30,415,32,65,29751.62
82283,30,433,34,97,29700.62
82288,30,468,31,73,29901.50
82293,30,461,32,87,29811.88
82298,30,384,32,77,29801.00
82303,30,445,32,90,30004.62
82308,30,444,30,63,30036.12
82313,30,452,34,78,30026.25
82318,30,453,34,90,29961.56
82323,30,441,30,22,29940.69
82328,30,456,32,84,30216.62
82334,30,461,32,70,30000.12
82339,30,456,32,106,29960.81
82344,30,468,38,76,30310.44
82349,30,460,30,72,30084.06
82354,30,453,32,71,30073.56
82359,30,429,32,65,29873.06
82364,30,443,39,235,30133.25
82369,30,444,39,68,29970.00
82374,30,438,34,86,29875.44
82379,30,457,34,74,30181.00
82384,30,460,34,118,29986.44
82389,30,465,32,70,30109.00
82394,30,477,31,83,30051.81
82400,30,477,30,135,30174.69
82405,30,488,34,123,30289.94
82410,30,481,34,63,30083.69
82415,30,385,30,70,30075.94
82420,30,430,32,65,30258.25
82425,30,434,30,78,30187.19
82430,30,423,31,68,29878.00
82435,30,444,33,64,30113.38
82440,30,423,32,71,29906.44
82445,30,455,32,70,30151.19
82450,30,445,32,100,30053.44
82455,30,469,32,288,30520.62
82460,30,446,32,61,29845.62
82466,30,469,34,185,30149.12
82471,30,479,34,84,30012.12
82476,30,481,36,167,30362.75
82481,30,422,36,95,30157.56
82486,30,415,32,36,29916.31
82491,30,447,34,154,30349.94
82496,30,450,34,78,30176.75
82501,30,421,36,113,29923.50
82506,30,452,36,69,30169.44
82511,30,478,32,198,30306.56
82516,30,478,32,70,30175.12
82521,30,566,34,113,30203.75
82526,30,609,34,60,30426.88
82532,30,627,34,265,30587.31
82537,30,494,32,99,30292.31
82542,30,479,39,74,30320.56
82547,30,493,39,163,30552.19
82552,30,484,41,65,30292.44
82557,30,421,31,73,29957.50
82562,30,480,32,78,30160.69
82567,30,480,32,64,30244.62
82572,30,438,32,110,30034.00
82577,30,479,32,66,30068.75
82582,30,483,34,61,30380.06
82587,30,472,34,59,30270.06
82592,30,486,32,76,30149.00
82598,30,482,32,57,30375.88
82603,30,492,32,68,30282.88
82608,30,472,32,62,30222.06
82613,30,483,34,109,30193.25
82618,30,483,34,72,30278.44
82623,30,486,30,70,30139.31
82628,30,486,32,124,30256.25
82633,30,501,32,74,30222.12
82638,30,461,31,119,30111.19
82643,30,461,34,82,30246.88
82648,30,468,32,69,30255.69
82653,30,489,32,104,30334.19
82659,30,494,31,80,30353.44
82664,30,498,32,124,30476.56
82669,30,446,36,75,30218.38
82674,30,486,38,67,30463.94
82679,30,478,33,94,30564.75
82684,30,494,34,85,30517.25
82689,30,439,30,97,30496.81
82694,30,496,32,73,30766.12
82699,30,485,32,66,30591.38
82704,30,479,32,61,30696.69
82710,30,458,30,112,30600.88
82715,30,450,31,64,30625.12
82720,30,414,29,61,30516.94
82725,30,338,111,78,30334.44
82730,30,417,31,76,30278.75
82735,30,425,37,225,30657.62
82740,30,435,39,83,30454.88
82745,30,445,39,87,30316.38
82750,30,464,39,113,30503.50
82755,30,464,31,91,30301.81
82760,30,472,31,74,30398.25
82765,30,465,32,96,30460.88
82770,30,496,33,144,30632.25
82776,30,475,33,97,30411.44
82781,30,385,29,98,30208.12
82786,30,416,38,60,30270.81
82791,30,434,38,213,30564.25
82796,30,432,34,89,30300.25
82801,30,404,29,64,30164.44
82806,30,465,32,69,30498.75
82811,30,464,32,71,30446.12
82816,30,380,32,22,30148.56
82821,30,446,32,72,30319.56
82826,30,458,34,123,30526.06
82831,30,468,33,67,30548.75
82836,30,472,32,62,30380.44
82842,30,476,32,71,30516.19
82847,30,441,31,192,30756.31
82852,30,439,32,111,30564.38
82857,30,389,34,60,30475.81
82862,31,493,32,64,30684.62
82867,30,454,32,93,30781.62
82872,30,487,32,81,30659.94
82877,30,469,32,61,30772.12
82882,30,443,34,145,30929.62
82887,30,427,31,50,30651.50
82892,30,474,32,108,30704.50
82897,30,468,32,65,30795.25
82903,30,461,35,170,31079.38
82908,30,461,35,87,30824.94
82913,30,439,37,80,30797.06
82918,30,391,30,63,30755.06
82923,30,406,32,64,30554.06
82928,30,428,31,81,30632.56
82933,30,464,32,71,30823.81
82938,30,459,32,83,30851.12
82943,30,415,33,27,30532.50
82948,30,487,34,59,30845.94
82953,30,481,32,59,31006.12
82958,30,413,38,58,30818.69
82963,30,429,42,62,30874.00
82969,30,452,42,85,30795.44
82974,30,464,44,169,31024.69
82979,30,426,34,81,30825.00
82984,30,464,36,91,30848.94
82989,30,427,32,87,30730.94
82994,30,462,33,130,30813.50
82999,30,463,34,69,30728.69
83004,30,492,36,71,31029.38
83009,30,505,39,69,31018.75
83014,30,455,35,138,30942.38
83020,30,437,37,66,31117.88
83025,30,424,32,61,30825.00
83030,30,459,34,129,31019.00
83035,30,435,35,76,30860.00
83040,30,473,36,84,31244.44
83045,30,479,36,80,31179.75
83050,30,453,130,66,31386.06
83055,30,443,34,67,31126.25
83060,30,448,37,62,30852.81
83065,30,428,33,64,30883.94
83070,30,470,34,120,31141.31
83076,30,459,34,72,31061.81
83081,30,383,33,68,30734.69
83086,30,452,34,68,31059.19
83091,30,440,32,63,30817.00
83096,30,448,36,159,31041.38
83101,30,453,36,68,30796.88
83106,30,473,36,84,30945.69
83111,30,475,43,76,30845.62
83116,30,452,53,83,31037.50
83121,30,423,39,43,30810.88
83126,30,407,41,71,30822.19
83131,30,451,38,60,31036.94
83137,30,461,39,61,31134.75
83142,30,441,39,76,31201.00
83147,30,396,38,102,30873.50
83152,30,445,39,97,31044.12
83157,30,453,41,87,30820.81
83162,30,471,41,33,30961.81
83167,30,428,41,73,30822.06
83172,30,474,41,113,30915.56
83177,30,451,39,60,30953.12
83182,30,455,41,72,31033.88
83187,30,419,38,70,30870.12
83192,30,428,39,73,30839.75
83197,30,451,39,171,31227.44
83203,30,447,39,80,31057.31
83208,30,435,39,99,31082.00
83213,30,434,41,64,31096.06
83218,30,441,40,35,31069.38
83223,30,453,41,70,31261.75
83228,30,459,41,91,31143.25
83233,30,459,43,61,31161.44
83238,30,468,43,119,31211.25
83243,30,457,43,70,31108.25
83248,30,460,45,96,31243.69
83253,30,467,38,95,31260.94
83258,30,441,39,70,30997.69
83263,30,422,39,65,31031.81
83269,30,447,39,81,31031.81
83274,30,442,41,258,31296.75
83279,30,450,41,56,31169.94
83284,30,457,41,105,31099.94
83289,30,444,38,69,30910.44
83294,30,463,39,118,31055.81
83299,30,460,43,96,30955.88
83304,30,478,45,65,31027.62
83309,30,485,40,106,31106.06
83314,30,487,41,126,31053.81
83319,30,481,41,72,31063.44
83324,30,422,37,84,30991.44
83330,30,448,39,121,31126.12
83335,30,413,41,57,30867.25
83340,30,430,39,42,30703.69
83345,30,469,39,85,31017.50
83350,30,472,39,103,31026.44
83355,30,436,39,17,30765.44
83360,30,452,39,65,30996.94
83365,30,465,39,80,31077.69
83370,30,485,41,120,31048.50
83375,30,461,38,89,30932.31
83380,30,476,39,64,30956.12
83385,30,482,39,14,31023.56
83391,30,441,39,85,30973.88
83396,30,454,41,84,31060.75
83401,30,454,39,66,31023.19
83406,30,444,38,66,30809.75
83411,30,418,39,63,30861.00
83416,30,470,39,76,31062.50
83421,30,460,43,91,31010.81
83426,30,415,41,62,30912.50
83431,30,486,41,74,31133.06
83436,30,491,41,87,31009.44
83441,30,494,44,108,31303.00
83447,30,449,45,92,30957.38
83452,30,461,46,80,31025.81
83457,30,463,48,146,31175.31
83462,30,410,41,89,30853.81
83467,30,425,39,76,30817.88
83472,30,444,39,59,30791.44
83477,30,463,39,344,31296.19
83482,30,465,39,90,31074.56
83487,30,474,41,71,30991.62
83492,30,445,39,68,30901.00
83497,30,457,39,96,31191.25
83502,30,431,42,68,31032.50
83508,30,454,43,91,31088.31
83513,30,453,43,64,30988.56
83518,30,462,45,78,31035.69
83523,30,491,41,145,31056.88
83528,30,457,38,64,31016.94
83533,30,456,39,61,31083.25
83538,30,403,39,70,30867.62
83543,30,434,41,92,30879.31
83548,30,486,41,71,31236.31
83553,30,450,41,100,31189.25
83558,30,457,39,87,31237.12
83563,30,493,46,61,31110.81
83569,30,494,46,92,31120.62
83574,30,433,40,73,31006.12
83579,30,467,41,70,31151.38
83584,30,483,41,64,31166.88
83589,30,483,41,204,31175.62
83594,30,495,41,61,30958.12
83599,30,459,38,59,30899.50
83604,30,469,39,63,31139.50
83609,30,476,41,67,30945.75
83614,30,446,37,62,30907.00
83619,30,452,39,152,31054.12
83624,30,457,38,63,31348.69
83629,30,436,39,90,31279.44
83634,30,445,41,118,31102.31
83640,30,461,41,68,31176.81
83645,30,475,39,215,31282.00
83650,30,475,41,96,31164.69
83655,30,461,39,90,31014.06
83660,30,472,39,184,31181.62
83665,30,488,41,92,31233.62
83670,30,473,45,87,31185.50
83675,30,479,45,77,31224.06
83680,30,442,39,83,31155.00
83685,30,416,44,64,30986.75
83690,30,446,38,115,31036.12
83695,30,463,41,72,31213.12
83701,30,475,39,159,31285.31
83706,30,453,38,92,31028.19
83711,30,477,39,108,31208.69
83716,30,479,39,78,31037.31
83721,30,482,39,70,31135.81
83726,30,493,41,130,31186.25
83731,30,512,41,75,31084.38
83736,30,493,41,65,31347.44
83741,30,408,39,91,31061.94
83746,30,434,38,109,31056.31
83751,30,442,39,64,31107.00
83756,30,452,41,99,31191.69
83761,30,473,45,117,31341.31
83767,30,459,45,67,31475.94
83772,30,451,39,64,31433.56
83777,30,418,39,141,31096.62
83782,30,476,39,77,31103.12
83787,30,492,41,119,31054.88
83792,30,500,41,82,31147.56
83797,30,482,41,128,30975.38
83802,30,490,48,95,30962.44
83807,30,495,48,84,30983.94
83812,30,400,45,73,30979.88
83817,30,464,41,73,30953.44
83822,30,438,39,68,30945.44
83827,30,442,33,68,31014.12
83833,30,436,34,97,30936.00
83838,30,454,142,76,31342.06
83843,30,480,34,98,31209.06
83848,30,466,34,71,31099.19
83853,30,449,33,138,30866.50
83858,30,430,38,64,30873.62
83863,30,460,38,70,30951.88
83868,30,452,38,63,30924.50
83873,30,452,34,85,30730.88
83878,30,462,36,94,30855.38
83883,30,474,36,85,31018.12
83888,30,470,36,83,30934.44
83893,30,430,34,128,30702.31
83899,30,444,33,67,30557.25
83904,30,461,34,319,31215.88
83909,30,502,36,99,31056.81
83914,30,508,39,63,30937.38
83919,30,469,37,113,31026.50
83924,30,449,44,52,30941.31
83929,30,461,44,93,30927.62
83934,30,461,41,64,30825.44
83939,30,476,43,111,30936.31
83944,30,485,43,110,30851.62
83949,30,415,34,102,30777.25
83954,30,486,34,80,30949.69
83960,30,445,35,211,30947.50
83965,30,455,36,65,30685.62
83970,30,489,36,87,30954.44
83975,30,490,36,61,31050.88
83980,30,442,34,69,30791.12
83985,30,453,34,73,30812.56
83990,30,453,33,61,30742.50
83995,30,472,34,178,30957.56
84000,30,460,36,130,30744.56
84005,30,482,36,78,30770.38
84010,30,485,36,72,30820.62
84015,30,481,33,96,30993.19
84020,30,387,36,76,30621.38
84026,30,447,40,62,30703.25
84031,30,473,33,75,30914.94
84036,30,480,34,64,31155.19
84041,30,441,34,76,30915.44
84046,30,452,33,62,30989.69
84051,30,464,34,62,31156.44
84056,30,460,36,87,30958.12
84061,30,471,36,83,31105.69
84066,30,471,36,84,30916.56
84071,30,482,36,69,30892.00
84076,30,495,36,140,31080.00
84081,30,463,34,84,30895.44
84087,30,478,35,60,31115.50
84092,30,437,34,62,30888.12
84097,30,418,34,55,30894.12
84102,30,459,34,68,31121.19
84107,30,460,34,101,31287.19
84112,30,462,34,131,31084.75
84117,30,459,36,119,30959.81
84122,30,494,36,63,31166.81
84127,30,447,33,65,31071.25
84132,30,485,34,84,31062.75
84137,30,470,34,117,31111.25
84142,30,482,34,62,31298.31
84147,30,495,36,75,31209.06
84152,30,480,36,71,31181.88
84158,30,455,101,65,31377.94
84163,30,458,41,149,31295.31
84168,30,449,41,124,31179.38
84173,30,452,34,78,30897.56
84178,30,461,36,56,30925.00
84183,30,449,35,102,30840.88
84188,30,472,38,63,31105.31
84193,30,473,38,66,30963.06
84198,30,476,38,95,31090.69
84203,30,470,34,117,31012.94
84208,30,491,36,65,31016.75
84213,30,499,36,65,30845.31
84218,30,501,34,99,31154.50
84224,30,472,38,87,30894.00
84229,30,470,38,67,30939.69
84234,30,477,37,97,31011.44
84239,30,428,36,86,30993.56
84244,30,470,36,82,30977.69
84249,30,420,33,66,31162.81
84254,30,442,34,55,31263.75
84259,30,416,34,94,31152.31
84264,30,435,34,68,31311.69
84269,30,473,36,68,31248.88
84274,30,413,34,14,30787.94
84279,30,463,34,94,31022.06
84284,30,441,34,88,30863.00
84290,30,467,34,101,31022.75
84295,30,423,34,70,30885.31
84300,30,469,36,85,30914.56
84305,30,481,36,80,30865.44
84310,30,447,34,123,31126.81
84315,30,426,34,97,30783.44
84320,30,418,33,72,30738.62
84325,30,451,36,59,30990.69
84330,30,475,36,68,31121.38
84335,30,469,36,60,31066.81
84340,30,429,34,126,30921.94
84345,30,436,38,80,31090.00
84350,30,413,41,63,30957.94
84356,30,431,35,59,30831.06
84361,30,453,36,89,30876.31
84366,30,470,36,287,31241.19
84371,30,427,34,78,30963.56
84376,30,448,34,79,31011.00
84381,30,443,32,68,30844.88
84386,30,454,36,73,30960.81
84391,30,438,34,88,31149.31
84396,30,466,36,114,31285.62
84401,30,407,31,37,30891.75
84406,30,428,34,110,31077.94
84411,30,437,34,86,30790.06
84417,30,438,38,66,31100.25
84422,30,452,40,211,31132.12
84427,30,465,40,117,31043.94
84432,30,422,34,63,31036.69
84437,30,464,34,61,31140.00
84442,30,429,34,71,30853.00
84447,30,413,36,62,31064.50
84452,30,441,33,92,30981.44
84457,30,460,34,107,31300.50
84462,30,444,34,70,31038.62
84467,30,428,33,147,31123.06
84472,30,446,34,74,31233.06
84478,30,458,36,147,31244.56
84483,30,458,36,69,31254.00
84488,30,468,36,84,31063.25
84493,30,473,36,75,31269.50
84498,30,467,34,83,31238.81
84503,30,405,34,82,31177.50
84508,30,443,36,59,31154.50
84513,30,439,34,85,31186.75
84518,30,404,33,26,30970.50
84523,30,435,34,75,31255.12
84528,30,430,34,83,31334.81
84534,30,443,33,194,31500.50
84539,30,402,36,241,31189.94
84544,30,440,36,62,31105.50
84549,30,450,34,114,31244.81
84554,30,542,38,255,31444.06
84559,30,554,38,67,31247.75
84564,30,562,38,96,31317.69
84569,30,503,36,123,31302.19
84574,30,469,33,80,31188.38
84579,30,395,34,68,31249.25
84585,30,435,41,108,31132.25
84590,30,448,34,189,31259.69
84595,30,454,33,71,31065.75
84600,30,469,36,116,31239.81
84605,30,473,36,62,31198.19
84610,30,383,35,114,31094.81
84615,30,462,35,91,31288.31
84620,30,408,34,94,31097.62
84625,30,476,35,154,31743.75
84630,30,506,36,68,31621.44
84635,30,510,36,63,31688.12
84640,30,514,36,65,31819.88
84646,30,526,36,168,31902.56
84651,30,531,37,69,31776.75
84656,30,479,34,58,31493.50
84661,30,483,38,62,31530.06
84666,30,490,38,63,31396.94
84671,30,481,38,57,31216.94
84676,30,458,34,73,31300.75
84681,30,451,42,193,31576.56
84686,30,410,94,80,31370.19
84691,30,461,52,72,31326.31
84696,30,435,49,64,31358.38
84701,30,396,52,545,31810.38
84706,30,456,52,67,31496.38
84711,30,461,51,73,31373.69
84717,30,539,58,71,31656.31
84722,30,549,142,69,31622.81
84727,30,474,118,67,31584.94
84732,30,471,77,76,31377.44
84737,30,484,77,171,31607.62
84742,30,472,64,100,31442.44
84747,30,494,66,62,31491.75
84752,30,491,66,55,31495.00
84757,30,464,64,75,31431.75
84762,30,427,67,76,31358.62
84767,30,432,70,68,31354.06
84772,30,476,71,64,31574.19
84777,30,438,84,69,31447.94
84782,30,486,87,66,31286.62
84788,30,505,88,104,31711.94
84793,30,508,89,243,31753.50
84798,30,468,84,259,31568.75
84803,30,441,65,167,31499.12
84808,30,509,68,73,31732.19
84813,30,441,66,50,31298.12
84818,30,492,69,103,31515.19
84823,30,462,64,70,31397.50
84828,30,477,65,149,31571.31
84833,30,480,65,50,31452.00
84839,30,476,64,62,31317.75
84844,30,479,64,108,31321.69
84849,30,483,62,194,31429.31
84854,30,506,62,60,31237.06
84859,30,483,65,75,31270.69
84864,30,466,62,59,31189.06
84869,30,495,62,356,31568.44
84874,30,514,64,66,31524.44
84879,30,491,62,68,31357.81
84884,30,471,60,105,30758.75
84889,30,482,62,259,31063.25
84894,30,445,61,126,31017.19
84900,30,509,64,60,31106.25
84905,30,503,64,66,30934.75
84910,30,506,69,359,31242.62
84915,30,528,67,66,31374.94
84920,30,515,67,62,31488.56
84925,30,531,67,60,31373.50
84930,30,553,69,327,31426.88
84935,30,557,69,69,31371.50
84940,30,541,69,86,31215.88
84945,30,525,69,86,30661.69
84950,30,503,67,59,30502.62
84955,30,484,59,58,30656.56
84960,30,482,64,149,30841.12
84966,30,444,56,73,30636.62
84971,30,470,52,66,30521.94
84976,30,515,57,75,30562.12
84981,30,426,99,71,30672.62
84986,30,386,73,66,31512.19
84991,30,476,65,243,31518.44
84996,30,420,74,56,31256.25
85001,30,347,60,86,31509.75
85006,30,452,82,892,31611.69
85011,30,452,74,54,30719.62
85016,30,465,69,105,30733.75
85021,30,445,77,70,31456.81
85027,30,480,77,116,30593.50
85032,30,488,75,269,30485.19
85037,30,503,91,71,30348.50
85042,30,420,61,37,30257.31
85047,30,480,64,66,30553.81
85052,30,471,65,262,30547.44
85057,30,453,64,72,30406.69
85062,30,390,89,83,31012.31
85067,30,444,70,492,31162.06
85072,30,405,65,55,30956.38
85077,30,514,71,129,30694.94
85083,30,509,71,80,30505.56
85088,30,480,69,76,30590.62
85093,30,433,66,68,30047.19
85098,30,478,69,69,30028.56
85103,30,464,65,78,29819.31
85108,30,513,67,203,30078.81
85113,30,501,67,131,30023.31
85118,30,516,67,94,30167.94
85123,30,495,73,242,30095.75
85128,30,462,72,66,29977.38
85133,30,435,64,276,29941.12
85139,30,458,66,89,29887.44
85144,30,466,65,273,29995.75
85149,30,477,65,61,30342.75
85154,30,473,65,300,30349.44
85159,30,488,65,84,30200.31
85164,30,474,61,258,30227.00
85169,30,420,73,68,30437.38
85174,30,425,64,67,31117.25
85179,30,452,78,632,30927.25
85184,30,482,79,195,30919.31
85190,30,496,74,372,30904.94
85195,30,504,69,387,30973.31
85200,30,518,71,72,31071.38
85205,30,507,71,376,30975.38
85210,30,514,71,64,30955.88
85215,30,528,71,77,30777.75
85220,30,520,69,55,30695.44
85225,30,489,69,169,30582.81
85230,30,480,71,71,30258.81
85235,30,510,71,75,30038.00
85241,30,460,65,93,30152.38
85246,30,452,71,308,30319.06
85251,30,494,72,66,30212.56
85256,30,493,65,64,30267.81
85261,30,496,66,76,30147.81
85266,30,472,71,291,30369.75
85271,30,504,71,62,30281.75
85276,30,507,67,64,30090.44
85281,30,454,69,59,29908.12
85286,30,468,52,64,29874.69
85292,30,450,54,66,29876.50
85297,30,433,49,18,29711.19
85302,30,451,55,77,29944.56
85307,30,428,58,111,29948.44
85312,30,453,54,66,29815.25
85317,30,456,54,60,29977.62
85322,30,396,54,62,29854.44
85327,30,466,176,61,30307.56
85332,30,464,52,132,30238.69
85337,30,424,52,113,29836.69
85342,30,480,52,77,30000.75
85348,30,491,51,67,29982.75
85353,30,433,53,144,30178.25
85358,30,430,52,71,30074.56
85363,30,423,58,94,29898.00
85368,30,430,51,59,29899.56
85373,30,408,35,119,29818.25
85378,30,439,35,81,30033.19
85383,30,446,36,127,30021.44
85388,30,397,34,17,29720.94
85393,30,426,35,73,29805.88
85398,30,435,34,92,29758.00
85404,30,442,35,65,29877.62
85409,30,475,35,256,30101.56
85414,30,478,37,136,29952.69
85419,30,484,37,76,29823.56
85424,30,436,35,59,29987.06
85429,30,422,35,75,29834.25
85434,30,414,35,66,29760.12
85439,30,408,36,60,29779.94
85444,30,449,37,137,29849.19
85449,30,427,37,56,29987.00
85454,30,443,35,126,29909.50
85459,30,410,33,31,29601.81
85464,30,424,35,86,29936.94
85470,30,398,34,67,29977.38
85475,30,446,40,83,29965.81
85480,30,426,40,88,30002.88
85485,30,434,43,103,29924.06
85490,30,446,41,70,29949.81
85495,30,412,34,109,29982.44
85500,30,440,37,73,29977.12
85505,30,420,38,66,29788.94
85510,30,417,32,55,29730.00
85515,30,452,34,90,29926.62
85520,30,466,34,62,29991.88
85525,30,468,34,59,30036.94
85530,30,468,36,123,30263.62
85536,30,467,36,75,30214.38
85541,30,397,36,70,29905.44
85546,30,442,36,90,29985.56
85551,30,423,34,60,29853.38
85556,30,451,35,212,30181.12
85561,30,463,37,83,30041.94
85566,30,443,36,104,30072.69
85571,30,453,35,66,29976.69
85576,30,402,34,66,29808.00
85581,30,427,34,119,29856.19
85586,30,457,34,94,30015.81
85591,30,483,34,77,30235.44
85597,30,484,36,93,30200.12
85602,30,388,41,62,29859.75
85607,30,446,41,67,30235.31
85612,30,440,33,162,30216.31
85617,30,427,34,64,30078.56
85622,30,449,36,57,30076.19
85627,30,454,35,75,30188.12
85632,30,464,36,77,30230.12
85637,30,466,36,74,30220.12
85642,30,395,33,69,30187.81
85647,30,497,34,69,30334.81
85652,30,440,39,308,30498.94
85657,30,423,39,94,30242.81
85662,30,451,34,60,30348.56
85668,30,435,38,135,30332.19
85673,30,367,38,311,31273.19
85678,30,442,39,70,30551.69
85683,30,462,41,84,30473.62
85688,30,454,37,78,30315.69
85693,30,425,33,80,29684.75
85698,30,443,34,65,30005.38
85703,30,448,34,155,30056.56
85708,30,485,42,80,30716.81
85713,30,468,93,64,30370.00
85718,30,469,93,67,30280.50
85723,30,387,51,90,31447.81
85729,30,448,49,169,31018.25
85734,30,391,48,60,31119.50
85739,30,443,47,63,31110.19
85744,30,456,51,83,31044.00
85749,30,450,53,78,31022.12
85754,30,375,48,242,30609.62
85759,30,503,52,169,30928.94
85764,30,499,57,63,31061.56
85769,30,474,53,230,31389.56
85774,30,481,55,64,31349.31
85779,30,452,53,66,31271.50
85784,30,465,54,408,31481.88
85790,30,473,54,74,31376.44
85795,30,458,53,177,31384.62
85800,30,403,54,70,31464.12
85805,30,461,42,56,31130.19
85810,30,393,35,61,30809.06
85815,30,451,36,117,30764.31
85820,30,400,39,63,31213.12
85825,30,411,36,68,30934.19
85830,30,449,39,104,30860.81
85835,30,438,41,28,30641.62
85841,30,457,41,79,30668.94
85846,30,446,41,102,30632.00
85851,30,430,33,82,30697.94
85856,30,403,34,55,30406.75
85861,30,368,36,67,30394.94
85866,30,420,36,176,30472.62
85871,30,438,36,193,30823.56
85876,30,446,36,78,30609.12
85881,30,425,34,166,30560.75
85886,30,470,34,65,30563.81
85891,30,489,36,119,30686.62
85896,30,475,36,92,30363.50
85901,30,480,36,37,30557.50
85906,30,431,35,80,30561.00
85912,30,435,35,81,30450.56
85917,30,440,35,59,30443.19
85922,30,439,36,78,30398.75
85927,30,449,36,222,30777.88
85932,30,396,36,72,30349.25
85937,30,429,32,102,30261.12
85942,30,449,34,61,30539.38
85947,30,438,34,61,30516.19
85952,30,456,33,66,30652.06
85957,30,427,34,64,30649.00
85962,30,434,37,82,30647.38
85967,30,396,42,62,30454.19
85972,30,441,42,70,30465.88
85977,30,452,42,69,30628.06
85983,30,463,40,313,30683.69
85988,30,464,40,102,30505.06
85993,30,438,34,74,30399.88
85998,30,445,35,109,30642.50
86003,30,403,35,98,30515.62
86008,30,463,34,83,30568.56
86013,30,449,40,60,30539.38
86018,30,459,40,75,30936.12
86023,30,443,39,96,30889.88
86028,30,429,35,72,30695.25
86033,30,439,35,80,30731.81
86038,30,390,34,37,30615.81
86043,30,461,37,110,30640.75
86049,30,453,37,60,30682.06
86054,30,477,37,155,30773.31
86059,30,478,37,92,30728.31
86064,30,456,35,58,30708.69
86069,30,471,35,59,30752.94
86074,30,458,36,192,30910.38
86079,30,409,37,66,30514.62
86084,30,440,35,95,30549.69
86089,30,454,42,99,31009.31
86094,30,457,51,70,30917.19
86099,30,451,51,77,30877.94
86104,30,456,41,94,30747.94
86109,30,468,41,71,30901.19
86115,30,463,40,103,30555.94
86120,30,440,39,57,30714.12
86125,30,460,39,63,30821.00
86130,30,483,39,225,31033.75
86135,30,457,39,68,30743.00
86140,30,443,41,69,30777.38
86145,30,424,42,69,30708.69
86150,30,378,39,64,30654.69
86155,30,434,39,117,30819.25
86160,30,447,39,77,30888.06
86165,30,464,41,98,31035.31
86170,30,443,41,91,31118.88
86175,30,447,41,66,31078.44
86180,30,460,66,77,31258.00
86186,30,484,39,145,31339.75
86191,30,410,38,56,31048.25
86196,30,477,41,64,30909.50
86201,30,477,41,88,30970.50
86206,30,442,41,75,30859.06
86211,30,408,39,78,30907.62
86216,30,420,37,62,30647.75
86221,30,425,39,134,30681.94
86226,30,438,41,104,30644.06
86231,30,459,41,139,30831.19
86236,30,421,41,65,30723.31
86241,30,372,39,36,30436.50
86246,30,446,39,100,30889.00
86252,30,455,38,85,30829.12
86257,30,464,44,61,30985.06
86262,30,463,44,67,31117.69
86267,30,420,38,83,30915.38
86272,30,449,39,94,30962.81
86277,30,456,39,92,31055.12
86282,30,451,39,73,30914.75
86287,30,409,41,71,30939.81
86292,30,415,34,98,30601.25
86297,30,364,32,73,30504.44
86302,30,436,35,60,30802.25
86307,30,459,37,64,30916.88
86313,30,477,38,63,31075.25
86318,30,424,40,63,30709.69
86323,30,446,44,78,30920.44
86328,30,428,38,66,30689.12
86333,30,448,38,188,30861.50
86338,30,436,35,64,30658.38
86343,30,455,35,93,30734.81
86348,30,457,36,61,30696.12
86353,30,447,37,82,30750.50
86358,30,353,34,43,30549.69
86363,30,431,35,79,30640.56
86368,30,482,35,225,31170.44
86373,30,481,37,130,30992.44
86378,30,452,37,60,30856.75
86384,30,425,43,70,30650.00
86389,30,432,41,111,31488.44
86394,30,432,35,111,31561.06
86399,30,412,31,60,31483.19
86404,30,475,33,69,30975.12
86409,30,477,33,68,31110.31
86414,30,412,31,77,30892.62
86419,30,470,31,123,31026.81
86424,30,470,32,91,30997.56
86430,30,425,30,87,30838.44
86435,30,454,33,72,30851.81
86440,30,432,31,55,30698.69
86445,30,442,31,188,30818.88
86450,30,427,31,137,30680.50
86455,30,441,31,98,30781.88
86460,30,477,31,61,30744.50
86465,30,440,33,76,30813.38
86470,30,461,33,63,30993.62
86475,30,435,62,98,30833.12
86480,30,463,47,400,31345.25
86485,30,417,36,92,30953.12
86490,30,486,39,70,31077.81
86495,30,483,41,66,30915.44
86500,30,423,41,181,31156.50
86506,30,437,33,111,31018.38
86511,30,435,32,68,30916.38
86516,30,424,35,58,30944.69
86521,30,440,40,203,31500.00
86526,30,451,42,90,31299.00
86531,30,422,40,60,31098.75
86536,30,443,37,111,31083.19
86541,30,411,38,123,30772.25
86546,30,446,35,26,30832.44
86551,30,476,35,73,31111.69
86557,30,473,37,295,31376.50
86562,30,418,35,67,30941.50
86567,30,457,44,63,30997.88
86572,30,461,42,62,31160.75
86577,30,454,42,120,31019.56
86582,30,408,41,337,31234.75
86587,30,410,40,16,31116.44
86592,30,451,39,93,31155.50
86598,30,343,39,60,31073.44
86603,30,436,39,65,31079.31
86608,30,477,39,300,31241.38
86613,30,494,41,115,31191.31
86618,30,440,40,65,30945.25
86623,30,438,38,81,31034.12
86628,30,448,40,75,31211.50
86633,30,395,39,61,30837.75
86638,30,457,39,80,31101.06
86643,30,458,35,112,30926.12
86648,30,470,37,65,30985.81
86653,30,474,37,78,30861.38
86658,30,423,38,67,30667.56
86664,30,443,38,74,30749.00
86669,30,450,35,182,30828.00
86674,30,446,37,66,30741.75
86679,30,443,37,84,30832.00
86684,30,461,37,94,30989.12
86689,30,453,34,107,30812.19
86694,30,438,35,71,30666.56
86699,30,451,35,69,30900.69
86704,30,470,37,102,30919.19
86709,30,471,41,89,30901.81
86714,30,461,41,92,30932.38
86719,30,475,41,78,30968.44
86724,30,473,41,58,30912.94
86729,30,458,34,92,30981.88
86734,30,387,37,76,30751.25
86740,30,427,39,83,30933.69
86745,30,433,35,85,30700.44
86750,30,447,35,92,31005.88
86755,30,451,35,64,30940.25
86760,30,464,39,210,31389.88
86765,30,470,41,92,31311.06
86770,30,432,32,54,31028.88
86775,30,468,35,92,31040.25
86780,30,446,35,70,31025.62
86785,30,490,35,69,31142.00
86790,30,511,40,75,31309.00
86795,30,486,41,107,31284.69
86800,30,395,37,92,30893.88
86805,30,424,35,98,30708.88
86811,30,427,32,59,30676.94
86816,30,446,35,342,31241.44
86821,30,452,35,70,31172.69
86826,30,461,36,110,31090.19
86831,30,416,35,69,30969.38
86836,30,439,35,108,31049.38
86841,30,453,34,71,30661.88
86846,30,477,35,96,30817.38
86851,30,469,33,71,31091.19
86856,30,467,37,127,31047.38
86861,30,475,37,136,31073.75
86866,30,468,37,84,30960.00
86871,30,417,33,66,30952.06
86876,30,425,35,57,30826.00
86882,30,449,34,65,30777.00
86887,30,438,32,69,31022.56
86892,30,443,35,60,31008.75
86897,30,460,35,104,31088.25
86902,30,459,33,77,30928.56
86907,30,477,30,245,31304.56
86912,30,489,33,64,31165.38
86917,30,451,35,66,30941.19
86922,30,469,35,118,31077.94
86927,30,455,35,68,30917.44
86932,30,463,35,73,30943.31
86937,30,474,35,68,30990.31
86942,30,463,30,68,31147.50
86947,30,458,35,62,31010.00
86953,30,410,36,81,30911.75
86958,30,432,33,89,30950.25
86963,30,444,33,217,31197.56
86968,30,456,33,71,31225.50
86973,30,486,32,63,31187.00
86978,30,418,35,129,31110.00
86983,30,432,35,94,31142.44
86988,30,446,32,82,30965.00
86993,30,458,33,55,31007.62
86998,30,453,33,70,31176.75
87003,30,467,33,77,31221.06
87008,30,461,35,57,31317.88
87013,30,467,35,64,31258.56
87018,30,448,32,84,31129.00
87023,30,404,33,65,31123.12
87029,30,453,32,64,31181.19
87034,30,434,34,103,31138.44
87039,30,436,34,78,31179.75
87044,30,460,41,285,31441.81
87049,30,461,39,221,31296.19
87054,30,462,38,209,31389.38
87059,30,434,33,71,31366.12
87064,30,545,42,103,31656.56
87069,30,420,64,236,31571.75
87074,30,454,65,298,31540.19
87079,30,423,64,100,31537.38
87084,30,487,64,193,31684.69
87089,30,517,63,79,31780.00
87094,30,471,65,74,31482.44
87100,30,421,59,68,31854.31
87105,30,450,59,186,31997.06
87110,30,452,58,61,31797.25
87115,30,373,58,68,31886.00
87120,30,376,56,62,32446.81
87126,30,459,62,127,32401.69
87131,30,487,65,450,32313.69
87136,30,502,65,445,32257.69
87141,30,511,65,64,32169.69
87146,30,446,61,60,31303.69
87151,30,375,57,66,30966.81
87156,30,382,62,64,31031.62
87161,30,439,52,214,31069.19
87166,30,454,59,89,31336.31
87171,30,446,84,224,31245.38
87176,30,447,76,114,31137.06
87181,30,459,77,272,31160.94
87186,30,468,55,205,31276.94
87192,30,476,60,80,31210.75
87197,30,337,49,53,32152.00
87202,30,416,74,1329,32297.12
87207,30,463,73,63,31751.56
87212,30,465,64,280,31645.69
87217,30,443,66,170,31398.38
87222,30,439,60,62,31427.25
87227,30,379,61,72,31447.56
87232,30,436,60,71,31455.38
87237,30,427,58,59,31266.81
87242,30,386,57,86,30988.44
87247,30,448,61,224,31344.25
87253,30,465,63,79,31195.19
87258,30,451,58,73,31110.94
87263,30,454,58,104,30992.56
87268,30,430,60,50,31207.50
87273,30,461,60,63,31030.94
87278,30,460,87,66,31157.56
87283,30,450,89,120,30991.62
87288,30,460,89,147,31131.75
87293,30,466,89,69,31090.62
87298,30,420,63,116,31119.31
87303,30,452,57,72,31007.38
87308,30,412,59,66,30896.19
87313,30,443,56,97,30993.31
87318,30,451,57,108,31027.56
87324,30,454,57,59,31043.50
87329,30,489,57,96,31169.38
87334,30,470,61,259,31230.00
87339,30,478,63,68,31257.31
87344,30,412,60,63,31234.50
87349,30,456,62,131,31416.56
87354,30,459,70,64,31327.50
87359,30,458,69,293,31703.69
87364,30,474,69,81,31516.56
87369,30,465,63,72,31466.62
87374,30,346,36,230,32261.38
87379,30,359,130,71,32947.00
87385,30,440,170,68,33071.94
87390,30,439,113,71,32676.56
87395,30,419,117,62,32498.44
87400,30,409,110,61,32334.94
87405,30,420,122,108,32649.81
87410,30,427,122,69,32544.38
87415,30,434,115,85,32558.25
87420,30,442,115,79,32557.00
87425,30,457,114,72,32595.25
87430,30,398,117,71,32202.69
87435,30,454,117,94,32468.19
87440,30,421,112,68,32442.50
87445,30,441,115,105,32379.00
87451,30,444,115,58,32486.06
87456,30,443,115,66,32485.31
87461,30,416,127,65,32621.00
87466,30,426,121,65,32425.06
87471,30,367,113,69,32461.94
87476,30,416,115,74,32465.00
87481,30,426,109,48,32272.00
87486,30,441,116,64,32299.69
87491,30,422,116,96,32336.12
87496,30,443,113,59,32332.38
87501,30,454,114,108,32490.81
87506,30,435,114,131,32418.25
87511,30,502,114,241,32601.81
87516,30,483,120,72,32763.81
87522,30,426,121,338,32924.38
87527,30,447,166,71,33089.81
87532,30,452,162,109,32954.75
87537,30,452,151,64,32754.44
87542,30,421,151,59,32501.38
87547,30,412,150,72,32327.38
87552,30,433,151,66,32294.06
87557,30,442,151,199,32767.44
87562,30,440,158,77,32803.19
87567,30,462,153,60,32606.06
87572,30,440,149,95,32669.25
87577,30,416,151,75,32562.94
87583,30,432,153,81,32492.38
87588,30,454,151,80,32750.25
87593,30,463,179,327,33026.25
87598,30,418,158,318,32938.81
87603,30,444,158,62,32603.44
87608,30,458,157,71,32731.69
87613,30,406,157,88,32733.69
87618,30,412,154,163,32645.75
87623,30,435,156,95,32748.00
87628,30,419,143,228,32876.44
87633,30,386,143,127,32758.50
87638,30,333,139,274,32725.25
87643,30,351,141,152,32637.31
87649,30,434,145,175,32943.06
87654,30,425,140,69,32793.31
87659,30,426,107,152,32951.12
87664,30,449,112,63,33056.50
87669,30,344,111,66,33060.38
87674,30,440,109,61,32846.94
87679,30,438,115,58,32768.25
87684,30,425,65,100,32651.62
87689,30,411,68,245,32702.56
87694,30,424,60,59,32400.81
87699,26,673,65,59,32779.75
87704,23,406,65,71,32489.19
87709,28,1089,60,66,33099.75
87715,28,1034,55,169,32604.06
87720,28,1042,57,66,32936.69
87725,28,999,57,69,32762.81
87730,28,1003,63,70,32654.12
87735,28,885,49,59,32542.56
87740,28,913,46,87,32662.81
87745,28,840,49,200,32505.31
87750,28,748,51,280,32572.50
87755,28,737,49,65,32915.25
87760,28,753,49,75,32757.00
87766,28,757,48,146,32545.56
87771,28,806,49,211,32957.38
87776,28,789,53,299,32853.81
87781,28,734,50,237,32635.06
87786,28,739,53,69,32723.06
87791,28,713,50,117,32920.56
87796,28,790,53,87,33051.00
87801,28,788,53,65,33011.00
87806,28,894,48,68,32883.00
87812,28,825,51,60,32864.38
87817,28,814,48,162,32802.56
87822,28,737,46,79,32371.94
87827,28,816,49,62,32448.19
87832,28,802,49,62,32547.38
87837,28,844,49,73,32710.88
87842,28,799,51,290,32793.12
87848,28,834,55,68,32602.88
87853,28,814,52,67,32434.38
87858,28,801,49,70,32581.25
87863,28,733,46,73,32361.50
87868,28,780,47,62,32542.25
87873,28,851,49,59,32617.31
87878,28,830,49,65,32601.00
87883,28,780,47,74,33024.50
87888,28,767,56,70,32816.50
87893,28,766,85,64,32712.50
87898,28,768,62,77,32462.69
87903,28,768,59,97,32501.00
87908,28,737,60,77,32428.31
87913,28,741,85,64,32285.56
87919,28,760,84,66,32498.62
87924,28,744,63,81,32464.75
87929,28,717,62,97,32460.25
87934,28,777,61,87,32368.94
87939,28,739,63,86,32419.69
87944,28,799,67,225,32627.50
87949,28,814,68,59,32565.19
87954,28,875,69,97,32610.75
87959,28,1194,62,124,33000.00
87964,28,950,74,62,33359.94
87969,28,802,64,1058,33442.38
87974,28,877,66,77,33063.00
87979,28,814,60,65,33838.81
87985,28,784,87,1334,33654.56
87990,28,794,71,349,33320.38
87995,28,865,74,140,33367.00
88000,28,876,73,56,33267.75
88005,28,867,74,341,33270.81
88010,28,864,73,76,33236.56
88015,28,890,72,163,33271.81
88020,28,861,73,57,31293.62
88025,28,878,73,67,31051.25
88031,28,766,69,62,30937.44
88036,28,699,68,65,30896.00
88041,28,668,67,206,31195.88
88046,28,729,70,97,31064.44
88051,28,715,71,99,31412.81
88056,28,916,79,60,31397.38
88061,28,902,69,99,31286.12
88066,28,853,66,117,31311.50
88071,28,867,67,75,31235.00
88077,28,864,67,70,31196.69
88082,28,821,66,78,31018.88
88087,28,770,65,62,30873.00
88092,28,723,69,71,31050.81
88097,28,789,65,264,31393.31
88102,28,816,67,137,31400.00
88107,28,774,65,196,31409.38
88112,28,777,67,143,31334.00
88117,28,790,67,253,31394.56
88123,28,777,75,67,31566.56
88128,28,696,77,79,31757.69
88133,28,767,73,1556,32134.25
88138,28,678,62,57,32170.81
88143,28,746,78,2162,32714.81
88148,28,766,85,376,32074.81
88153,28,773,74,74,31451.56
88158,28,764,74,222,31333.25
88163,28,722,72,76,31198.88
88168,28,628,67,193,31043.06
88173,28,689,70,59,30960.06
88179,28,700,63,64,30895.19
88184,28,653,71,67,30643.31
88189,28,717,69,67,30882.12
88194,28,711,66,89,30857.88
88199,28,710,66,75,30969.00
88204,28,690,65,69,30592.38
88209,28,732,68,117,30878.75
88214,28,672,66,64,30728.12
88219,28,709,66,100,30621.19
88224,28,699,66,33,30693.31
88229,28,724,66,132,30785.81
88234,28,728,66,73,31017.62
88239,28,705,67,61,31384.00
88245,28,688,63,62,31259.69
88250,28,664,63,62,31242.06
88255,28,670,54,59,31295.44
88260,28,553,50,87,31180.50
88265,28,605,53,65,31408.38
88270,28,601,55,233,31620.12
88275,28,604,53,66,31453.44
88280,28,540,53,65,31427.31
88285,28,546,56,269,31743.62
88290,28,544,51,210,31592.50
88295,28,559,54,208,31583.44
88300,28,524,52,60,31542.25
88305,28,523,45,68,31113.81
88311,28,478,47,119,30819.75
88316,28,516,50,308,31296.44
88321,28,522,48,68,31263.12
88326,28,533,52,83,31122.19
88331,28,575,49,150,31046.00
88336,28,607,48,59,31175.19
88341,28,571,51,128,31151.88
88346,28,590,52,71,31340.19
88351,28,580,52,69,31303.06
88357,28,556,49,278,31383.25
88362,28,620,54,384,31761.19
88367,28,619,58,114,31811.00
88372,28,636,58,148,31769.31
88377,28,638,58,210,31681.31
88382,28,650,56,74,31614.75
88387,28,644,52,108,31649.81
88392,28,625,50,60,31448.44
88397,28,598,47,82,31367.81
88402,28,591,54,70,31331.81
88407,28,541,50,57,31445.88
88412,28,545,44,59,31428.19
88417,28,527,49,103,31574.62
88423,28,547,51,358,31676.25
88428,28,499,46,116,31446.06
88433,28,552,51,140,31072.38
88438,28,582,51,387,31515.31
88443,28,593,53,71,31135.50
88448,28,548,53,64,31202.44
88453,28,533,47,71,30801.69
88458,28,547,58,98,31157.31
88463,28,503,48,109,31064.50
88468,28,552,49,85,31100.81
88473,28,597,49,271,31356.38
88478,28,586,51,71,31267.62
88484,28,608,55,71,31130.94
88489,28,577,55,344,31264.44
88494,28,565,51,76,31130.62
88499,28,554,52,57,31030.81
88504,28,577,48,66,30859.31
88509,28,553,49,69,30949.12
88514,28,570,51,177,31093.88
88519,28,574,51,75,31137.56
88524,28,492,47,77,31229.19
88529,28,550,53,65,31338.06
88534,28,570,53,14,31205.06
88539,28,556,49,61,31227.38
88545,28,591,55,89,31383.56
88550,28,565,48,57,31390.75
88555,28,580,49,67,31347.50
88560,28,576,49,84,31256.31
88565,28,574,53,62,31267.94
88570,28,577,51,53,31319.69
88575,28,526,48,59,30986.38
88580,28,516,47,54,30931.88
88585,28,569,50,338,31425.00
88590,28,559,53,78,31370.12
88596,28,519,53,81,31384.94
88601,28,578,52,338,31437.31
88606,28,610,55,64,31488.81
88611,28,594,53,186,31416.31
88616,28,587,53,47,31253.44
88621,28,603,53,86,31368.06
88626,28,631,53,76,31083.94
88631,28,618,55,63,30993.50
88636,28,548,49,65,30896.62
88641,28,573,49,58,30789.88
88646,28,571,45,60,31069.12
88652,28,496,53,66,30904.81
88657,28,558,47,78,30877.50
88662,28,588,51,62,31099.50
88667,28,576,51,63,30953.31
88672,28,594,46,58,30841.25
88677,28,573,53,91,31092.69
88682,28,598,45,66,31081.19
88687,28,573,47,85,30814.31
88692,28,604,51,66,30946.06
88697,28,595,51,178,31245.81
88702,28,607,53,64,31299.56
88707,28,573,53,68,31115.00
88712,28,606,49,126,31096.31
88718,28,610,53,184,31286.44
88723,28,560,57,207,31129.50
88728,28,574,58,317,31245.06
88733,28,563,47,100,30954.31
88738,28,561,46,61,31139.25
88743,28,537,51,277,31133.75
88748,28,450,51,70,31211.38
88753,28,554,52,381,31699.38
88758,28,557,55,148,31650.94
88764,28,544,56,495,31490.81
88769,28,534,54,103,31259.81
88774,28,567,54,354,31256.75
88779,28,574,54,173,31242.50
88784,28,605,54,207,31161.88
88789,28,568,56,58,31145.81
88794,28,566,51,297,31024.12
88799,28,571,54,128,31066.06
88804,28,592,54,332,31276.25
88809,28,582,54,252,31283.88
88814,28,598,56,64,31227.56
88819,28,585,56,68,31117.00
88825,28,581,56,65,31221.06
88830,28,564,54,72,31179.94
88835,28,559,54,328,31219.62
88840,28,563,54,63,31053.31
88845,28,570,58,62,31064.75
88850,28,568,55,203,31082.44
88855,28,571,58,112,30955.44
88860,28,537,49,57,30791.00
88865,28,570,50,63,30846.19
88870,28,553,50,160,31162.62
88875,28,559,52,65,31019.81
88880,28,580,52,121,31190.12
88885,28,551,51,61,31046.56
88891,28,566,54,231,31344.75
88896,28,547,130,84,31210.06
88901,28,572,189,295,31448.38
88906,28,600,138,145,31253.25
88911,28,529,116,68,31046.00
88916,28,581,151,188,31364.88
88921,28,599,153,124,31403.19
88926,28,605,153,87,31387.19
88931,28,600,142,61,31354.88
88936,28,605,127,145,31444.88
88941,28,606,127,163,31422.00
88946,28,579,97,57,31336.25
88951,28,550,121,74,31124.19
88956,28,551,87,62,31079.69
88962,28,570,90,143,31192.94
88967,28,545,98,105,30885.25
88972,28,497,84,63,30943.00
88977,28,545,90,66,30894.44
88982,28,533,89,97,30957.25
88987,28,577,88,90,31180.38
88992,28,587,90,64,31289.12
88997,28,588,123,95,31531.50
89002,28,550,126,136,31233.44
89007,28,568,103,56,31239.75
89012,28,557,91,352,31490.75
89017,28,540,92,139,31424.06
89023,28,582,93,400,31502.19
89028,28,604,127,56,31434.00
89033,28,584,122,66,31319.25
89038,28,545,90,123,31389.88
89043,28,584,125,73,31241.50
89048,28,543,89,62,31208.25
89053,28,566,93,85,31407.06
89058,28,480,83,56,31138.75
89063,28,458,182,60,31290.06
89068,28,532,83,95,31193.75
89073,28,527,85,83,31351.31
89079,28,541,80,82,31119.00
89084,28,548,88,76,31305.56
89089,28,559,117,211,31284.62
89094,28,573,117,125,31203.81
89099,28,566,136,71,31095.94
89104,28,570,134,81,31149.69
89109,28,553,113,104,31106.44
89114,28,573,115,69,31211.06
89119,28,572,90,79,31194.06
89124,28,542,93,268,31396.62
89129,28,503,86,156,31256.06
89134,28,546,84,74,31277.88
89140,28,524,84,66,30898.94
89145,28,543,82,67,31148.81
89150,28,465,83,126,31044.62
89155,28,528,86,65,30917.25
89160,28,553,82,106,31148.19
89165,28,561,85,75,31162.75
89170,28,537,110,84,31036.44
89175,28,542,111,71,31098.25
89180,28,526,111,79,31311.25
89185,28,543,82,176,31343.75
89190,28,552,86,92,31353.81
89195,28,552,87,65,31177.88
89200,28,558,82,72,30875.38
89205,28,577,91,69,30903.38
89211,28,580,113,64,31020.81
89216,28,547,105,131,31384.06
89221,28,537,83,109,31098.31
89226,28,554,87,69,30817.12
89231,28,498,79,79,31058.50
89236,28,542,81,58,31003.69
89241,28,535,204,63,31434.50
89246,28,537,83,113,31206.38
89251,28,527,79,89,31121.44
89256,28,527,79,55,30960.31
89262,28,539,77,71,31126.62
89267,28,580,81,90,31118.25
89272,28,587,81,162,31125.31
89277,28,544,76,137,31132.25
89282,28,563,82,247,31021.12
89287,28,586,83,63,31009.38
89292,28,538,74,60,30946.94
89297,28,524,84,62,31214.00
89302,28,543,84,315,31462.38
89307,28,561,83,97,31453.38
89312,28,546,82,355,31572.38
89317,28,544,86,367,31494.44
89323,28,537,82,75,31443.19
89328,28,557,83,63,31405.06
89333,28,530,81,101,31004.56
89338,28,475,78,84,30839.81
89343,28,544,79,107,30810.44
89348,28,549,79,134,31424.25
89353,28,536,79,62,31234.31
89358,28,547,83,110,31244.88
89363,28,541,79,62,31323.50
89369,28,555,79,91,31347.50
89374,28,568,79,71,31289.56
89379,28,575,78,148,31355.00
89384,28,512,79,145,31076.19
89389,28,587,81,345,31519.50
89394,28,563,81,243,31305.88
89399,28,551,77,121,31480.31
89404,28,557,79,66,31210.56
89409,28,538,80,171,31561.94
89414,28,490,83,67,31030.69
89420,28,479,82,237,31134.50
89425,28,552,86,203,31546.19
89430,28,489,83,224,31610.75
89435,28,548,83,81,31297.00
89440,28,554,83,148,31392.75
89445,28,581,85,93,31602.62
89450,28,595,82,240,31466.69
89455,28,607,85,71,31191.38
89460,28,489,77,58,31006.44
89466,28,554,78,100,31038.88
89471,28,578,78,71,31018.12
89476,28,484,79,71,30830.38
89481,28,537,80,66,31034.69
89486,28,505,78,74,30867.12
89491,28,529,76,85,30971.88
89496,28,534,74,109,31142.38
89501,28,554,82,104,31290.19
89506,28,525,82,292,31267.88
89511,28,549,82,100,31706.56
89516,28,557,83,220,31928.88
89521,28,570,82,80,31787.44
89526,28,577,83,319,31789.94
89532,28,582,81,181,31714.81
89537,28,598,83,67,31660.81
89542,28,587,81,55,31617.88
89547,28,550,76,92,31343.75
89552,28,547,78,80,31726.25
89557,28,563,78,137,31642.81
89562,28,540,79,95,31389.25
89567,28,585,87,71,31463.75
89572,28,568,88,97,31556.06
89577,28,558,82,120,31408.62
89582,28,532,83,397,31562.00
89588,28,573,83,63,31445.88
89593,28,582,81,352,31496.44
89598,28,537,83,118,31380.12
89603,28,513,84,61,31422.19
89608,28,539,80,70,31201.88
89613,28,562,49,159,31206.25
89618,28,524,48,62,31185.19
89623,28,579,50,257,31252.81
89628,28,613,54,148,31433.69
89633,28,525,56,165,31765.88
89639,28,556,56,76,31572.38
89644,28,527,55,211,31415.00
89649,28,572,56,350,31505.00
89654,28,585,56,140,31275.25
89659,28,568,58,66,31325.38
89664,28,523,50,62,31211.62
89669,28,548,50,215,31322.88
89674,28,540,51,81,31241.12
89679,28,568,51,209,31282.00
89684,28,526,51,271,31242.81
89689,28,566,54,243,31434.50
89694,28,496,51,56,30918.81
89700,28,485,52,75,31041.06
89705,28,563,55,199,31018.31
89710,28,509,52,75,31020.12
89715,28,561,55,440,31175.31
89720,28,509,55,208,31285.25
89725,28,556,53,284,31358.75
89730,28,533,51,55,30918.62
89735,28,555,51,60,30985.25
89740,28,567,51,107,31087.56
89745,28,585,58,172,31154.38
89750,28,592,58,92,30929.94
89756,28,544,49,71,30789.44
89761,28,559,51,57,30976.25
89766,28,573,51,127,31088.25
89771,28,519,51,236,31024.44
89776,28,569,53,58,30972.31
89781,28,549,50,127,31008.69
89786,28,498,51,58,30715.69
89791,28,544,52,302,31067.44
89796,28,575,55,63,31263.38
89801,28,558,55,181,31174.44
89806,28,568,55,273,31192.50
89811,28,578,55,314,31239.88
89816,28,570,55,373,31261.88
89822,28,500,49,62,30922.19
89827,28,571,51,103,30866.38
89832,28,553,55,28,30933.12
89837,28,576,53,83,31238.50
89842,28,570,56,68,31251.12
89847,28,581,56,72,31282.31
89852,28,579,51,208,31341.94
89857,28,580,50,94,31204.00
89862,28,572,49,58,31022.25
89867,28,606,53,95,31208.56
89872,28,616,57,320,31483.25
89877,28,606,57,155,31585.81
89883,28,609,55,67,31541.81
89888,28,620,55,69,31577.44
89893,28,616,55,116,31585.62
89898,28,615,57,232,31553.75
89903,28,588,54,73,31183.75
89908,28,538,45,131,31047.06
89913,28,583,95,114,31359.56
89918,28,528,62,79,30972.62
89923,28,511,70,70,30904.00
89929,28,564,68,68,31134.50
89934,28,494,97,145,30981.00
89939,28,573,95,62,31337.81
89944,28,585,68,61,31171.12
89949,28,616,64,103,31273.00
89954,28,562,63,69,31157.69
89959,28,561,66,75,31164.06
89964,28,571,66,65,31333.50
89969,28,572,69,135,31220.31
89974,28,577,71,93,31118.38
89980,28,591,64,93,30955.50
89985,28,596,71,135,31225.44
89990,28,564,73,59,31312.19
89995,28,516,63,67,30991.88
90000,28,584,70,61,31260.44
90005,28,583,78,62,31201.62
90010,28,553,64,77,31023.56
90015,28,508,58,165,30941.12
90020,28,553,67,66,31087.94
90025,28,538,62,80,31098.81
90030,28,562,61,57,31180.88
90036,28,558,89,56,31373.06
90041,28,562,66,60,31470.69
90046,28,535,68,248,31201.31
90051,28,570,70,62,31548.31
90056,28,576,69,369,31732.12
90061,28,577,68,72,31393.69
90066,28,536,65,80,31204.69
90071,28,584,67,81,31241.06
90076,28,596,67,69,31324.31
90081,28,583,65,69,31423.38
90086,28,563,67,179,31458.94
90092,28,576,67,120,31858.38
90097,28,582,67,64,31899.62
90102,28,573,63,65,31646.12
90107,28,577,68,63,31679.69
90112,28,585,68,254,31709.50
90117,28,601,70,250,31768.25
90122,28,516,63,308,31859.44
90127,28,582,68,196,31798.06
90132,28,573,65,88,31929.81
90137,28,601,68,88,31902.19
90143,28,525,63,63,31619.81
90148,28,492,60,68,31325.81
90153,28,557,63,66,31484.38
90158,28,502,59,71,31115.94
90163,28,524,66,64,31094.38
90168,28,552,62,63,31121.25
90173,28,550,67,186,31177.25
90178,28,568,68,58,31551.75
90183,28,561,106,356,31874.88
90188,28,573,102,58,31713.44
90194,28,578,92,92,31746.75
90199,28,531,77,103,31870.00
90204,28,557,77,195,31880.06
90209,28,565,72,60,31757.56
90214,28,523,75,62,31607.50
90219,28,486,72,279,31637.31
90224,28,522,122,67,31857.75
90229,28,548,74,157,31798.56
90234,28,533,77,218,31437.56
90239,28,551,77,93,31413.62
90244,28,558,71,81,31372.31
90249,28,542,70,195,31774.44
90254,28,551,69,142,31454.38
90260,28,489,80,127,31683.62
90265,28,540,73,88,31563.69
90270,28,469,67,66,31415.62
90275,28,531,68,53,31286.94
90280,28,533,73,68,31467.69
90285,28,542,75,68,31217.69
90290,28,477,76,409,31416.94
90295,28,477,78,60,31467.94
90300,28,543,75,319,31487.25
90305,28,524,78,304,31352.25
90311,28,521,77,56,31401.69
90316,28,542,76,92,31288.88
90321,28,531,80,68,31316.25
90326,28,517,75,20,30798.06
90331,28,520,76,73,31159.50
90336,28,508,74,118,31414.94
90341,28,554,72,136,31758.94
90346,28,567,78,67,31690.31
90351,28,547,80,67,31452.06
90356,28,556,81,92,31478.88
90361,28,571,76,60,31324.62
90367,28,572,78,69,31255.62
90372,28,537,74,59,31162.88
90377,28,568,74,78,31315.88
90382,28,517,79,143,31322.06
90387,28,529,71,63,31156.50
90392,28,539,64,66,31327.62
90397,28,479,47,63,31119.12
90402,28,501,146,58,31303.94
90407,28,548,49,109,31016.00
90412,28,537,50,197,31175.31
90417,28,522,50,240,31197.19
90423,28,530,50,334,31517.44
90428,28,550,54,179,31309.50
90433,28,529,49,177,31496.81
90438,28,504,52,64,31440.50
90443,28,535,52,220,31526.81
90448,28,543,52,69,31500.50
90453,28,544,48,114,31608.12
90458,28,527,50,107,31392.88
90463,28,555,49,88,31248.75
90468,28,574,54,241,31305.06
90473,28,597,56,65,31340.88
90479,28,568,55,68,31386.81
90484,28,547,50,68,31411.19
90489,28,533,54,68,31398.06
90494,28,510,50,70,31263.94
90499,28,500,54,352,31514.31
90504,28,534,53,178,31631.62
90509,28,538,52,157,31553.25
90514,28,499,55,157,31610.50
90519,28,548,51,207,31608.06
90524,28,546,54,384,31668.56
90529,28,519,53,56,31397.00
90535,28,473,51,521,31475.62
90540,28,524,54,83,31367.75
90545,28,575,54,116,31700.44
90550,28,559,53,259,31533.56
90555,28,555,54,339,31395.50
90560,28,586,54,161,31425.50
90565,28,573,53,401,31563.62
90570,28,553,53,91,31421.69
90575,28,540,54,357,31374.62
90580,28,533,54,133,31579.69
90585,28,581,54,132,31554.38
90591,28,572,64,165,31421.12
90596,28,568,109,72,31212.81
90601,28,561,116,65,31417.25
90606,28,567,115,130,31333.75
90611,28,489,86,135,31465.12
90616,28,541,83,158,31039.00
90621,28,541,83,57,31262.62
90626,28,502,88,73,31193.19
90631,28,549,81,282,31709.75
90636,28,556,87,61,31785.12
90641,28,571,87,72,31677.88
90647,28,585,90,243,31717.12
90652,28,581,92,214,31844.25
90657,28,563,86,436,31935.94
90662,28,549,86,135,31823.31
90667,28,563,86,77,31501.62
90672,28,564,85,349,31529.88
90677,28,564,87,87,31278.00
90682,28,568,89,85,31443.31
90687,28,558,89,68,31252.69
90692,28,555,85,86,31252.12
90697,28,542,87,194,31758.38
90702,28,565,87,128,31730.06
90708,28,585,87,90,31497.00
90713,28,581,86,71,31586.50
90718,28,562,86,84,31446.81
90723,28,558,94,71,31427.62
90728,28,560,95,104,31606.56
90733,28,569,94,74,31717.44
90738,28,481,78,111,31446.31
90743,28,503,81,147,31573.38
90748,28,485,77,51,31128.00
90753,28,524,74,210,30891.06
90759,28,490,82,62,30940.62
90764,28,565,86,193,31482.44
90769,28,586,87,44,31741.25
90775,28,573,86,66,31672.12
90780,28,559,83,105,31641.12
90785,28,572,84,234,31692.31
90790,28,574,84,143,31677.62
90795,28,577,82,258,31537.25
90800,28,562,84,70,31343.88
90805,28,516,82,72,31071.81
90810,28,527,82,74,31088.75
90815,28,533,79,35,30777.56
90820,28,582,79,84,31062.50
90825,28,583,80,69,31001.88
90830,28,598,84,133,31253.12
90835,28,547,84,60,31005.25
90841,28,553,80,76,30859.38
90846,28,566,80,68,31042.75
90851,28,545,80,69,30953.69
90856,28,556,84,66,31125.06
90861,28,526,55,69,31299.06
90866,28,521,51,71,31244.56
90871,28,475,52,97,30934.31
90876,28,508,48,60,31008.38
90881,28,512,55,69,31028.81
90887,28,543,52,165,31240.75
90892,28,468,46,69,31025.19
90897,28,545,53,263,31287.56
90902,28,527,48,89,30876.94
90907,28,594,51,70,31011.06
90912,28,512,51,114,31074.81
90917,28,590,51,142,31156.31
90922,28,582,47,201,31396.62
90927,28,569,53,217,31120.00
90932,28,528,47,56,31016.12
90937,28,547,51,66,30984.19
90942,28,572,51,54,31116.75
90948,28,505,49,84,31091.94
90953,28,565,53,61,31199.81
90958,28,511,50,105,31109.56
90963,28,511,49,143,30991.75
90968,28,481,51,76,30917.44
90973,28,556,50,62,31074.31
90978,28,538,42,82,31253.44
90983,28,553,50,65,31225.69
90988,28,557,50,66,30998.81
90993,28,557,44,76,31057.38
90998,28,504,45,67,31216.88
91003,28,570,51,131,31194.50
91008,28,585,51,379,31287.94
91014,28,564,48,139,31180.38
91019,28,546,48,444,31133.56
91024,28,568,49,97,31088.19
91029,28,568,49,230,31127.62
91034,28,534,46,61,31067.00
91039,28,496,47,157,30986.56
91044,28,465,47,57,30881.56
91049,28,484,46,61,31083.50
91054,28,496,44,121,30779.81
91059,28,479,46,74,30934.00
91064,28,540,45,55,30810.75
91069,28,581,46,196,31179.38
91074,28,535,48,154,30990.69
91080,28,548,90,192,31212.00
91085,28,543,91,36,31089.62
91090,28,571,91,221,31134.69
91095,28,573,86,75,30883.94
91100,28,558,86,109,30989.44
91105,28,538,79,59,30869.12
91110,28,579,61,162,30920.62
91115,28,586,66,101,30835.19
91120,28,595,95,60,30926.25
91125,28,580,91,72,31349.38
91131,28,546,60,45,30920.69
91136,28,553,92,104,30859.94
91141,28,521,58,154,30899.69
91146,28,548,67,64,30860.00
91151,28,553,93,238,31059.88
91156,28,562,89,321,31228.69
91161,28,567,68,258,31127.50
91166,28,528,67,59,30827.69
91171,28,541,67,91,30880.62
91176,28,559,67,65,30873.50
91181,28,572,61,260,31169.88
91186,28,574,71,63,30829.69
91192,28,539,61,104,30681.06
91197,28,559,63,212,31095.88
91202,28,568,68,75,31093.88
91207,28,507,60,122,30854.00
91212,28,553,61,65,30910.69
91217,28,542,57,16,30766.56
91222,28,538,64,96,31014.62
91227,28,494,67,55,30844.88
91232,28,513,61,281,31186.25
91237,28,531,65,61,31176.19
91242,28,498,62,340,31198.00
91248,28,557,65,53,31191.38
91253,28,551,63,162,31174.00
91258,28,543,60,168,31000.25
91263,28,520,64,354,31389.00
91268,28,568,64,72,31302.94
91273,28,585,64,141,31483.62
91278,28,592,64,66,31462.50
91283,28,542,59,64,31505.12
91288,28,571,61,83,31501.94
91293,28,572,61,69,31339.75
91299,28,541,59,81,31210.31
91304,28,549,58,66,30752.75
91309,28,536,59,69,30743.88
91314,28,545,60,475,31298.06
91319,28,578,66,657,31797.12
91324,28,576,68,142,31687.81
91329,28,461,63,72,33246.56
91334,28,559,67,1819,33147.62
91339,28,577,67,1423,33035.62
91344,28,586,67,825,32891.62
91350,28,566,66,391,32179.62
91355,28,522,63,97,31601.75
91360,28,514,57,57,31509.25
91365,28,561,68,64,31217.06
91370,28,517,54,69,31054.44
91376,28,513,54,108,31032.81
91381,28,561,54,224,31089.06
91386,28,550,56,84,31681.12
91391,28,537,57,364,31595.00
91396,28,554,57,433,31515.00
91401,28,526,56,484,31460.75
91406,28,560,59,158,31606.62
91411,28,575,59,168,31558.62
91416,28,500,56,60,31476.69
91421,28,493,57,57,31615.12
91427,28,534,55,54,32379.31
91432,28,452,106,61,32714.75
91437,28,480,116,1340,32609.19
91442,28,567,118,99,32489.19
91447,28,584,111,73,32385.19
91452,28,589,132,70,32329.19
91457,28,584,123,67,32257.19
91462,28,552,103,125,32169.19
91467,28,548,109,90,32089.19
91472,28,520,63,68,31682.25
91477,28,522,61,62,31670.81
91483,28,535,53,57,31589.50
91488,28,515,53,61,31234.69
91493,28,463,47,209,31179.12
91498,28,497,43,61,30664.75
91503,28,529,45,56,30762.19
91508,28,540,49,289,31115.44
91513,28,529,47,90,31264.94
91518,28,534,49,141,31175.00
91523,28,502,47,358,31197.31
91528,28,510,51,58,30975.75
91534,28,526,51,59,30993.88
91539,28,534,51,92,31141.38
91544,28,536,52,63,31005.44
91549,28,515,47,272,30962.56
91554,28,518,47,116,31315.12
91559,28,536,50,213,31049.56
91564,28,546,51,78,30905.25
91569,28,535,49,60,31095.38
91574,28,502,42,62,30949.06
91579,28,520,47,423,31165.88
91584,28,450,46,397,30956.44
91590,28,453,43,67,30630.69
91595,28,527,46,95,30841.19
91600,28,482,43,77,30772.62
91605,28,547,43,66,31098.44
91610,28,495,47,253,31274.31
91615,28,533,46,224,31254.12
91620,28,465,42,69,31142.12
91625,28,535,47,226,31222.94
91630,28,481,42,187,30984.00
91635,28,488,45,24,30990.69
91641,28,446,47,295,31187.50
91646,28,504,45,99,31496.38
91651,28,506,46,83,31552.69
91656,28,469,46,544,31707.69
91661,28,516,47,62,31304.38
91666,28,519,43,89,31193.62
91671,28,539,43,283,31446.50
91676,28,534,47,205,31332.56
91681,28,522,49,69,31265.19
91686,28,482,43,82,30868.00
91692,28,523,47,180,31134.12
91697,28,537,47,157,31060.12
91702,28,480,42,114,31134.00
91707,28,518,47,417,31567.81
91712,28,531,49,52,31473.12
91717,28,494,43,56,31523.31
91722,28,542,42,169,31576.19
91727,28,559,45,272,31728.69
91733,28,520,47,386,31744.56
91738,28,535,47,158,31718.00
91743,28,529,46,300,31534.12
91748,28,520,47,260,31342.88
91753,28,465,46,340,30875.19
91759,28,463,43,67,30832.88
91764,28,447,44,193,30749.44
91769,28,507,48,62,30993.81
91774,28,513,47,320,31117.44
91779,28,533,49,61,31045.44
91784,28,552,52,235,31255.75
91789,28,569,52,262,31340.56
91794,28,544,50,245,31366.81
91799,28,549,52,225,31464.00
91804,28,551,48,74,31292.12
91810,28,499,46,75,30743.00
91815,28,522,47,67,30968.06
91820,28,558,45,60,30959.06
91825,28,547,44,63,31011.88
91830,28,460,47,221,30846.88
91835,28,531,49,261,30996.50
91840,28,551,47,71,31063.00
91845,28,506,46,66,30659.50
91850,28,506,44,86,30718.75
91855,28,515,45,81,30542.19
91860,28,518,45,59,30722.44
91865,28,522,45,63,30534.69
91871,28,522,43,59,30614.19
91876,28,525,43,82,30707.56
91881,28,512,42,69,30768.06
91886,28,489,50,149,30989.44
91891,28,507,78,305,31173.81
91896,28,523,58,259,31063.31
91902,28,550,58,231,31002.88
91907,28,564,51,195,30903.56
91912,28,561,56,77,31000.31
91917,28,528,56,170,31109.38
91922,28,546,58,108,31086.31
91927,28,526,56,74,31169.00
91932,28,519,56,71,31011.44
91937,28,540,53,65,30933.12
91943,28,510,51,72,30872.06
91948,28,436,54,65,30613.50
91953,28,468,47,78,30910.06
91958,28,483,51,112,30812.69
91963,28,527,58,523,31390.88
91968,28,509,56,154,31053.81
91973,28,521,56,243,31235.50
91978,28,512,48,40,31084.38
91983,28,542,54,65,31121.75
91989,28,544,53,57,31163.25
91994,28,554,54,81,31305.31
91999,28,476,56,59,31319.94
92004,28,443,44,278,31328.50
92009,28,513,47,108,31343.25
92014,28,469,50,282,31625.75
92019,28,447,48,333,31405.38
92024,28,481,45,257,31211.25
92029,28,509,48,65,31281.88
92034,28,487,50,166,31047.44
92040,28,435,49,86,30893.88
92045,28,502,48,60,30958.50
92050,28,480,45,70,30708.38
92055,28,493,45,101,31014.50
92060,28,489,52,62,30929.50
92065,28,495,50,56,31146.25
92070,28,485,48,60,31028.31
92075,28,460,50,81,30741.56
92080,28,498,51,83,30820.31
92085,28,522,51,58,30883.31
92090,28,531,45,171,31115.19
92095,28,482,45,74,30535.31
92101,28,511,47,64,30773.06
92106,28,525,46,60,30927.69
92111,28,514,51,89,30786.25
92116,28,466,48,91,30771.94
92121,28,495,45,59,30724.88
92126,28,488,48,70,30713.69
92131,28,444,46,74,30644.38
92136,28,496,47,91,30835.62
92141,28,503,47,109,30909.06
92146,28,525,44,73,30939.81
92151,28,515,45,88,30733.06
92156,28,532,45,220,31031.56
92161,28,528,51,62,31138.31
92167,28,534,51,89,30892.12
92172,28,510,47,140,30545.75
92177,28,530,47,78,30628.38
92182,28,523,49,68,30934.31
92187,28,464,49,87,30788.25
92192,28,481,49,62,30640.06
92197,28,489,46,61,30563.56
92202,28,496,45,61,30654.88
92207,28,521,45,64,30645.06
92212,28,498,49,320,31169.88
92217,28,505,47,67,30945.69
92222,28,514,50,87,30967.81
92227,28,516,47,68,31071.75
92233,28,537,49,366,31409.94
92238,28,569,49,117,31334.81
92243,28,565,49,74,31275.94
92248,28,547,49,60,31247.69
92253,28,541,47,125,31339.88
92258,28,542,47,63,31206.81
92263,28,498,47,68,31001.25
92268,28,518,44,81,30998.88
92273,28,528,45,153,31378.06
92278,28,524,49,92,31145.50
92283,28,523,51,63,30997.56
92288,28,491,43,76,30977.00
92293,28,549,45,270,31403.75
92298,28,526,49,78,31184.25
92304,28,462,46,129,31279.44
92309,28,530,48,89,31367.25
92314,28,529,49,68,31404.00
92319,28,500,42,71,31203.25
92324,28,502,51,60,31261.06
92329,28,473,42,88,30830.31
92334,28,494,42,66,30847.88
92339,28,508,44,83,31159.75
92344,28,492,50,58,31285.88
92349,28,516,49,165,31397.38
92354,28,508,49,65,31095.25
92360,28,482,42,75,31068.06
92365,28,500,44,63,31153.94
92370,28,500,44,74,31049.56
92375,28,496,45,61,30918.62
92380,28,510,46,48,30998.31
92385,28,500,43,126,31066.81
92390,28,532,44,99,31172.75
92395,28,532,44,166,31161.88
92400,28,488,43,179,31373.00
92405,28,516,47,63,31411.88
92410,28,418,45,100,31001.12
92415,28,497,43,69,30807.50
92421,28,487,40,65,30764.12
92426,28,480,39,102,30658.56
92431,28,493,42,84,30937.56
92436,28,482,42,105,30767.56
92441,28,507,42,271,31155.12
92446,28,500,47,80,30715.06
92451,28,521,47,114,30839.75
92456,28,533,47,70,30855.31
92461,28,513,42,58,30722.88
92466,28,474,42,67,30628.25
92472,28,508,38,74,30658.25
92477,28,503,40,104,30674.50
92482,28,494,40,63,30746.25
92487,28,482,40,60,30678.25
92492,28,480,40,66,30673.62
92497,28,484,42,79,30665.69
92502,28,517,41,61,30961.19
92507,28,492,44,71,30520.88
92512,28,533,44,78,30756.62
92517,28,539,44,79,30765.62
92522,28,506,39,62,30788.94
92527,28,524,42,103,30654.12
92532,28,515,42,67,30780.44
92538,28,481,38,103,30663.50
92543,28,503,40,62,30862.00
92548,28,496,42,64,30760.44
92553,28,503,39,90,30791.75
92558,28,498,42,57,30679.25
92563,28,529,45,71,30971.38
92568,28,538,47,96,31043.12
92573,28,491,40,78,30668.31
92578,28,510,40,112,30742.75
92583,28,529,42,132,30877.31
92588,28,524,42,59,30880.06
92593,28,485,47,58,30868.00
92598,28,486,40,121,30891.31
92604,28,490,39,65,30871.75
92609,28,487,42,210,31096.75
92614,28,493,42,105,30887.56
92619,28,458,42,64,30813.56
92624,28,518,39,114,31284.25
92629,28,531,40,62,31134.38
92634,28,493,40,66,30782.50
92639,28,527,40,71,30948.19
92644,28,541,41,223,31257.69
92649,28,538,47,178,31196.62
92654,28,460,37,83,30897.06
92659,28,510,45,254,31157.75
92664,28,471,38,64,31031.38
92670,28,453,44,49,31014.25
92675,28,490,45,62,30840.69
92680,28,487,42,99,30950.44
92685,28,513,46,69,30794.38
92690,28,490,40,66,30716.06
92695,28,526,40,60,31186.00
92700,28,523,40,281,31187.31
92705,28,533,42,276,31044.62
92710,28,536,42,194,31045.75
92715,28,539,42,180,31079.12
92720,28,501,38,86,31032.81
92725,28,478,119,67,31469.38
92731,28,501,95,61,31381.38
92736,28,489,63,87,31427.75
92741,28,454,62,278,31379.06
92746,28,421,54,179,30843.94
92751,28,500,57,116,31270.88
92756,28,506,57,135,31114.75
92761,28,475,56,65,30822.25
92766,28,502,58,99,31036.81
92771,28,516,58,64,31146.25
92777,28,496,55,283,31138.06
92782,28,518,56,98,31267.88
92787,28,525,56,207,31244.81
92792,28,506,55,221,31212.62
92797,28,502,131,282,31171.75
92802,28,492,84,147,31035.94
92807,28,508,79,335,31195.81
92812,28,501,74,65,30956.94
92817,28,527,76,63,30941.00
92822,28,559,77,61,30870.00
92827,28,492,78,60,30737.00
92832,28,484,102,73,30769.75
92837,28,471,97,90,30696.25
92843,28,483,100,118,30980.00
92848,28,517,78,60,31330.88
92853,28,485,76,68,31500.88
92858,28,529,86,67,31447.56
92863,28,550,76,143,31357.44
92868,28,527,72,163,31309.75
92873,28,495,74,204,31052.69
92878,28,526,73,192,31154.06
92883,28,510,73,160,30936.81
92889,28,524,75,149,31044.31
92894,28,523,73,221,31014.56
92899,28,520,74,246,30997.50
92904,28,531,100,69,31312.19
92909,28,493,75,80,30957.69
92914,28,513,81,78,31637.44
92919,28,535,83,259,31608.75
92924,28,545,83,64,31792.19
92929,28,557,83,303,31850.06
92935,28,576,83,442,32076.56
92940,28,586,106,283,32027.31
92945,28,598,106,143,31907.31
92950,28,566,103,292,32001.62
92955,28,551,81,153,32040.19
92960,28,533,80,436,32119.31
92965,28,527,81,81,32223.88
92970,28,500,78,63,31935.56
92975,28,517,80,99,31549.94
92980,28,537,78,104,31546.88
92985,28,461,65,79,31190.25
92991,28,562,62,72,31291.56
92996,28,458,62,64,31119.56
93001,28,441,60,80,31247.81
93006,28,518,72,64,30902.94
93011,28,514,72,209,31132.44
93016,28,506,47,68,31002.12
93021,28,503,45,78,31038.50
93026,28,500,45,83,30943.12
93031,28,496,44,77,31133.75
93036,28,495,46,88,31721.25
93041,28,503,44,59,31213.38
93046,28,527,45,101,31209.00
93052,28,532,45,72,31203.19
93057,28,523,45,143,31387.69
93062,28,522,45,73,31224.69
93067,28,512,51,114,30984.12
93072,28,487,45,59,30999.81
93077,28,492,44,71,31022.19
93082,28,462,44,75,31111.31
93087,28,490,45,65,31082.12
93092,28,507,49,102,31128.94
93097,28,496,45,73,30960.94
93102,28,509,47,93,31196.94
93107,28,512,44,32,30976.88
93113,28,543,44,134,31250.69
93118,28,544,45,103,31152.19
93123,28,531,45,77,30939.25
93128,28,527,47,64,30873.25
93133,28,483,45,75,30996.44
93138,28,518,44,68,31014.56
93143,28,497,45,123,31208.50
93148,28,474,45,77,31152.00
93153,28,457,45,68,31032.56
93158,28,495,47,63,30951.56
93163,28,522,54,71,31122.81
93168,28,530,50,106,31255.19
93174,28,518,45,73,31004.00
93179,28,530,45,72,31078.69
93184,28,537,47,75,31150.62
93189,28,481,44,100,31055.69
93194,28,531,46,78,31075.56
93199,28,499,44,56,31019.94
93204,28,479,45,64,31135.38
93209,28,488,43,65,31087.56
93214,28,502,47,99,31142.75
93219,28,503,47,59,31114.69
93224,28,488,43,115,30967.25
93229,28,530,45,133,31204.62
93235,28,499,45,54,31084.06
93240,28,528,45,104,31244.88
93245,28,544,47,59,31212.06
93250,28,544,47,107,31177.69
93255,28,548,47,89,31365.69
93260,28,529,44,128,31199.88
93265,28,514,49,76,31148.12
93270,28,482,49,74,31288.12
93275,28,505,47,207,31470.25
93280,28,517,51,103,31342.19
93285,28,498,49,70,31129.81
93291,28,514,45,73,31201.06
93296,28,496,44,83,31148.75
93301,28,496,54,115,31264.06
93306,28,530,65,67,31350.69
93311,28,503,51,71,31166.94
93316,28,563,51,84,31230.06
93321,28,586,49,62,31250.88
93326,28,564,49,72,31234.31
93331,28,466,49,85,31141.38
93336,28,482,51,64,31139.25
93341,28,539,54,109,31305.94
93346,28,477,52,65,31135.44
93351,28,524,49,60,31242.44
93357,28,502,49,83,30996.69
93362,28,529,51,68,31038.19
93367,28,513,55,32,30757.69
93372,28,546,55,119,31263.75
93377,28,506,47,98,31010.56
93382,28,536,49,63,31145.12
93387,28,549,49,56,31194.62
93392,28,536,49,75,31061.69
93397,28,504,50,63,30890.75
93402,28,543,51,74,31099.19
93407,28,560,49,130,31216.56
93412,28,517,49,78,30940.38
93418,28,529,48,64,30892.56
93423,28,531,48,118,31061.75
93428,28,537,49,101,31036.75
93433,28,552,49,96,31086.56
93438,28,461,46,26,30857.56
93443,28,540,47,69,31196.50
93448,28,551,47,79,31134.31
93453,28,550,46,130,31195.31
93458,28,553,49,69,31170.50
93463,28,752,54,152,31292.94
93468,28,766,54,62,31160.75
93473,28,657,52,71,31014.12
93478,28,526,47,76,30878.19
93484,28,550,47,168,31262.94
93489,28,547,49,88,31071.12
93494,28,543,48,81,31028.94
93499,28,549,44,61,31085.81
93504,28,555,48,116,31252.19
93509,28,505,46,215,31347.69
93514,28,553,47,69,31101.44
93519,28,552,49,61,31203.50
93524,28,569,56,64,31190.31
93529,28,527,53,62,31300.56
93534,28,569,52,80,31147.12
93539,28,529,48,79,31142.12
93545,28,555,49,68,31205.31
93550,28,533,47,90,31095.44
93555,28,549,49,72,31242.38
93560,28,544,51,80,31178.88
93565,28,487,50,72,31100.69
93570,28,538,47,105,31460.94
93575,28,559,49,177,31788.62
93580,28,523,47,74,31314.19
93585,28,584,56,89,31496.06
93590,28,576,54,75,31348.75
93596,28,579,54,72,31298.12
93601,28,529,46,130,31166.25
93606,28,574,49,67,31117.31
93611,28,593,49,68,31295.12
93616,28,517,46,92,30777.12
93621,28,553,47,72,30967.12
93626,28,532,47,85,31027.38
93631,28,534,46,90,31077.75
93636,28,546,49,112,31248.69
93641,28,567,49,63,31208.69
93646,28,567,45,76,31016.81
93651,28,581,47,93,31087.44
93656,28,603,47,54,31058.69
93662,28,598,47,103,31130.44
93667,28,561,49,141,31058.50
93672,28,573,49,67,30986.19
93677,28,551,48,84,30988.94
93682,28,552,48,66,31076.19
93687,28,530,42,205,31116.12
93692,28,527,43,90,31004.88
93697,28,488,45,57,31018.19
93702,28,512,38,63,31029.00
93707,28,531,40,68,30948.19
93712,28,529,40,67,31006.06
93717,28,541,39,92,30972.94
93722,28,560,40,60,31104.06
93728,28,561,42,59,31184.69
93733,28,527,40,62,31150.31
93738,28,541,40,119,31048.88
93743,28,538,39,73,31301.81
93748,28,450,40,127,31314.62
93753,28,514,40,65,31151.00
93758,28,486,41,55,30973.25
93763,28,501,47,69,31094.81
93768,28,522,36,56,31279.94
93773,28,428,36,167,31152.44
93779,28,506,44,152,31813.25
93784,28,516,45,100,31540.31
93789,28,505,46,68,31393.25
93794,28,512,46,59,31560.81
93799,28,526,40,99,31475.12
93805,28,518,44,109,31513.88
93810,28,502,42,59,31291.25
93815,28,488,45,90,31143.38
93820,28,503,43,224,31423.50
93825,28,439,40,57,31177.19
93830,28,503,40,62,31205.31
93835,28,512,40,68,31163.06
93840,28,492,40,59,30964.81
93845,28,485,41,60,31071.44
93850,28,503,40,66,30959.00
93855,28,522,42,200,31290.12
93860,28,451,43,61,30937.62
93865,28,506,38,124,31120.31
93871,28,517,40,67,31152.12
93876,28,512,42,110,31131.06
93881,28,525,42,105,31151.38
93886,28,525,42,104,30862.00
93891,28,540,40,61,31131.94
93896,28,507,38,97,31121.38
93901,28,475,40,66,30904.38
93906,28,510,42,63,31155.50
93911,28,519,46,108,31269.50
93916,28,458,44,62,30987.81
93921,28,518,38,95,31048.88
93926,28,520,40,69,31177.19
93931,28,503,40,209,31404.00
93937,28,504,42,99,31325.94
93942,28,510,42,91,31339.44
93947,28,526,42,63,31284.31
93952,28,508,44,73,31010.69
93957,28,471,43,106,31018.00
93962,28,521,40,79,31218.44
93967,28,496,42,134,31404.44
93972,28,496,42,63,31175.75
93977,28,493,37,60,31213.88
93982,28,479,37,55,31132.50
93987,28,483,37,99,31207.62
93993,28,465,37,118,30965.94
93998,28,480,39,81,31091.25
94003,28,516,39,104,31185.69
94008,28,527,39,107,30939.81
94013,28,513,37,75,30843.44
94018,28,532,37,61,31017.38
94023,28,506,40,83,31157.25
94028,28,506,42,68,31075.94
94033,28,490,39,82,31138.06
94038,28,499,37,60,31152.75
94043,28,470,36,66,31132.50
94049,28,468,37,59,31091.81
94054,28,481,36,97,31074.31
94059,28,500,39,85,31389.50
94064,28,472,37,117,31048.50
94069,28,524,44,74,31224.94
94074,28,532,53,60,31250.69
94079,28,517,52,68,31736.94
94084,28,484,41,66,31662.00
94089,28,464,40,65,31476.94
94094,28,499,38,71,31222.81
94100,28,506,36,60,31260.31
94105,28,452,38,72,31064.00
94111,28,464,37,71,30942.88
94116,28,484,40,72,31138.12
94121,28,503,40,154,31237.12
94126,28,518,39,70,31052.00
94131,28,488,37,37,30843.69
94136,28,501,38,154,31227.56
94141,28,470,38,17,30847.12
94146,28,556,40,79,30962.31
94151,28,579,43,228,31311.56
94156,28,579,43,105,31070.44
94161,28,576,43,86,31082.88
94166,28,450,38,89,30967.44
94171,28,461,38,74,31006.94
94177,28,500,40,88,31168.06
94182,28,513,38,69,31098.19
94187,28,522,38,61,30899.12
94192,28,530,38,76,31144.38
94197,28,502,37,79,31053.94
94202,28,475,38,83,31054.00
94207,28,507,39,82,31095.06
94212,28,524,44,77,31486.94
94217,28,449,37,113,31058.56
94222,28,502,37,84,31205.25
94227,28,517,38,110,31292.25
94232,28,508,38,87,31144.38
94237,28,454,39,80,31079.31
94243,28,504,47,50,31093.31
94248,28,515,44,80,31283.50
94253,28,437,34,63,31024.69
94258,28,502,38,61,31177.56
94263,28,513,38,97,31212.88
94268,28,497,40,80,31099.50
94273,28,500,40,68,31208.75
94278,28,480,37,53,30997.12
94283,28,515,38,71,31215.12
94288,28,523,38,152,31278.69
94293,28,503,38,99,31159.94
94298,28,493,40,62,31175.88
94304,28,518,40,179,31334.81
94309,28,479,37,88,31133.75
94314,28,513,38,82,31194.81
94319,28,502,38,92,31189.12
94324,28,557,38,65,31180.88
94329,28,543,40,71,31188.50
94334,28,446,36,71,31137.31
94339,28,487,38,117,31337.50
94344,28,532,34,55,31310.88
94349,28,533,38,79,31376.69
94354,28,539,38,93,31519.62
94359,28,533,36,144,31673.50
94365,28,541,47,60,31431.62
94370,28,528,45,96,31331.25
94375,28,485,36,77,31284.12
94380,28,515,38,69,31433.94
94385,28,448,33,85,30891.81
94390,28,510,39,62,31173.69
94395,28,495,35,61,31160.69
94400,28,504,37,75,31017.75
94405,28,519,37,94,31385.50
94410,28,477,36,57,31079.56
94415,28,505,37,114,31242.75
94420,28,518,39,79,31196.12
94425,28,547,38,76,31324.56
94431,28,494,37,57,30974.25
94436,28,524,37,69,31155.38
94441,28,488,35,69,30999.94
94446,28,516,41,72,30941.81
94451,28,516,43,60,31100.69
94456,28,521,39,71,31010.06
94461,28,487,37,76,31018.12
94466,28,530,37,80,31277.19
94471,28,495,36,88,31268.75
94476,28,470,39,83,31162.38
94481,28,517,39,91,31285.38
94486,28,539,47,69,31114.25
94492,28,534,37,62,31165.50
94497,28,515,37,87,31048.75
94502,28,492,36,95,31111.19
94507,28,514,39,68,31100.75
94512,28,511,42,94,31137.75
94517,28,505,37,68,31078.50
94522,28,488,36,75,31191.19
94527,28,492,37,58,31116.06
94532,28,495,41,71,31512.94
94537,28,493,43,89,31369.56
94542,28,513,37,67,31363.12
94547,28,538,39,68,31201.56
94552,28,537,37,69,31271.25
94558,28,539,37,77,31273.25
94563,28,500,35,74,31206.62
94568,28,504,39,72,31110.38
94573,28,508,39,67,31110.88
94578,28,514,38,72,31149.25
94583,28,497,37,178,31471.69
94588,28,501,37,58,31269.88
94593,28,484,37,70,31218.81
94598,28,485,37,70,31146.88
94603,28,509,46,98,31179.12
94608,28,472,44,61,31040.38
94613,28,524,43,101,31227.88
94618,28,529,44,82,31282.56
94624,28,535,37,73,31204.62
94629,28,538,39,81,31250.00
94634,28,550,39,81,31115.88
94639,28,513,37,245,31351.56
94644,28,475,36,77,31260.88
94649,28,436,37,62,30908.81
94654,28,496,37,66,31288.50
94659,28,496,39,64,31287.25
94664,28,517,39,78,31193.75
94669,28,515,36,66,31036.12
94674,28,520,37,103,31714.38
94679,28,475,41,69,31426.44
94684,28,498,36,91,31264.69
94689,28,522,39,62,31276.31
94695,28,535,39,160,31518.62
94700,28,523,39,73,31231.31
94705,28,482,37,109,31170.75
94710,28,526,39,60,31396.00
94715,28,443,39,76,31305.62
94720,28,467,43,365,31692.31
94725,28,473,40,36,31547.69
94730,28,510,41,117,31449.62
94735,28,476,41,75,31323.12
94740,28,474,35,177,31228.62
94745,28,519,41,315,31734.25
94751,28,490,38,75,31447.75
94756,28,465,40,506,31765.81
94761,28,519,44,61,31471.62
94766,28,519,43,57,31425.25
94771,28,464,36,66,31203.19
94776,28,486,41,57,31348.31
94781,28,511,42,157,31545.56
94786,28,519,37,100,31488.75
94791,28,501,37,61,31311.38
94796,28,505,37,78,31228.44
94801,28,472,37,60,31151.81
94806,28,489,35,74,31159.19
94811,28,498,39,65,31264.94
94817,28,471,37,83,31164.25
94822,28,504,37,140,31399.19
94827,28,507,37,103,31312.44
94832,28,470,36,62,31320.62
94837,28,491,39,74,31155.94
94842,28,491,39,87,31424.94
94847,28,492,37,81,31281.62
94852,28,481,37,24,31378.88
94857,28,488,37,65,31236.50
94862,28,494,37,65,31206.94
94867,28,439,38,59,31056.38
94872,28,510,39,65,31480.06
94877,28,508,36,73,31453.44
94882,28,453,37,80,31456.81
94888,28,503,37,100,31439.06
94893,28,508,37,79,31528.69
94898,28,514,43,133,31506.00
94903,28,501,39,78,31270.69
94908,28,527,37,59,31249.50
94913,28,524,37,86,31359.75
94918,28,468,35,51,30890.62
94923,28,517,37,84,31144.81
94928,28,510,39,70,31144.31
94933,28,497,39,92,31111.44
94938,28,503,39,110,31028.44
94943,28,517,37,74,31250.56
94948,28,506,37,72,31476.00
94954,28,506,37,301,31569.81
94959,28,498,39,61,31284.25
94964,28,574,46,72,31371.38
94969,28,592,46,71,31276.19
94974,28,466,33,96,31062.94
94979,28,484,37,83,31158.81
94984,28,468,35,77,31311.56
94989,28,530,39,63,31277.00
94994,28,465,39,118,31131.62
94999,28,510,41,63,31099.06
95004,28,502,40,77,31239.12
95009,28,485,35,92,30968.31
95015,28,530,37,182,31467.44
95020,28,540,37,87,31201.69
95025,28,557,39,69,31292.00
95030,28,555,39,59,31335.06
95035,28,539,37,60,31274.94
95040,28,512,37,65,30972.38
95045,28,511,36,76,31145.50
95050,28,522,39,69,31196.06
95055,28,499,39,73,31014.94
95060,28,519,37,68,31085.38
95065,28,503,36,118,31379.31
95071,28,397,34,68,31295.38
95076,28,478,37,80,31629.62
95081,28,459,36,61,31620.19
95086,28,474,37,105,31517.62
95091,28,503,37,96,31402.81
95096,28,508,37,104,31289.62
95101,28,511,37,165,31357.19
95106,28,471,37,62,31198.12
95111,28,466,38,63,31260.12
95117,28,459,36,115,31045.00
95122,28,483,36,60,31369.69
95127,28,442,35,61,31177.06
95132,28,486,40,89,31174.94
95137,28,507,40,116,31525.62
95142,28,499,44,255,31800.12
95147,28,499,42,74,31403.00
95152,28,522,43,83,31506.19
95157,28,525,43,160,31550.12
95163,28,474,35,72,31377.69
95168,28,483,39,61,31346.38
95173,28,453,37,57,31508.69
95178,28,468,155,61,31422.12
95183,28,450,37,65,31325.50
95188,28,444,37,87,31187.00
95193,28,452,36,73,31141.69
95198,28,429,39,103,31183.38
95203,28,454,38,77,31160.50
95208,28,475,37,87,30971.06
95213,28,486,37,120,31133.25
95218,28,490,37,110,31028.19
95224,28,445,35,65,30865.94
95229,28,480,39,131,31068.81
95234,28,488,38,65,31189.75
95239,28,436,37,53,30900.94
95244,28,449,37,64,31225.00
95249,28,471,37,66,31271.19
95254,28,472,37,62,31129.50
95259,28,443,37,71,31022.75
95264,28,480,39,96,31210.56
95269,28,474,35,103,31115.62
95274,28,489,37,93,31132.88
95279,28,496,37,80,31093.25
95284,28,498,37,66,31266.75
95290,28,485,39,66,30914.81
95295,28,480,39,75,31132.06
95300,28,476,34,64,31094.00
95305,28,470,37,68,31359.06
95310,28,467,35,107,31245.50
95315,28,417,36,64,31134.38
95320,28,468,39,90,31280.50
95325,28,477,39,49,31256.62
95330,28,457,36,101,31298.44
95335,28,508,37,75,31332.31
95340,28,496,37,66,31306.75
95345,28,470,39,68,31141.25
95351,28,506,41,68,31199.19
95356,28,487,39,91,31325.56
95361,28,459,36,62,31159.25
95366,28,411,36,71,31352.12
95371,28,468,37,75,31445.44
95376,28,468,37,88,31317.75
95381,28,485,38,306,31651.81
95386,28,502,45,83,31373.75
95391,28,446,37,69,31158.00
95396,28,493,41,57,31339.19
95401,28,526,41,112,31496.38
95406,28,512,41,112,31325.94
95412,28,467,39,51,31230.69
95417,28,515,39,82,31295.88
95422,28,479,36,106,31403.75
95427,28,476,37,58,31371.62
95432,28,477,37,81,31475.69
95437,28,485,37,116,31469.00
95442,28,480,37,64,31416.12
95447,28,521,36,65,31410.00
95452,28,509,37,69,31472.69
95457,28,478,35,149,31484.88
95462,28,478,35,71,31383.38
95468,28,501,37,110,31511.06
95473,28,514,39,73,31555.06
95478,28,488,39,89,31438.94
95483,28,486,37,91,31292.44
95488,28,482,37,81,31395.06
95493,28,478,35,64,31519.62
95498,28,449,37,87,31440.88
95503,28,505,38,72,31496.44
95508,28,532,39,70,31515.94
95513,28,494,36,67,31343.38
95518,28,511,36,117,31537.88
95524,28,491,37,69,31428.75
95529,28,505,39,129,31578.94
95534,28,516,39,68,31538.44
95539,28,521,39,88,31414.00
95544,28,475,35,63,31602.44
95549,28,493,36,151,31668.81
95554,28,483,37,58,31427.19
95559,28,467,37,123,31482.44
95564,28,484,45,57,31449.94
95569,28,487,44,114,31552.88
95574,28,486,37,72,31444.50
95579,28,490,36,79,31501.75
95584,28,493,34,40,31342.25
95589,28,510,39,55,31583.81
95595,28,453,39,75,31534.50
95600,28,502,35,64,31495.94
95605,28,510,37,177,31791.25
95610,28,499,37,90,31542.69
95615,28,461,40,64,31618.69
95620,28,484,45,82,31562.12
95625,28,490,40,84,31575.94
95630,28,452,37,64,31691.25
95635,28,484,37,62,31624.56
95640,28,492,36,110,31668.38
95645,28,507,37,71,31534.06
95650,28,508,39,79,31600.44
95656,28,492,34,41,31295.44
95661,28,511,40,79,31552.12
95666,28,418,36,112,31557.69
95671,28,492,37,81,31529.44
95676,28,502,37,99,31530.62
95681,28,524,39,84,31598.88
95686,28,516,39,71,31434.44
95691,28,502,37,66,31476.56
95696,28,513,36,156,31669.38
95701,28,417,36,17,31246.19
95706,28,500,36,77,31528.50
95711,28,501,39,112,31666.56
95717,28,493,36,34,31394.06
95722,28,506,36,177,31880.31
95727,28,447,40,60,31540.94
95732,28,494,41,86,31650.94
95737,28,507,41,104,31679.56
95742,28,508,39,74,31645.50
95747,28,512,36,69,31495.88
95752,28,516,37,121,31563.12
95757,28,451,37,81,31455.12
95762,28,492,33,22,31377.25
95768,28,502,37,62,31617.69
95773,28,500,39,202,31758.62
95778,28,448,35,68,31463.69
95783,28,500,37,133,31885.44
95788,28,485,37,53,32022.69
95793,28,478,36,73,31949.56
95798,28,503,37,106,31964.50
95803,28,517,38,81,31892.75
95808,28,516,36,63,31888.69
95813,28,509,37,104,31713.25
95818,28,456,36,56,31694.25
95824,28,489,36,61,31647.81
95829,28,481,37,70,31548.62
95834,28,487,39,90,31608.69
95839,28,463,37,66,31543.94
95844,28,484,37,66,31727.75
95849,28,484,34,69,31871.06
95854,28,456,37,65,31638.00
95859,28,492,39,78,31715.69
95864,28,516,39,68,31906.75
95869,28,528,39,105,31896.12
95874,28,562,43,65,31798.75
95879,28,549,40,73,31625.06
95885,28,553,36,77,31707.38
95890,28,515,39,68,31694.56
95895,28,478,37,60,31568.56
95900,28,528,38,65,31733.12
95905,28,497,38,58,31584.75
95910,28,495,37,69,31671.62
95915,28,504,33,25,31383.81
95920,28,537,39,293,31996.69
95925,28,481,41,21,31373.38
95930,28,527,44,77,31514.06
95935,28,552,41,86,31848.00
95940,28,557,37,185,31881.94
95945,28,511,34,61,31701.75
95950,28,537,39,73,31666.12
95956,28,508,36,60,31838.38
95961,28,512,37,66,31738.38
95966,28,440,34,62,31474.44
95971,28,506,41,63,31675.38
95976,28,511,40,283,31885.94
95981,28,490,37,73,31738.56
95986,28,492,37,81,31772.56
95991,28,530,37,65,32008.56
95996,28,489,36,88,31717.38
96001,28,531,37,77,31981.88
96006,28,549,37,66,31973.12
96011,28,547,39,82,31976.38
96017,28,550,39,98,31893.81
96022,28,519,39,134,31814.00
96027,28,540,37,62,31731.69
96032,28,529,37,87,31956.31
96037,28,495,36,66,31703.06
96042,28,521,41,78,31813.94
96047,28,534,46,63,31928.31
96052,28,505,37,59,31725.19
96057,28,494,37,70,31612.12
96062,28,522,37,55,31835.19
96067,28,516,35,71,31836.44
96072,28,516,39,76,31814.75
96078,28,533,39,72,31716.88
96083,28,516,36,65,32000.12
96088,28,518,36,230,31965.25
96093,28,473,37,84,31840.12
96098,28,505,37,48,31900.62
96103,28,521,39,66,31904.06
96108,28,517,39,75,31858.00
96113,28,506,37,71,31777.62
96118,28,447,36,68,31549.06
96123,28,520,37,110,31950.94
96128,28,461,36,98,31698.25
96133,28,504,39,103,31855.38
96139,28,505,39,55,31917.81
96144,28,512,39,108,32320.31
96149,28,452,37,53,31870.75
96154,28,468,37,73,31991.75
96159,28,484,37,68,32074.94
96164,28,466,44,55,31655.81
96169,28,498,44,67,31936.50
96174,28,497,37,77,31898.69
96179,28,473,36,94,31753.06
96184,28,511,37,99,31936.75
96189,28,476,54,93,31883.00
96195,28,521,57,64,32036.12
96200,28,533,56,124,32169.31
96205,28,512,51,58,32024.62
96210,28,494,42,66,31729.06
96215,28,478,38,83,31814.62
96220,28,494,44,62,31861.75
96225,28,486,44,103,31940.25
96230,28,496,42,92,31896.81
96235,28,489,38,63,31901.94
96240,28,450,41,73,31765.06
96245,28,478,38,64,31724.56
96250,28,498,44,81,31918.75
96255,28,512,44,89,31972.06
96261,28,500,44,77,31872.81
96266,28,480,41,65,31920.69
96271,28,496,42,66,32071.44
96276,28,481,39,96,31979.12
96281,28,488,44,71,31900.19
96286,28,517,49,58,31988.50
96291,28,507,49,80,32128.56
96296,28,480,42,70,31895.12
96301,28,478,41,80,31863.88
96306,28,514,42,106,32145.44
96311,28,511,43,257,32269.19
96316,28,515,44,83,32087.94
96321,28,516,44,71,32049.88
96327,28,493,42,66,32133.44
96332,28,461,45,71,32121.88
96337,28,470,45,61,32156.00
96342,28,472,43,68,32310.31
96347,28,494,142,64,32353.50
96352,28,481,37,70,31940.06
96357,28,448,37,71,31972.88
96362,28,487,37,72,32102.56
96367,28,488,36,65,31910.69
96372,28,489,39,80,31904.31
96377,28,490,41,57,32005.88
96382,28,482,41,130,32254.62
96387,28,485,41,97,32126.75
96393,28,479,37,83,32359.19
96398,28,481,37,81,32306.50
96403,28,489,46,68,32114.38
96408,28,510,45,64,31991.56
96413,28,491,38,76,32001.44
96418,28,477,37,72,32074.81
96423,28,507,37,66,31952.75
96428,28,502,37,96,32004.31
96433,28,496,39,69,32011.62
96438,28,488,36,69,31914.38
96443,28,513,36,85,32152.31
96448,28,489,37,67,32138.88
96454,28,465,35,58,31854.81
96459,28,485,37,90,32111.44
96464,28,514,39,89,32102.94
96469,28,526,39,70,32137.38
96474,28,490,37,65,32044.31
96479,28,494,37,78,31845.31
96484,28,455,36,106,31980.44
96489,28,457,37,55,31867.06
96494,28,484,39,61,32133.56
96499,28,488,39,78,31899.62
96504,28,484,37,63,32048.00
96509,28,455,35,65,31764.69
96515,28,475,40,114,32046.12
96520,28,460,38,30,31875.19
96525,28,505,41,58,32065.75
96530,28,521,42,93,32145.62
96535,28,515,39,69,32066.75
96540,28,458,35,71,31853.19
96545,28,514,37,65,32016.12
96550,28,499,39,170,32168.94
96555,28,442,36,87,31992.19
96560,28,490,40,73,32026.38
96565,28,472,37,65,32160.31
96570,28,472,37,127,32112.31
96576,28,471,37,115,32041.69
96581,28,443,37,29,31984.75
96586,28,495,38,57,32162.88
96591,28,504,39,57,32114.69
96596,28,553,37,133,32137.31
96601,28,519,36,90,31840.81
96606,28,527,37,65,32026.50
96611,28,467,38,67,32135.50
96616,28,511,39,70,32073.31
96621,28,506,41,82,32079.75
96626,28,476,37,67,32218.62
96631,28,474,37,59,31972.25
96637,28,472,37,104,31988.06
96642,28,511,39,73,32421.50
96647,28,440,35,86,32057.38
96652,28,498,36,71,32151.88
96657,28,505,37,71,32206.75
96662,28,513,37,68,32263.94
96667,28,446,35,99,32046.88
96672,28,503,42,92,32207.88
96677,28,495,43,106,32392.56
96682,28,483,37,59,32352.38
96688,28,422,37,86,32223.75
96693,28,483,37,154,32372.94
96698,28,480,37,68,32147.81
96703,28,470,39,71,31930.81
96708,28,511,38,76,32067.19
96713,28,497,37,58,31805.69
96718,28,514,37,86,31989.56
96723,28,525,37,73,31847.81
96728,28,524,37,81,31923.44
96733,28,514,39,70,31742.94
96738,28,478,37,97,31772.88
96743,28,471,36,65,31911.06
96749,28,470,37,61,31826.88
96754,28,468,37,58,32069.06
96759,28,473,36,66,31916.75
96764,28,496,46,63,31848.69
96769,28,489,37,99,31864.69
96774,28,481,39,73,32268.56
96779,28,481,41,74,32056.12
96784,28,504,37,82,32051.00
96789,28,508,37,76,31923.38
96794,28,521,39,72,31937.94
96799,28,484,37,73,31711.06
96804,28,497,37,55,31958.38
96809,28,485,38,55,32227.62
96815,28,429,35,68,31960.75
96820,28,485,37,71,31969.81
96825,28,494,37,60,32082.12
96830,28,496,37,91,31967.31
96835,28,502,37,129,32067.69
96840,28,525,37,63,32199.12
96845,28,449,33,84,31984.12
96850,28,485,37,99,31988.25
96855,28,548,39,68,32140.94
96860,28,542,39,61,32164.69
96865,28,488,36,165,32202.31
96871,28,489,37,77,31940.94
96876,28,431,35,61,31891.00
96881,28,487,41,61,31915.75
96886,28,523,43,152,32391.00
96891,28,489,43,70,32167.88
96896,28,499,35,83,32168.94
96901,28,505,37,69,32047.31
96906,28,522,37,68,32234.50
96911,28,504,37,65,31963.69
96916,28,518,39,66,32100.75
96921,28,511,39,87,32128.62
96926,28,510,39,64,32089.88
96932,28,477,37,93,31846.31
96937,28,471,38,66,32020.25
96942,28,467,39,62,31885.00
96947,28,473,44,128,31978.94
96952,28,519,44,77,32415.38
96957,28,498,37,64,32333.00
96962,28,516,36,73,32280.62
96967,28,511,36,74,32021.75
96972,28,551,39,91,32294.62
96977,28,513,38,109,32113.12
96982,28,518,39,95,32155.19
96987,28,536,39,77,32042.38
96993,28,526,37,91,32126.06
96998,28,467,36,64,32026.06
97003,28,503,39,65,32108.44
97008,28,474,38,84,31998.31
97013,28,497,37,61,31955.38
97018,28,490,37,75,31924.88
97023,28,517,37,93,32206.62
97028,28,517,41,65,32098.19
97033,28,491,43,59,31989.44
97038,28,519,43,84,32326.94
97043,28,514,38,80,32552.69
97048,28,517,37,62,32705.94
97053,28,521,37,123,32722.81
97058,28,517,37,77,32618.81
97064,28,536,39,62,32675.56
97069,28,528,39,65,32506.38
97074,28,503,36,69,32363.75
97079,28,445,37,60,32219.44
97084,28,524,37,110,32523.19
97089,28,524,37,102,32480.75
97094,28,527,39,121,32410.25
97099,28,437,35,65,32198.81
97104,28,501,37,76,32370.00
97109,28,486,35,65,32358.94
97115,28,476,35,62,32210.38
97120,28,476,35,64,31995.69
97125,28,516,46,122,32433.75
97130,28,510,46,114,32473.38
97135,28,503,37,72,32392.25
97140,28,480,36,103,32264.56
97145,28,527,37,70,32636.50
97150,28,486,37,70,32345.75
97155,28,497,38,106,32378.81
97160,28,519,39,69,32365.12
97165,28,509,39,140,32609.50
97170,28,505,37,90,32369.19
97176,28,461,37,115,32257.12
97181,28,501,35,70,32517.56
97186,28,432,35,71,32133.62
97191,28,499,37,76,32178.50
97196,28,495,37,81,32386.19
97201,28,521,37,59,32360.06
97206,28,525,34,63,32382.56
97211,28,516,37,57,32223.94
97216,28,513,39,104,32531.31
97221,28,464,36,70,32231.25
97226,28,472,36,68,32503.62
97231,28,485,41,82,32621.12
97237,28,500,37,66,32796.56
97242,28,520,37,67,32735.12
97247,28,531,39,165,32618.19
97252,28,538,39,66,32631.06
97257,28,487,37,64,32424.19
97262,28,453,37,65,32464.50
97267,28,513,41,59,32674.62
97272,28,523,41,78,32658.62
97277,28,536,43,87,32688.44
97282,28,523,43,66,32615.25
97287,28,507,37,186,32857.81
97292,28,503,41,74,32785.81
97297,28,475,42,59,32745.81
97303,28,517,38,70,32791.62
97308,28,531,43,68,32937.38
97313,28,521,41,328,32972.75
97318,28,512,41,231,32964.75
97323,28,475,38,60,32636.75
97328,28,530,41,83,32731.50
97333,28,524,43,107,32896.19
97338,28,529,43,70,32873.12
97343,28,533,43,65,32857.12
97348,28,514,39,66,32696.81
97353,28,494,37,72,32725.06
97359,28,484,37,1684,32645.06
97364,28,516,46,88,32349.06
97369,28,527,46,68,32149.06
97374,28,514,46,63,32109.06
97379,28,527,42,63,32069.06
97384,28,544,40,67,32053.06
97389,28,542,41,56,31219.88
97394,28,441,35,68,30911.69
97399,28,495,39,70,30933.25
97404,28,489,41,74,31057.62
97409,28,493,37,72,31009.62
97414,28,503,38,80,31194.94
97419,28,551,37,59,31180.50
97424,28,503,36,60,31151.00
97429,28,498,39,73,30967.00
97435,28,468,36,86,31271.44
97440,28,508,35,68,31544.50
97445,28,524,37,85,31536.50
97450,28,530,37,69,31520.50
97455,28,548,39,94,31496.50
97460,28,539,42,71,30754.75
97465,28,525,46,553,30674.75
97470,28,521,41,64,30370.75
97475,28,513,42,247,30242.75
97480,28,526,41,151,30146.75
97485,28,463,40,90,29875.31
97490,28,521,42,172,29491.44
97495,28,464,31,64,29638.38
97501,28,417,135,67,29812.75
97506,28,446,33,58,29756.06
97511,28,485,40,249,29643.94
97516,28,469,37,100,29797.06
97521,28,413,37,269,30745.50
97526,28,471,37,68,30585.50
97531,28,461,36,72,30333.38
97536,28,495,36,1313,30245.38
97541,28,458,33,68,30021.38
97546,28,510,38,95,30005.38
97551,28,518,42,218,29928.25
97556,28,526,42,340,29896.25
97562,28,544,43,101,29888.25
97567,28,550,43,91,29872.25
97572,28,562,43,68,29856.25
97577,28,563,43,306,29840.25
97582,28,572,44,166,29776.25
97587,28,578,44,79,29744.25
97592,28,584,44,63,29712.25
97597,28,580,44,83,29712.25
97602,28,594,44,67,29712.25
97607,28,608,44,65,29712.25
97612,28,615,44,77,29688.25
97618,28,612,44,147,29688.25
97623,28,614,44,106,29680.25
97628,28,620,44,72,29664.25
97633,28,616,44,76,29608.25
97638,28,614,43,75,29552.25
97643,28,614,43,88,29512.25
97648,28,615,43,71,29504.25
97653,28,470,34,84,29184.25
97658,28,496,34,79,28948.06
97663,28,502,38,67,29133.94
97668,28,516,38,43,29021.94
97674,28,469,34,64,29124.06
97679,28,505,36,62,28236.06
97684,28,477,35,68,28883.25
97689,28,477,33,119,29045.38
97694,28,490,53,72,28949.00
97699,28,512,54,56,28909.00
97704,28,526,54,69,28861.00
97709,28,531,54,67,28829.00
97714,28,485,38,104,28940.69
97719,28,486,38,65,28758.62
97724,28,439,41,62,28773.38
97729,28,475,42,55,28847.94
97735,28,483,39,60,29031.62
97740,28,483,40,79,29070.94
97745,28,429,39,64,29030.94
97750,28,485,40,74,29032.75
97755,28,468,38,249,29203.19
97760,28,460,40,68,28827.19
97765,28,410,43,243,28993.38
97770,28,392,36,69,28523.12
97775,28,440,36,71,28606.56
97780,28,473,33,69,28590.56
97785,28,393,33,61,28533.94
97790,28,464,39,72,28525.94
97795,28,473,34,45,28595.62
97801,28,473,34,67,28598.69
97806,28,450,33,59,28382.69
97811,28,457,38,58,28342.69
97816,28,395,35,78,28226.44
97821,28,427,35,64,27870.38
97826,28,446,35,58,26415.62
97831,28,418,36,65,26304.75
97836,28,390,36,312,26939.12
97841,28,451,36,58,26658.12
97846,28,439,34,59,26304.50
97851,28,454,32,48,26556.25
97857,28,397,155,59,26457.69
97862,28,346,89,73,27053.00
97867,28,380,91,279,29223.94
97872,28,369,151,65,28984.00
97877,28,430,153,61,28978.44
97882,28,442,111,176,29037.94
97887,28,435,159,71,29010.44
97892,28,432,156,88,28837.31
97897,28,351,96,66,28862.06
97902,28,442,96,61,29067.06
97907,28,434,99,60,29199.69
97912,28,438,100,66,28790.50
97918,28,435,98,107,28769.19
97923,28,448,98,62,28774.81
97928,28,378,98,78,28630.44
97933,28,404,99,62,28728.62
97938,28,448,98,96,28670.31
97943,28,417,88,67,28880.31
97948,28,385,90,106,28804.62
97953,28,444,92,72,28777.12
97958,28,398,110,80,28692.50
97963,28,461,107,145,28966.75
97968,28,425,94,71,28732.38
97973,28,407,95,72,28766.56
97979,28,453,92,58,28954.88
97984,28,464,92,58,29263.12
97989,28,469,92,63,29707.12
97994,28,463,94,74,29538.75
97999,28,488,93,163,29794.19
98004,28,390,77,84,29291.12
98009,28,474,79,70,29454.06
98015,28,473,79,93,29576.19
98020,28,427,79,146,29682.38
98025,28,402,87,284,30300.12
98030,28,453,76,109,30171.56
98035,28,451,75,244,30193.94
98040,28,460,77,331,30166.19
98045,28,408,73,215,30293.56
98050,28,360,77,89,29863.75
98055,28,408,77,53,29791.00
98060,28,388,77,141,29562.56
98065,28,339,89,70,29299.62
98071,28,399,71,215,29270.38
98076,28,399,73,189,29369.94
98081,28,401,76,67,29184.81
98086,28,421,69,60,29448.69
98091,28,439,73,61,29214.38
98096,28,374,75,97,29272.62
98101,28,414,73,68,29283.19
98106,28,434,75,70,29299.25
98111,28,415,70,91,29328.81
98116,28,474,75,95,29473.25
98121,28,447,75,31,29317.94
98126,28,416,73,67,29632.81
98131,28,438,70,137,29482.44
98137,28,376,71,52,29578.69
98142,28,458,191,77,29929.69
98147,28,424,72,87,29819.12
98152,28,373,71,66,29543.38
98157,28,414,72,66,29578.56
98162,28,441,69,76,29348.25
98167,28,429,72,80,29774.94
98172,28,359,72,62,30602.38
98177,28,432,74,77,30752.25
98182,28,440,74,60,30543.75
98187,28,394,72,78,30433.94
98192,28,371,70,100,30382.50
98197,28,421,72,74,30434.25
98203,28,447,71,60,30445.44
98208,28,383,74,67,30257.25
98213,28,376,71,71,29771.81
98218,28,382,71,78,30045.94
98223,28,443,63,93,29892.88
98228,28,352,64,71,30040.50
98233,28,387,64,70,30171.75
98238,28,418,66,64,29977.50
98243,28,408,66,64,30033.75
98248,28,371,63,96,29928.31
98253,28,445,65,177,30681.88
98258,28,452,70,85,30653.00
98263,28,476,69,68,30480.75
98269,28,465,71,75,30531.69
98274,28,472,71,100,30680.75
98279,28,465,71,94,31001.12
98284,28,453,69,76,30859.81
98289,28,433,68,63,30842.12
98294,28,429,65,112,30825.62
98299,28,437,67,140,30666.69
98304,28,343,63,64,30262.38
98309,28,437,65,92,30632.31
98314,28,425,65,61,30448.81
98319,28,396,64,64,30076.94
98325,28,446,67,63,30443.88
98330,28,462,68,66,30502.50
98335,28,462,74,136,30561.62
98340,28,460,74,66,30356.25
98345,28,421,63,98,30317.19
98350,28,452,65,72,30473.25
98355,28,447,65,65,30326.94
98360,28,440,70,77,30366.62
98365,28,432,65,54,30413.12
98370,28,448,65,206,30662.88
98375,28,445,65,63,30307.81
98380,28,453,65,61,30453.56
98385,28,377,62,64,30435.69
98391,28,444,67,58,30501.56
98396,28,411,63,62,30266.88
98401,28,425,68,34,29839.75
98406,28,315,61,62,29591.81
98411,28,358,67,55,29764.75
98416,28,367,67,50,29887.44
98421,28,433,67,1367,29576.69
98426,28,443,67,68,29056.69
98431,28,417,69,76,28606.19
98436,28,447,65,64,28230.19
98441,28,456,65,66,28032.19
98446,28,464,68,70,28273.69
98452,28,340,60,67,29415.75
98457,28,431,71,67,29263.75
98462,28,455,71,75,28983.69
98467,28,439,64,14,28751.62
98472,28,453,65,63,27957.56
98477,28,468,67,113,28217.56
98482,28,464,67,69,28012.50
98487,28,445,65,67,27423.25
98492,28,442,61,65,27467.94
98497,28,451,65,100,27404.44
98502,28,450,106,123,27635.31
98507,28,437,102,59,27549.00
98513,28,459,89,75,27585.75
98518,28,484,91,3472,27081.69
98523,28,503,122,2585,26780.56
98528,28,522,122,1526,26492.62
98533,28,530,123,824,26308.62
98538,28,539,129,623,26276.62
98543,28,543,129,467,26236.62
98548,28,548,129,306,25980.62
98553,28,549,129,229,25932.62
98558,28,563,129,71,25894.94
98563,28,572,129,66,25757.88
98568,28,567,128,65,25485.88
98573,28,532,103,150,24780.38
98578,28,503,127,61,24332.44
98583,28,497,126,66,24260.44
98589,28,480,120,57,24092.44
98594,28,489,119,68,23214.69
98599,28,369,90,59,23174.69
98604,28,419,87,87,22915.50
98609,28,437,88,85,22320.62
98614,28,412,135,68,22922.56
98619,28,441,130,66,22810.56
98624,28,401,99,83,22976.94
98629,28,433,99,63,23463.56
98634,28,360,99,57,23555.81
98639,28,367,104,162,23717.12
98644,28,448,150,2187,23561.88
98649,28,464,150,67,23169.88
98655,28,447,112,65,22857.88
98660,28,464,115,65,22699.25
98665,28,472,150,70,22659.25
98670,28,475,150,63,22643.25
98675,28,489,150,76,22603.25
98680,28,515,150,81,22603.25
98685,28,527,150,96,22531.25
98690,28,520,143,77,22355.25
98695,28,526,143,349,22347.25
98700,28,515,141,92,22155.25
98705,28,439,108,63,22003.25
98710,28,437,111,78,21575.81
98715,28,447,111,71,21233.56
98721,28,435,151,69,21545.62
98726,28,373,146,63,21423.12
98731,28,356,105,79,21354.12
98736,28,455,145,65,21234.12
98741,28,452,99,61,21146.12
98746,28,469,105,63,21130.12
98751,28,464,105,149,21114.12
98756,28,442,151,70,20552.31
98761,28,435,115,66,20240.19
98766,28,344,111,74,21280.69
98771,28,429,144,540,21096.69
98777,28,440,146,64,20960.69
98782,28,437,135,108,20832.69
98787,28,424,110,70,20735.19
98792,28,430,110,67,20679.19
98797,28,444,110,66,20599.19
98802,28,462,110,74,20591.19
98807,28,429,109,77,20575.19
98812,28,439,101,668,20511.19
98817,28,431,100,57,20423.19
98822,28,380,97,68,20784.81
98827,28,465,101,61,20823.81
98832,28,437,92,59,21034.62
98838,28,382,125,59,21047.38
98843,28,446,125,61,21031.38
98848,28,469,117,65,20863.31
98853,28,473,92,72,20695.31
98858,28,441,93,59,20679.31
98863,28,365,91,68,20559.31
98868,28,435,98,63,20736.56
98873,28,374,137,78,25110.38
98878,28,319,153,244,28280.62
98883,28,264,125,319,32220.12
98888,28,283,74,65,31641.12
98894,28,333,76,88,31968.62
98899,28,315,79,57,32000.31
98904,28,307,73,68,32355.62
98909,28,304,58,65,31796.81
98914,28,340,60,60,32048.12
98919,28,389,64,67,32355.38
98924,28,384,64,79,32398.56
98929,28,402,65,109,32623.38
98934,28,345,65,83,32758.31
98939,28,406,63,64,32842.06
98944,28,414,63,83,32941.62
98949,28,375,69,69,32611.12
98955,28,355,67,75,32325.56
98960,28,411,66,62,32484.50
98965,28,391,61,70,32675.31
98970,28,352,63,80,31335.88
98975,28,313,60,59,32011.06
98980,28,405,63,64,32052.88
98985,28,396,62,63,32044.88
98990,28,412,67,913,31444.81
98995,28,426,109,69,31180.81
99000,28,422,117,72,30854.56
99005,28,448,99,70,30318.62
99010,28,466,91,532,29963.75
99015,28,508,95,72,29787.81
99021,28,506,64,74,29699.81
99026,28,444,61,173,29547.81
99031,28,455,64,62,29443.81
99036,28,371,52,68,29259.81
99041,28,407,52,278,28888.31
99046,28,399,59,67,28584.31
99051,28,458,61,69,28162.00
99056,28,469,62,63,28267.25
99061,28,429,62,84,28061.44
99066,28,460,57,64,28105.19
99071,28,436,55,67,27828.50
99077,28,449,55,320,28229.50
99082,28,430,57,111,27749.94
99087,28,374,57,47,27661.88
99092,28,440,60,75,28007.62
99097,28,331,57,70,28418.38
99102,28,438,58,62,28499.44
99107,28,414,59,69,28636.06
99112,28,442,61,67,28697.69
99117,28,392,57,62,28503.69
99122,28,467,60,6080,29252.50
99127,28,480,62,4752,25281.56
99132,28,484,62,4118,25153.62
99137,28,502,64,2836,24873.00
99142,28,519,64,1063,24416.88
99148,28,527,64,239,24056.88
99153,28,530,65,58,23625.00
99158,28,511,65,69,23257.06
99163,28,479,55,64,22865.06
99168,28,484,57,59,22652.56
99173,28,457,64,68,22652.56
99178,28,461,66,80,22644.56
99183,28,477,66,100,22588.56
99188,28,485,66,68,22580.56
99193,28,486,66,391,22436.56
99198,28,495,66,313,22436.56
99203,28,499,66,100,22436.56
99208,28,501,66,65,22404.56
99214,28,510,69,87,22388.56
99219,28,495,67,61,22388.56
99224,28,507,58,70,22348.56
99229,28,509,60,577,22260.56
99234,28,502,57,60,21988.56
99239,28,445,63,133,21828.56
99244,28,464,54,57,21736.31
99249,28,372,53,59,23436.19
99254,28,461,57,2119,23344.38
99259,28,481,62,414,23080.38
99264,28,399,58,60,22840.31
99269,28,445,62,75,22783.50
99274,28,456,61,69,22751.50
99280,28,406,52,78,24860.56
99285,28,418,55,3765,24832.06
99290,28,442,63,2388,24512.06
99295,28,449,63,65,24224.06
99300,28,466,66,172,24016.06
99305,28,461,62,120,23679.19
99310,28,469,62,125,23407.19
99315,28,458,60,55,23263.12
99320,28,424,62,289,23239.12
99325,28,429,61,64,23079.12
99330,28,383,56,80,23204.19
99336,28,398,55,45,23305.56
99341,28,411,56,370,23289.38
99346,28,411,59,73,23137.38
99351,28,429,61,92,23073.38
99356,28,438,57,67,23057.38
99361,28,457,64,75,23049.38
99366,28,468,64,151,23009.38
99371,28,451,61,76,22961.38
99376,28,448,54,209,22945.38
99381,28,379,62,129,22940.88
99386,28,403,59,71,23707.38
99391,28,407,57,45,23848.50
99397,28,359,59,125,23812.69
99402,28,394,54,67,24356.88
99407,28,353,53,125,26248.69
99412,28,313,53,122,28069.19
99417,28,302,53,63,29137.69
99422,28,305,52,96,30998.00
99427,28,333,54,57,32084.44
99432,28,329,52,41,33148.19
99438,28,353,54,66,34023.56
99443,28,263,35,177,34921.94
99448,28,338,41,64,34886.00
99453,28,359,42,58,34764.38
99458,28,377,46,68,34397.88
99463,28,390,37,66,34583.12
99468,28,359,39,68,34375.19
99473,28,295,41,60,34438.75
99478,28,388,45,71,34704.25
99483,28,419,46,77,34699.44
99488,28,333,38,1050,34450.31
99493,28,382,39,70,33593.75
99499,28,396,39,73,33778.56
99504,28,380,37,66,33873.44
99509,28,355,46,64,33857.38
99514,28,353,37,67,34225.81
99519,28,419,39,58,34057.69
99524,28,421,39,61,34293.94
99529,28,407,39,103,33958.81
99534,28,409,47,70,33948.06
99539,28,396,48,61,33811.88
99544,28,405,49,1126,33507.75
99549,28,374,38,70,32354.56
99554,28,360,40,65,31675.00
99560,28,394,42,59,32070.50
99565,28,344,41,75,31999.25
99570,28,386,46,66,31887.12
99575,28,398,41,65,31223.12
99580,28,405,37,59,31016.50
99585,28,358,40,64,30896.50
99590,28,395,43,68,30840.50
99595,28,407,43,62,29945.94
99600,28,357,46,63,29788.25
99605,28,425,48,1103,29700.25
99610,28,430,48,95,29652.25
99615,28,410,41,78,28841.62
99621,28,395,43,32,28489.62
99626,28,380,36,60,28257.62
99631,28,382,48,74,28129.62
99636,28,404,48,60,28097.62
99641,28,424,48,91,28089.62
99646,28,447,48,68,28049.62
99651,28,457,47,62,27196.75
99656,28,357,47,71,27115.69
99661,28,426,52,259,27011.69
99666,28,416,50,66,26888.94
99671,28,434,50,65,26817.00
99676,28,438,50,61,26793.00
99682,28,422,49,62,26753.00
99687,28,426,45,65,26729.00
99692,28,421,52,62,26729.00
99697,28,423,52,69,26665.00
99702,28,382,42,64,26545.00
99707,28,410,40,63,26422.62
99712,28,417,44,78,26106.69
99717,28,333,42,60,26135.06
99722,28,432,48,65,26169.38
99727,28,452,48,72,26129.38
99732,28,347,40,206,26648.56
99737,28,348,40,194,26988.69
99743,28,425,44,60,26932.25
99748,28,315,40,27,26805.38
99753,28,346,41,71,27042.81
99758,28,362,41,110,27081.62
99763,28,419,45,60,27448.19
99768,28,357,46,322,27416.19
99773,28,410,49,186,27521.56
99778,28,422,49,60,27507.00
99783,28,459,49,68,27443.00
99788,28,350,42,398,27502.81
99793,28,422,47,70,27443.06
99798,28,417,42,2120,27259.06
99803,28,428,44,201,26789.31
99809,28,433,50,67,26541.31
99814,28,442,51,60,25933.31
99819,28,479,50,58,25512.44
99824,28,477,50,97,25488.44
99829,28,491,50,104,25464.44
99834,28,496,52,70,25456.44
99839,28,505,52,244,25424.44
99844,28,508,51,71,25288.44
99849,28,401,50,96,24765.75
99854,28,375,37,149,24921.38
99859,28,246,32,110,27951.44
99864,28,292,30,77,30521.12
99869,28,334,40,63,30748.38
99874,28,280,28,63,33123.12
99880,28,265,36,6256,33149.12
99885,28,365,37,4105,32357.12
99890,28,393,37,3170,31638.50
99895,28,398,52,2543,26548.50
99900,28,408,52,1318,26156.44
99905,28,435,52,56,25664.12
99910,28,384,40,63,25336.12
99915,28,399,41,75,25272.12
99920,28,398,38,64,25152.12
99925,28,389,38,62,25120.12
99930,28,363,35,3359,27781.62
99935,28,389,37,2878,26872.44
99941,28,415,37,577,26632.44
99946,28,437,37,89,26448.44
99951,28,443,41,63,26304.44
99956,28,449,43,81,26184.44
99961,28,463,43,67,25976.44
99966,28,468,43,61,25730.31
99971,28,444,43,63,25698.31
99976,28,436,37,58,25482.31
99981,28,398,33,71,25306.31
99986,28,353,33,78,25780.81
99991,28,299,34,64,25284.56
99996,28,357,36,59,25486.69
100002,28,386,36,139,25493.12
100007,28,365,36,1078,25409.69
100012,28,401,38,60,25321.69
100017,28,409,70,54,25249.69
100022,28,395,37,90,25105.69
100027,28,411,38,62,24953.69
100032,28,440,38,61,24732.25
100037,28,446,38,63,24531.19
100042,28,389,44,79,24499.19
100047,28,327,44,59,24499.19
100052,28,373,38,1706,24805.12
100058,28,382,37,59,24637.12
100063,28,352,37,793,24445.12
100068,28,330,38,61,24381.12
100073,28,392,39,67,24497.12
100078,28,406,40,364,24377.12
100083,28,428,40,216,24345.12
100088,28,452,40,110,24345.12
100093,28,460,40,75,24345.12
100098,28,453,37,65,24169.12
100103,28,390,40,70,24145.12
100108,28,384,39,59,24105.12
100114,28,387,40,73,24085.94
100119,28,346,35,71,24074.56
100124,28,311,38,67,25098.94
100129,28,383,36,736,24930.94
100134,28,380,39,65,24962.31
100139,28,397,39,65,24938.31
100144,28,347,36,75,25105.56
100149,28,326,32,60,27627.56
100154,28,310,36,326,31473.38
100159,28,284,36,6376,33608.00
100164,28,350,40,4204,28584.06
100169,28,359,40,3617,28352.06
100174,28,369,40,3223,28112.06
100180,28,400,40,1855,27866.75
100185,28,402,40,267,27410.75
100190,28,421,40,68,27194.75
100195,28,424,37,82,27098.75
100200,28,380,35,71,26741.75
100205,28,397,35,57,26605.75
100210,28,398,35,59,26437.75
100215,28,374,35,275,26349.69
100220,28,390,35,63,26197.69
100225,28,391,36,323,26037.69
100230,28,302,35,65,25563.00
100235,28,370,34,98,24782.62
100240,28,364,31,65,23915.44
100245,28,372,35,81,23937.50
100251,28,367,34,61,23746.75
100256,28,347,35,70,24019.06
100261,28,375,35,72,24114.88
100266,28,395,35,59,24114.88
100271,28,428,40,59,24090.88
100276,28,410,40,62,24082.88
100281,28,382,40,63,24045.19
100286,28,317,38,67,24048.69
100291,28,372,38,61,24100.06
100296,28,367,35,66,24084.06
100301,28,387,36,63,24084.06
100306,28,377,36,65,24143.69
100312,28,377,37,65,25096.19
100317,28,382,39,61,25072.19
100322,28,364,39,65,25072.19
100327,28,408,39,73,25072.19
100332,28,419,37,63,25072.19
100337,28,392,34,65,25056.19
100342,28,368,37,60,25641.38
100347,28,360,34,69,25569.38
100352,28,364,36,68,25478.56
100357,28,397,35,142,25700.31
100362,28,329,35,73,26194.12
100367,28,345,36,70,26243.69
100372,28,379,42,88,26485.44
100378,28,330,39,71,27026.06
100383,28,270,34,82,29461.69
100388,28,323,35,78,30062.44
100393,28,284,32,55,30478.44
100398,28,331,36,83,30302.31
100403,28,338,38,59,30170.00
100408,28,364,112,61,30528.12
100413,28,361,57,58,30543.75
100418,28,325,60,59,30363.75
100423,28,380,106,64,30442.25
100428,28,408,65,62,30589.19
100433,28,325,67,69,31277.44
100439,28,415,103,105,31438.56
100444,28,417,106,129,31353.81
100449,28,407,72,61,31356.50
100454,28,328,114,110,31732.69
100459,28,393,109,108,31869.94
100464,28,329,65,71,31436.88
100469,28,332,64,73,31520.06
100474,28,329,62,61,31370.94
100479,28,333,63,101,31373.69
100484,28,384,62,61,31289.56
100489,28,404,62,67,31536.94
100494,28,367,63,61,31364.56
100499,28,297,52,92,32236.81
100505,28,407,58,160,32459.69
100510,28,409,58,67,32399.62
100515,28,427,71,80,32599.44
100520,28,422,70,71,32537.06
100525,28,291,53,26,32209.06
100530,28,473,61,118,32911.50
100535,28,728,73,75,33330.88
100540,28,538,63,61,33829.56
100545,28,458,56,1025,33748.12
100550,28,525,55,62,32779.00
100555,28,411,51,68,32394.69
100560,28,526,83,81,32649.06
100566,28,467,48,76,33661.19
100571,28,467,61,147,33264.88
100576,28,572,51,70,33647.69
100581,28,630,66,84,32823.94
100586,28,576,46,65,34038.81
100591,28,471,49,67,33126.81
100596,28,500,42,70,32725.31
100601,28,578,48,61,32844.25
100606,28,419,33,82,34431.25
100612,28,349,30,126,35119.06
100617,28,405,38,73,35268.31
100622,28,322,35,61,36056.31
100627,28,316,35,182,38093.94
100632,28,422,36,64,37809.75
100637,28,361,36,78,37572.44
100642,28,382,40,177,37647.44
100647,28,421,39,62,37770.38
100652,28,383,36,110,37615.81
100657,28,396,43,62,37864.25
100662,28,374,36,63,37668.62
100668,28,354,43,177,38358.00
100673,28,363,42,60,38102.88
100678,28,342,42,63,37941.00
100683,28,268,38,59,37862.25
100688,28,279,36,96,38194.44
100694,28,333,38,61,38325.25
100699,28,332,38,58,38116.69
100704,28,276,33,71,37932.81
100709,28,309,32,69,37678.50
100714,28,366,33,64,37875.56
100719,28,352,32,86,37958.75
100724,28,365,34,64,38008.00
100729,28,375,34,75,37959.31
100734,28,349,42,75,37833.88
100739,28,366,44,64,37984.88
100744,28,395,44,62,38026.00
100749,28,346,34,80,37782.56
100755,28,375,36,117,37994.31
100760,28,371,38,148,38093.25
100765,28,378,38,241,38075.81
100770,28,386,35,105,37984.44
100775,28,415,40,111,38142.88
100780,28,421,37,78,38102.31
100785,28,365,38,78,37984.12
100790,28,388,40,159,37953.25
100795,28,336,40,44,37805.06
100800,28,415,39,67,37846.12
100805,28,424,33,60,37833.38
100810,28,405,34,60,37559.81
100816,28,402,32,63,37584.00
100821,28,419,35,59,37845.12
100826,28,420,34,63,38000.81
100831,28,435,37,64,38135.88
100836,28,440,37,88,38136.94
100841,28,451,33,71,38134.75
100846,28,427,37,120,38056.44
100851,28,446,40,101,38180.19
100856,28,402,37,308,38168.00
100861,28,458,37,68,38266.62
100866,29,423,35,193,38541.06
100871,28,436,40,68,38232.69
100877,28,418,33,61,38024.06
100882,28,412,35,82,37903.38
100887,28,344,35,91,37689.19
100892,28,404,36,114,37857.06
100897,28,409,39,55,37866.88
100902,28,391,39,72,37745.25
100907,28,430,39,69,37885.56
100912,28,436,39,89,37866.88
100917,28,382,37,122,37888.25
100922,28,375,41,58,38169.62
100927,28,442,52,89,38550.31
100932,28,460,45,61,38366.69
100937,28,361,43,68,38441.19
100942,28,386,40,92,38282.19
100948,28,382,40,57,38227.38
100953,28,400,39,66,38332.31
100958,28,402,40,63,38064.44
100963,28,338,38,61,37959.12
100968,28,408,40,210,38335.81
100973,28,415,45,77,38208.56
100978,28,347,41,124,38265.12
100983,28,427,40,78,38273.81
100988,28,408,38,58,38364.62
100993,28,413,40,68,38284.31
100998,28,389,40,56,38192.06
101003,28,355,33,64,38226.00
101008,28,365,33,64,38238.38
101014,28,343,37,74,38353.19
101019,28,406,33,64,38339.19
101024,28,400,35,185,38465.50
101029,28,393,38,247,38623.38
101034,28,414,40,125,38646.12
101039,28,424,42,95,38454.69
101044,28,403,39,280,38454.31
101049,28,339,39,250,38126.50
101054,28,406,36,242,38167.44
101059,28,404,42,59,38049.88
101064,28,393,33,64,38060.31
101069,28,350,35,64,38238.00
101074,28,398,40,78,38236.69
101080,28,412,35,78,38334.44
101085,28,404,33,39,38072.06
101090,28,430,35,81,38033.44
101095,28,420,38,136,38441.56
101100,28,426,42,61,38229.12
101105,28,326,33,60,37745.00
101110,28,389,33,78,37867.50
101115,28,405,35,149,38090.56
101120,28,413,35,55,38164.62
101125,28,411,33,60,38029.19
101130,28,398,37,75,38034.12
101135,28,393,35,81,37970.62
101141,28,418,35,109,38325.06
101146,28,413,33,98,38003.44
101151,21,255,35,55,38434.75
101156,27,448,38,356,38931.31
101161,27,1056,41,64,38591.69
101166,27,1026,35,62,38571.81
101171,27,973,35,61,38499.62
101176,27,910,35,64,37989.94
101181,27,924,34,49,37794.44
101186,27,954,37,68,38117.06
101191,26,866,37,67,37924.56
101197,26,860,33,77,37874.62
101202,26,823,35,78,37740.56
101207,26,844,38,60,37927.25
101212,26,844,38,24,37710.94
101217,26,883,41,112,38005.38
101222,26,880,40,75,37813.19
101227,26,847,35,81,37758.00
101232,26,844,35,87,37626.88
101237,26,841,35,61,37662.31
101242,26,825,35,91,37556.06
101247,26,836,37,121,37761.31
101252,26,841,41,75,37987.19
101258,26,850,40,62,38212.62
101263,26,834,39,77,38030.38
101268,26,815,34,75,37823.81
101273,26,773,34,62,37671.94
101278,26,801,42,226,38197.75
101283,27,973,42,65,37897.69
101288,26,767,34,59,37735.31
101293,26,788,36,116,37841.19
101298,26,793,35,286,37780.44
101303,26,805,34,55,38098.06
101309,27,946,42,54,38298.81
101314,27,875,40,234,38095.69
101319,27,869,38,73,37936.62
101324,27,883,40,87,37977.06
101329,27,874,36,64,38010.44
101334,27,997,36,70,37923.31
101339,28,1133,38,96,38036.94
101344,28,1160,44,65,37909.62
101350,28,1133,47,116,38116.12
101355,27,1085,47,55,38121.88
101360,27,1045,45,65,38156.06
101365,27,973,47,55,37905.00
101370,27,951,39,81,37789.19
101375,27,973,40,104,38004.50
101380,27,999,44,69,37974.50
101385,27,1104,44,150,38099.19
101390,27,1043,43,16,37881.69
101395,27,1080,45,123,38147.25
101400,27,1064,42,65,38116.94
101405,27,1006,45,71,38061.12
101410,27,1004,39,105,37904.81
101416,27,1143,40,73,38378.81
101421,27,1040,49,67,37992.75
101426,27,1066,41,67,37997.00
101431,27,1026,40,94,38116.00
101436,27,1047,48,73,38063.56
101441,27,982,37,83,38044.31
101446,27,1036,41,73,37915.94
101451,27,1039,45,65,37919.25
101456,27,1162,57,160,38436.25
101461,27,1141,42,216,38548.94
101466,27,1036,42,64,38178.31
101472,27,996,43,65,37913.44
101477,27,1016,43,61,38089.56
101482,27,986,38,63,38028.25
101487,27,1083,45,80,38092.94
101492,27,1046,47,64,38150.88
101497,27,1029,43,74,38067.44
101502,27,1037,48,60,38047.88
101507,27,1003,42,97,37945.38
101512,27,1046,43,85,38178.75
101517,27,995,45,79,37989.75
101522,27,1037,45,108,38058.81
101528,27,1011,42,87,37948.38
101533,27,1047,49,119,37959.81
101538,27,1035,48,60,38032.50
101543,27,1013,41,162,38237.25
101548,27,986,50,64,37987.69
101553,27,1006,43,90,38227.62
101558,27,985,43,240,38594.00
101563,27,995,46,61,38002.94
101568,27,962,43,58,37947.94
101573,27,1014,49,62,38169.62
101578,27,1102,51,85,38171.31
101583,27,1097,50,77,38013.62
101589,27,1012,45,64,38102.62
101594,27,1073,43,66,38474.00
101599,27,985,48,64,38203.25
101604,27,921,38,66,38153.81
101609,27,969,44,69,38081.62
101614,27,972,44,61,38251.88
101619,27,978,41,99,37993.00
101624,27,996,42,66,37997.00
101629,27,1004,42,87,37825.81
101634,27,1013,42,118,38004.25
101639,27,962,45,58,37934.31
101644,27,982,42,103,37973.56
101649,27,974,42,151,37974.88
101655,27,989,42,69,38058.56
101660,27,977,45,127,37930.06
101665,27,958,47,24,37822.94
101670,27,920,48,80,37921.31
101675,27,925,47,71,38111.25
101680,27,910,42,63,37980.81
101685,17,161,45,80,38173.81
101690,17,163,46,63,37794.31
101695,17,167,49,55,37891.44
101700,17,167,46,75,37672.88
101705,17,159,44,102,37778.12
101710,17,170,44,197,38084.19
101716,17,161,45,60,37815.06
101721,17,158,42,83,37952.75
101726,17,147,39,73,37872.81
101731,17,156,44,82,37659.69
101736,17,155,44,68,37800.38
101741,17,154,40,79,37778.00
101746,17,166,42,70,37902.50
101751,17,158,39,89,37879.62
101756,17,159,42,76,37836.69
101761,17,163,44,80,37807.25
101766,17,150,40,69,37756.75
101771,17,160,42,70,37511.56
101777,17,164,40,85,37652.88
101782,17,167,41,99,38020.88
101787,17,156,39,95,37833.12
101792,17,157,44,65,37809.69
101797,17,158,43,59,37896.50
101802,17,153,41,66,37554.56
101807,17,168,39,26,37586.62
101812,17,172,42,62,37745.75
101817,17,159,51,72,37855.25
101822,17,163,51,75,37799.75
101827,17,160,42,78,37803.81
101832,17,163,42,75,37666.06
101837,17,166,42,90,37966.88
101843,17,173,42,78,38208.56
101848,17,164,48,69,38269.44
101853,17,154,44,81,38009.88
101858,17,157,42,65,37856.69
101863,17,157,42,89,37840.31
101868,17,170,42,64,38076.88
101873,17,176,42,99,38051.81
101878,17,167,47,80,38034.00
101883,17,162,44,88,37822.62
101888,17,168,49,55,38361.81
101893,17,165,46,92,38091.25
101898,17,165,43,76,37964.94
101904,17,159,43,67,38032.19
101909,17,156,45,72,37999.00
101914,17,161,56,64,38127.00
101919,17,155,64,65,37967.50
101924,17,156,56,102,37993.75
101929,17,169,56,130,38137.94
101934,17,173,61,61,38260.12
101939,17,154,51,59,38029.31
101944,17,162,51,66,38011.75
101949,17,154,48,76,37987.50
101954,17,160,47,69,37836.19
101959,17,167,50,101,37940.38
101964,17,157,49,75,38098.38
101970,17,160,50,105,38122.38
101975,17,157,48,42,37993.88
101980,17,155,49,71,37926.94
101985,17,153,49,113,37895.25
101990,17,168,49,59,38054.81
101995,17,168,49,69,37827.06
102000,17,152,48,120,38125.88
102005,17,162,51,101,38174.50
102010,17,155,47,91,38078.69
102015,17,161,47,61,37977.56
102020,17,164,48,85,37988.38
102025,17,166,48,94,38247.06
102030,17,155,53,99,37899.25
102036,17,157,54,91,38067.75
102041,17,154,48,80,38138.38
102046,17,166,48,153,38353.56
102051,17,166,47,63,37988.06
102056,17,149,45,76,37957.50
102061,17,155,50,63,37922.31
102066,17,162,50,60,37965.44
102071,17,165,49,69,37990.69
102076,17,156,46,59,37983.56
102081,17,154,49,101,38004.81
102086,17,155,46,73,37966.00
102091,17,155,51,112,38031.00
102097,17,149,45,59,38077.75
102102,17,152,49,106,38029.38
102107,17,169,46,61,38120.44
102112,17,173,48,80,38214.62
102117,17,158,46,62,38236.69
102122,17,163,141,63,38375.19
102127,17,162,46,132,38174.69
102132,17,161,43,59,37998.44
102137,17,166,45,59,37996.88
102142,17,164,46,99,38166.31
102147,17,158,45,69,38117.81
102152,17,154,45,79,37994.81
102157,17,156,46,64,38084.25
102163,17,157,46,106,37938.62
102168,17,167,45,106,38016.25
102173,17,170,48,92,38223.56
102178,17,160,50,68,38022.81
102183,17,164,48,143,38191.12
102188,17,158,46,94,37929.31
102193,17,162,46,82,38023.38
102198,17,137,47,62,37685.12
102203,17,150,47,178,37984.31
102208,17,152,51,80,38433.94
102213,17,151,47,58,38535.12
102218,17,153,47,85,38635.62
102224,17,155,47,77,38640.25
102229,17,167,45,66,38598.19
102234,17,171,49,63,38542.19
102239,17,162,49,313,38379.50
102244,17,155,45,75,37117.06
102249,17,153,45,70,37068.62
102254,17,157,45,66,37084.81
102259,17,153,44,69,36975.56
102264,17,158,45,82,37308.19
102269,17,134,46,66,37457.56
102274,17,153,47,62,37412.25
102279,17,144,45,62,36901.88
102285,17,152,45,63,37024.25
102290,17,166,44,83,36988.88
102295,17,147,45,79,36564.12
102300,17,140,39,62,36461.12
102305,17,147,39,81,36456.06
102310,17,145,39,3074,36103.94
102315,17,158,39,2588,36000.00
102320,17,162,39,2095,35824.00
102325,17,163,40,1633,35680.00
102330,17,168,42,158,35448.00
102335,17,156,42,663,35104.81
102340,17,148,39,60,35032.81
102345,17,146,39,63,35000.81
102351,17,161,39,66,34856.81
102356,17,165,47,65,34752.81
102361,17,168,49,68,34600.81
102366,17,151,48,66,34536.81
102371,17,149,46,64,34472.81
102376,17,149,38,67,34432.81
102381,17,133,38,66,34615.31
102386,17,136,41,68,34484.69
102391,17,141,37,58,34516.12
102396,17,138,31,52,34446.12
102401,17,138,36,60,34607.19
102406,17,154,32,64,34741.06
102412,17,142,36,69,34597.06
102417,17,144,43,65,34864.44
102422,17,138,41,63,34653.88
102427,17,148,41,579,34521.50
102432,17,159,40,66,34353.50
102437,17,162,40,66,33795.88
102442,17,163,40,65,33299.88
102447,17,157,40,67,32138.38
102452,17,146,42,70,31646.25
102457,17,148,42,495,31534.31
102462,17,150,42,100,31470.31
102467,17,157,39,60,31382.31
102473,17,151,40,67,30321.12
102478,17,157,40,59,30169.44
102483,17,154,42,61,30285.56
102488,17,141,43,71,30137.69
102493,17,148,40,69,30113.69
102498,17,154,40,87,30089.69
102503,17,160,44,69,30065.69
102508,17,161,44,70,29458.75
102513,17,149,46,65,28944.94
102518,17,140,41,72,28696.00
102523,17,142,40,94,28396.81
102529,17,154,44,65,28146.31
102534,17,155,44,70,28107.19
102539,17,176,39,78,28001.25
102544,17,164,39,77,28069.94
102549,17,95,27,396,32455.38
102554,17,129,31,117,33576.56
102559,17,127,31,6852,33786.06
102564,17,134,31,5019,28643.50
102569,17,135,34,3701,28221.81
102574,17,139,34,1538,27800.12
102579,17,139,34,878,27504.12
102584,17,150,34,242,27248.12
102590,17,166,34,76,26892.69
102595,17,173,76,666,26565.75
102600,17,141,57,58,26261.75
102605,17,135,43,64,25799.81
102610,17,137,43,85,25615.75
102615,17,139,40,1399,26528.25
102620,17,146,41,265,26264.25
102625,17,132,41,39,26056.25
102630,17,132,46,134,25856.00
102635,17,135,46,74,25528.00
102640,17,127,39,64,25392.00
102645,17,123,40,58,26011.94
102651,17,118,31,329,30646.19
102656,17,129,33,4897,29008.12
102661,17,139,36,3667,28511.62
102666,17,141,36,2875,28127.44
102671,17,151,36,1860,27786.69
102676,17,156,36,501,27386.69
102681,17,160,36,61,27090.69
102686,17,140,33,101,26641.44
102691,17,129,36,74,26401.44
102696,17,134,36,68,26369.44
102701,17,134,36,465,26337.44
102706,17,149,36,124,26145.44
102712,17,155,36,77,26145.44
102717,17,156,36,75,26121.44
102722,17,159,36,86,26081.44
102727,17,159,36,79,26065.44
102732,17,163,36,65,26065.44
102737,17,164,36,78,26033.44
102742,17,168,36,66,25969.44
102747,17,168,36,86,25764.69
102752,17,168,36,62,25756.69
102757,17,174,36,70,25724.69
102762,17,174,36,83,25716.69
102767,17,176,40,98,25684.69
102773,17,176,44,63,25684.69
102778,17,176,44,88,25676.69
102783,17,176,44,77,25676.69
102788,17,176,44,84,25652.69
102793,17,177,44,80,25652.69
102798,17,178,44,177,25636.69
102803,17,178,44,64,25620.69
102808,17,178,44,173,25588.69
102813,17,178,44,113,25580.69
102818,17,178,47,94,25580.69
102823,17,178,47,70,25580.69
102828,17,178,47,63,25476.69
102833,17,178,47,76,25476.69
102839,17,173,47,368,25420.62
102844,17,173,47,82,25396.62
102849,17,174,47,69,25388.62
102854,17,179,47,63,25372.62
102859,17,176,50,243,25372.62
102864,17,176,50,64,25292.62
102869,17,179,50,82,25244.62
102874,17,179,50,75,25236.62
102879,17,171,43,63,25228.62
102884,17,178,43,98,25228.62
102889,17,178,43,59,25228.62
102894,17,156,38,71,25196.62
102900,17,154,38,65,25188.62
102905,17,155,38,65,25188.62
102910,17,151,38,63,25180.62
102915,17,157,38,64,25172.62
102920,17,156,42,69,25172.62
102925,17,139,38,64,25132.62
102930,17,136,38,72,25116.62
102935,17,136,41,63,26409.62
102940,17,126,32,72,26369.12
102945,17,135,36,68,26427.50
102950,17,157,35,68,26455.44
102955,17,157,32,63,26455.44
102961,17,148,38,64,26439.44
102966,17,137,34,65,26494.00
102971,17,145,36,59,26504.25
102976,17,155,36,67,26635.00
102981,17,142,35,65,26654.38
102986,17,132,32,60,26668.50
102991,17,132,36,69,27257.88
102996,17,125,30,59,27241.44
103001,17,139,34,65,27508.62
103006,17,157,32,59,27524.94
103011,17,160,34,63,27508.94
103016,17,132,32,65,28046.75
103021,17,146,40,58,27990.75
103027,17,133,32,134,28123.81
103032,17,146,38,68,28265.00
103037,17,151,38,101,28249.00
103042,17,123,31,60,30705.62
103047,17,131,37,73,31018.50
103052,17,135,40,77,30921.50
103057,17,134,36,96,30766.81
103062,17,134,36,89,30691.06
103067,17,138,30,17,30551.69
103072,17,135,34,64,30619.50
103077,17,134,33,123,30752.81
103082,17,131,36,62,30573.00
103087,17,137,36,73,30717.00
103093,17,138,34,219,31105.06
103098,17,132,34,64,30898.69
103103,17,140,34,85,31187.00
103108,17,140,33,83,30981.94
103113,17,146,36,74,31258.50
103118,17,123,32,66,30837.12
103123,17,130,34,95,30830.25
103128,17,144,34,95,30755.50
103133,17,145,42,66,30569.69
103138,17,131,40,117,30703.44
103143,17,122,33,128,32623.88
103148,17,113,33,430,35906.19
103153,17,133,35,78,36297.31
103159,17,131,35,341,36527.81
103164,17,134,35,85,36213.06
103169,17,134,39,72,35998.38
103174,17,122,33,81,36326.44
103179,17,142,36,71,36228.62
103184,17,148,35,78,36291.62
103189,17,157,35,141,36356.88
103194,17,147,39,373,36543.38
103199,17,143,33,59,36326.75
103204,17,144,37,61,36235.81
103209,17,140,41,65,36197.69
103214,17,134,43,63,35850.38
103219,17,137,43,67,35815.88
103224,17,141,43,91,35897.19
103229,17,125,35,70,35868.25
103235,17,139,42,57,35901.69
103240,17,134,37,52,35854.69
103245,17,137,40,66,35852.25
103250,17,134,39,79,35908.81
103255,17,143,46,73,35948.12
103260,17,140,40,99,36006.50
103265,17,134,35,63,36496.75
103270,17,140,38,70,36725.00
103275,17,138,38,66,36695.69
103280,17,151,40,118,36232.19
103285,17,125,34,59,36375.31
103290,17,127,34,60,36594.44
103295,17,136,31,74,36590.06
103301,17,140,35,72,36595.56
103306,17,156,39,63,36163.50
103311,17,162,37,71,35602.50
103316,17,151,35,75,35170.50
103321,17,152,37,73,35170.62
103326,17,148,37,70,35257.62
103331,17,155,34,69,35039.69
103336,17,155,35,65,35293.12
103341,17,148,35,68,35229.75
103346,17,151,35,69,34636.25
103351,17,150,37,72,34794.50
103356,17,154,37,65,34746.50
103362,17,154,37,67,34731.44
103367,17,164,37,56,34712.50
103372,17,169,37,69,34704.50
103377,17,170,44,77,34766.75
103382,17,172,44,66,34750.75
103387,17,170,44,65,34742.75
103392,17,173,44,60,34734.75
103397,17,167,44,67,34646.75
103402,17,160,31,92,34242.56
103407,17,153,35,74,34240.00
103412,17,148,37,107,34148.06
103417,17,141,37,57,33967.19
103422,17,142,35,66,33863.31
103427,17,161,35,72,34131.81
103433,17,164,35,62,33898.81
103438,17,133,34,65,33966.38
103443,17,152,36,61,34054.31
103448,17,150,36,70,33871.81
103453,17,151,35,82,33855.50
103458,17,150,35,67,33954.50
103463,17,148,35,85,34149.12
103468,17,138,34,58,34288.06
103473,17,147,36,66,34246.81
103478,17,141,125,78,34407.31
103483,17,147,31,77,34252.94
103488,17,158,39,64,34320.31
103493,17,141,42,68,35130.75
103499,17,155,34,70,35552.94
103504,17,149,37,62,35338.88
103509,17,142,34,63,35318.38
103514,17,139,33,73,36898.94
103519,17,146,35,63,36080.44
103524,17,143,34,62,36197.06
103529,17,136,33,100,36161.31
103534,17,143,37,70,36293.62
103539,17,142,34,76,36330.62
103545,17,138,35,89,36115.62
103550,17,131,34,34,36007.31
103555,17,139,32,64,35834.38
103560,17,143,34,87,36136.06
103565,17,139,38,96,36171.88
103570,17,141,38,59,36382.56
103575,17,149,34,74,36390.50
103580,17,151,32,86,36220.88
103585,17,147,34,72,36353.31
103590,17,144,34,92,36325.38
103595,17,144,36,58,36291.06
103600,17,139,34,59,36172.88
103606,17,143,32,58,36205.62
103611,17,156,34,81,36453.31
103616,17,159,34,81,36371.19
103621,17,148,42,62,36276.12
103626,17,149,44,111,36280.31
103631,17,149,35,89,36163.62
103636,17,152,35,107,36405.88
103641,17,153,39,59,36318.38
103646,17,146,39,65,36357.19
103651,17,143,35,109,36503.38
103656,17,137,33,56,36413.50
103661,17,139,34,68,36486.38
103666,17,153,35,110,36554.12
103671,17,156,39,87,36578.56
103677,17,134,32,76,36392.88
103682,17,149,37,79,36461.31
103687,17,152,40,99,36524.44
103692,17,148,37,40,36272.19
103697,17,149,36,71,36581.88
103702,17,150,36,59,36641.06
103707,17,147,36,70,36548.00
103712,17,145,38,66,36478.56
103717,17,143,37,92,36455.19
103722,17,148,38,67,36302.38
103727,17,165,38,85,36628.06
103732,17,169,39,109,36752.19
103737,17,166,36,60,36823.06
103743,17,191,37,67,36680.44
103748,17,187,38,69,36693.94
103753,17,167,40,71,36819.38
103758,17,174,39,64,36667.12
103763,17,171,39,85,36858.38
103768,17,163,36,59,36746.50
103773,17,154,36,85,36830.81
103778,17,157,42,69,36739.62
103783,17,156,40,111,36730.69
103788,17,166,36,69,36614.50
103793,17,163,36,141,36717.56
103798,17,168,52,84,37000.62
103803,17,170,54,77,36918.81
103808,17,166,43,87,36791.81
103814,17,164,39,62,36774.00
103819,17,168,44,76,36876.94
103824,17,163,50,72,36895.56
103829,17,159,47,64,36800.62
103834,17,157,47,66,36771.75
103839,17,159,47,102,36906.69
103844,17,160,51,61,37012.12
103849,17,169,48,97,36954.44
103854,17,173,45,71,36701.38
103859,17,176,45,82,36918.81
103864,17,166,47,62,36822.19
103869,17,163,47,74,36828.19
103874,17,172,45,62,36693.31
103879,17,156,43,71,36501.88
103885,17,161,45,102,36855.31
103890,17,154,45,62,36644.31
103895,17,157,47,76,36811.62
103900,17,159,47,76,36895.25
103905,17,163,47,63,37000.75
103910,17,173,45,88,37034.12
103915,17,179,45,76,36995.00
103920,17,168,43,66,36979.25
103925,17,173,47,62,36914.44
103930,17,170,47,65,37007.31
103935,17,177,44,74,37013.75
103940,17,169,49,169,37218.25
103945,17,172,49,86,37154.81
103950,17,160,43,70,37178.31
103956,17,169,51,94,37074.06
103961,17,163,51,91,36992.06
103966,17,169,45,66,36931.44
103971,17,142,42,60,36672.88
103976,17,156,52,94,36893.12
103981,17,151,43,66,36902.06
103986,17,157,47,63,36910.69
103991,17,156,46,84,36967.31
103996,17,158,45,69,36917.38
104001,17,158,45,89,36946.94
104006,17,160,45,79,37069.06
104011,17,157,44,77,37038.38
104017,17,156,51,64,36985.00
104022,17,155,51,103,37082.00
104027,17,164,51,71,37044.38
104032,17,167,45,62,37228.69
104037,17,155,41,68,37147.75
104042,17,156,42,61,37097.19
104047,17,158,42,28,37013.38
104052,17,154,40,63,37053.88
104057,17,159,41,62,37115.88
104062,17,162,41,69,37200.56
104067,17,152,39,192,37404.38
104072,17,148,41,109,37157.38
104077,17,154,43,83,37312.00
104082,17,149,39,78,37073.00
104088,17,160,38,63,36934.56
104093,17,166,41,119,37056.25
104098,17,158,41,57,37016.31
104103,17,163,43,81,37101.69
104108,17,157,40,73,37036.19
104113,17,168,43,71,37095.62
104118,17,159,41,78,37017.25
104123,17,156,39,67,36950.62
104128,17,160,41,78,37100.94
104133,17,152,42,86,36947.62
104138,17,158,42,80,37222.31
104143,17,153,42,76,37238.25
104148,17,164,41,73,37162.81
104153,17,167,46,80,37015.00
104159,17,168,47,71,37169.06
104164,17,161,49,72,37058.50
104169,17,151,40,65,36990.50
104174,17,159,40,72,36981.12
104179,17,162,41,81,36981.12
104184,17,163,41,63,37188.88
104189,17,158,40,143,37119.44
104194,17,155,42,68,36910.19
104199,17,156,42,60,37113.50
104204,17,151,40,80,36958.00
104209,17,166,41,55,36988.38
104214,17,170,41,78,37290.69
104219,17,161,39,72,36986.50
104224,17,167,43,64,37077.62
104230,17,165,43,88,36997.44
104235,17,167,42,58,37122.94
104240,17,169,41,101,37044.19
104245,17,162,41,67,37087.88
104250,17,153,38,81,37238.25
104255,17,157,42,78,37175.75
104260,17,156,42,74,37071.88
104265,17,157,42,82,37106.44
104270,17,165,40,60,37077.75
104275,17,169,41,104,37044.94
104280,17,164,41,70,37053.94
104285,17,167,43,84,37073.44
104290,17,160,43,66,37036.81
104295,17,161,41,72,37083.81
104301,17,157,44,67,37074.56
104306,17,160,44,80,37092.19
104311,17,164,44,74,37258.12
104316,17,164,43,83,37124.12
104321,17,150,41,62,37103.00
104326,17,164,39,98,37028.38
104331,17,165,44,67,37042.56
104336,17,169,47,74,37183.56
104341,17,161,44,63,37102.19
104346,17,161,42,71,36998.81
104351,17,168,42,66,37404.75
104357,17,186,36,208,37350.81
104362,17,181,40,88,37215.56
104367,17,171,40,85,37330.88
104372,17,166,40,100,37197.19
104377,17,171,42,78,37351.19
104382,17,166,38,85,37062.88
104387,17,185,42,98,37211.62
104392,17,190,42,76,37204.25
104397,17,162,45,34,36981.75
104402,17,174,47,77,36948.06
104407,17,183,49,66,37158.88
104412,17,180,40,65,37152.31
104417,17,178,40,72,37474.69
104423,17,170,40,75,37376.38
104428,17,159,39,72,37222.06
104433,17,156,39,73,37279.06
104438,17,197,41,60,37309.06
104443,17,192,42,69,37276.25
104448,17,168,40,88,37184.12
104453,17,174,39,66,37077.62
104458,17,173,41,72,36960.50
104463,17,182,42,92,37101.81
104468,17,181,42,77,37082.12
104473,17,172,41,89,36936.06
104478,17,177,42,66,37178.62
104484,17,175,40,66,37223.56
104489,17,159,38,102,37169.50
104494,17,161,42,72,37305.06
104499,17,161,42,114,37252.31
104504,17,161,38,70,37038.94
104509,17,175,40,88,37203.50
104514,17,177,40,61,37108.75
104519,17,169,39,85,37135.31
104524,17,161,42,65,37021.25
104529,17,170,42,92,36980.44
104534,17,179,42,74,37120.75
104539,17,182,42,66,37145.69
104544,17,173,40,68,37293.75
104550,17,167,40,70,37286.44
104555,17,160,42,88,37411.25
104560,17,164,42,81,37468.19
104565,17,165,42,82,37308.69
104570,17,167,37,60,37084.44
104575,17,176,47,128,37305.88
104580,17,172,47,71,37381.00
104585,17,170,41,62,37308.00
104590,17,169,42,145,37451.81
104595,17,171,42,71,37358.75
104600,17,173,39,105,37467.69
104605,17,153,39,61,37238.69
104611,17,160,39,63,37025.62
104616,17,163,45,92,37362.00
104621,17,163,45,107,37399.94
104626,17,172,45,68,37343.62
104631,17,174,41,75,37044.25
104636,17,180,41,87,37476.81
104641,17,170,39,76,37341.44
104646,17,174,43,67,37354.88
104651,17,156,37,81,37204.44
104656,17,168,43,151,37354.50
104661,17,170,43,59,37268.25
104666,17,168,41,85,37480.50
104672,17,163,41,66,37304.62
104677,17,193,40,68,37346.69
104682,17,193,43,82,37273.81
104687,17,204,41,106,37089.56
104692,17,206,41,85,37252.06
104697,17,204,41,62,37156.19
104702,17,205,41,79,37256.19
104707,17,173,43,89,37002.62
104712,17,200,46,131,37185.19
104717,17,214,46,69,37139.50
104722,17,211,44,89,37143.00
104727,17,195,41,100,37118.12
104732,17,195,41,66,37284.62
104738,17,192,43,93,37261.25
104743,17,191,43,71,37259.88
104748,17,202,40,90,37366.94
104753,17,208,44,68,37347.31
104758,17,195,41,91,37263.94
104763,17,200,36,85,37220.19
104768,17,181,40,85,36988.50
104773,17,200,40,59,37002.00
104778,17,207,41,214,37433.81
104783,17,209,42,64,37393.19
104788,17,190,41,69,37156.88
104793,17,196,44,64,37358.12
104798,17,191,40,102,37272.00
104803,17,193,40,101,37298.12
104809,17,195,40,192,37627.44
104814,17,197,41,115,37479.06
104819,17,200,38,65,37271.06
104824,17,203,38,107,36947.00
104829,17,192,38,71,36966.19
104834,17,198,38,63,36810.38
104839,17,204,38,56,36714.00
104844,17,207,38,83,36872.12
104849,17,199,38,57,36901.00
104854,17,200,40,60,37118.19
104859,17,194,35,62,37000.12
104864,17,201,38,239,36981.50
104870,17,208,42,207,37388.12
104875,17,215,42,318,37239.44
104880,17,191,39,14,37108.62
104885,17,204,43,186,37330.38
104890,17,203,44,82,37235.56
104895,17,201,42,82,37104.31
104900,17,201,37,76,37020.88
104905,17,198,38,53,37141.44
104910,17,199,42,74,37240.69
104915,17,181,39,67,36789.12
104920,17,192,40,104,36925.12
104925,17,192,38,79,36994.56
104931,17,206,38,109,37145.38
104936,17,208,38,61,36943.38
104941,17,212,38,90,37159.56
104946,17,204,40,62,36961.19
104951,17,199,39,65,36975.56
104956,17,201,38,68,36954.38
104961,17,205,38,89,36995.69
104966,17,200,41,65,37131.62
104971,17,196,42,86,37128.56
104976,17,190,40,90,36808.88
104981,17,194,40,68,36890.44
104986,17,205,40,78,36966.44
104991,17,206,40,65,37004.06
104997,17,195,36,118,36868.88
105002,17,201,38,67,36893.12
105007,17,204,40,68,36950.44
105012,17,207,40,67,36908.56
105017,17,201,40,64,37098.81
105022,17,202,38,79,37298.50
105027,17,187,36,56,36954.12
105032,17,194,37,116,37275.81
105037,17,194,40,80,37188.75
105042,17,196,40,76,37157.50
105047,17,202,36,95,36811.94
105052,17,207,41,114,37064.31
105057,17,209,45,84,37074.00
105062,17,209,45,102,37266.44
105068,17,196,38,19,37019.56
105073,17,211,40,133,36982.81
105078,17,215,40,100,37111.44
105083,17,214,40,74,37083.56
105088,17,208,34,76,37134.12
105093,17,194,38,79,37086.44
105098,17,195,40,63,37150.94
105103,17,196,40,72,37231.00
105108,17,207,38,70,37184.62
105113,17,208,38,72,36993.62
105118,17,200,37,101,37041.56
105123,17,206,38,102,37137.44
105129,17,201,40,83,37057.31
105134,17,202,39,73,36881.69
105139,17,206,40,113,37040.69
105144,17,210,38,75,37285.81
105149,17,202,38,129,37148.00
105154,17,194,40,92,37103.31
105159,17,198,40,71,37250.12
105164,17,197,40,94,37113.56
105169,17,208,40,118,37206.94
105174,17,213,47,60,37261.44
105179,17,211,42,75,37097.25
105184,17,193,39,73,36853.56
105189,17,198,40,80,36948.38
105194,17,208,40,66,37236.88
105200,17,207,40,71,37117.44
105205,17,202,38,63,37071.31
105210,17,206,38,95,37213.56
105215,17,207,40,63,37198.31
105220,17,190,38,85,37021.81
105225,17,193,38,81,37167.75
105230,17,208,37,88,37183.69
105235,17,211,38,65,37449.38
105240,17,205,38,74,37294.44
105245,17,199,43,83,37050.38
105250,17,202,44,83,37248.06
105255,17,211,44,60,37286.44
105261,17,208,40,112,37401.00
105266,17,207,38,114,37154.00
105271,17,210,38,68,37347.69
105276,17,204,40,67,37319.19
105281,17,201,40,68,37266.00
105286,17,211,40,77,37392.62
105291,17,207,38,64,37276.19
105296,17,210,45,70,37257.44
105301,17,213,45,92,37461.31
105306,17,197,39,60,37277.44
105311,17,198,37,87,37077.94
105316,17,203,38,72,37184.62
105321,17,207,38,86,37223.75
105327,17,205,35,81,37231.06
105332,17,198,38,67,37160.56
105337,17,202,40,139,37335.31
105342,17,198,40,71,37174.19
105347,17,191,37,63,37079.50
105352,17,195,38,64,37098.56
105357,17,198,38,134,37220.19
105362,17,200,38,91,37195.44
105367,17,185,40,61,37114.94
105372,17,186,34,118,36864.38
105377,17,192,38,107,37150.25
105382,17,195,40,63,37161.62
105388,17,178,38,65,37217.69
105393,17,187,44,57,37130.44
105398,17,189,46,58,37389.31
105403,17,182,43,80,37286.75
105408,17,196,40,111,37436.00
105413,17,200,38,66,37452.00
105418,17,196,45,69,37416.19
105423,17,189,45,90,37267.69
105428,17,191,47,120,37499.62
105433,17,191,40,59,37264.38
105438,17,179,38,94,37333.56
105443,17,181,38,63,37400.56
105449,17,167,38,97,37575.06
105454,17,165,37,62,37508.50
105459,17,165,39,83,37248.88
105464,17,168,39,89,37277.25
105469,17,179,39,106,37435.56
105474,17,179,37,77,37434.69
105479,17,173,38,77,37408.19
105484,17,174,38,72,37310.50
105489,17,176,40,110,37468.25
105494,17,175,38,69,37242.19
105499,17,173,38,62,37273.25
105504,17,176,38,127,37438.38
105510,17,171,38,64,37359.31
105515,17,166,42,67,37315.81
105520,17,169,42,84,37347.31
105525,17,171,42,69,37530.88
105530,17,172,40,95,37593.44
105535,17,179,43,98,37510.44
105540,17,174,44,68,37512.38
105545,17,171,39,113,37366.50
105550,17,172,40,103,37485.94
105555,17,180,40,62,37472.44
105560,17,169,44,75,37281.31
105565,17,172,44,68,37631.81
105570,17,170,41,66,37496.88
105575,17,168,46,71,37620.19
105581,17,168,45,97,37469.62
105586,17,178,46,88,37475.69
105591,17,177,46,67,37504.62
105596,17,171,44,80,37440.38
105601,17,165,44,65,37412.56
105606,17,173,46,78,37572.31
105611,17,175,43,78,37653.75
105616,17,168,41,84,37504.06
105621,17,168,40,102,37377.75
105626,17,172,41,107,37612.31
105631,17,171,41,130,37647.19
105636,17,167,41,65,37411.12
105641,17,168,43,119,37598.00
105647,17,179,43,63,37627.81
105652,17,176,41,60,37551.62
105657,17,179,41,57,37560.56
105662,17,170,39,86,37425.44
105667,17,175,43,148,37649.38
105672,17,182,43,102,37620.62
105677,17,166,39,104,37258.50
105682,17,172,41,110,37485.44
105687,17,202,41,82,37422.81
105692,17,198,41,67,37569.88
105697,17,197,43,69,37661.06
105702,17,198,43,68,37745.94
105708,17,194,43,72,37615.19
105713,17,193,39,103,37515.50
105718,17,180,40,59,37570.38
105723,17,189,41,126,37861.25
105728,17,185,43,74,37734.94
105733,17,189,43,62,37785.25
105738,17,185,39,106,37655.50
105743,17,189,41,115,37884.44
105748,17,175,41,70,37722.31
105753,17,184,41,128,37836.19
105758,17,176,42,74,37631.38
105763,17,178,43,74,37608.69
105768,17,189,43,60,37812.38
105773,17,186,47,110,37781.62
105779,17,191,48,99,37940.12
105784,17,187,48,73,37873.75
105789,17,183,43,87,37846.00
105794,17,186,42,90,37614.25
105799,17,191,43,84,37928.81
105804,17,184,41,69,37940.06
105809,17,174,42,62,37814.38
105814,17,171,44,98,37701.25
105819,17,175,43,62,38113.31
105824,17,177,42,94,38376.31
105829,17,181,41,65,38217.06
105834,17,186,41,101,38198.38
105840,17,177,39,65,38037.25
105845,17,174,40,63,38242.69
105850,17,161,40,60,38272.38
105855,17,166,40,124,38226.50
105860,17,174,40,80,38459.75
105865,17,167,38,60,38356.56
105870,17,163,40,67,38290.31
105875,17,159,38,90,37846.31
105880,17,164,42,114,38029.31
105885,17,165,42,75,37914.81
105890,17,176,42,115,38032.44
105896,17,176,40,99,37797.38
105901,17,179,40,114,38016.62
105906,17,177,42,61,37857.81
105911,17,172,42,64,37811.38
105916,17,177,42,112,37960.94
105921,17,182,42,76,37993.62
105926,17,175,40,90,37902.06
105931,17,169,39,70,38113.31
105936,17,166,42,66,38131.25
105941,17,162,42,68,38038.94
105946,17,166,38,58,37712.62
105952,17,170,40,79,37933.44
105957,17,174,46,73,37936.19
105962,17,171,46,65,37949.19
105967,17,167,41,53,37953.00
105972,17,178,42,62,37933.75
105977,17,180,42,118,37988.19
105982,17,177,42,65,37945.06
105987,17,169,38,107,37932.75
105992,17,153,37,94,37917.75
105997,17,161,42,94,38066.81
106002,17,162,42,106,38143.50
106007,17,171,42,66,38004.44
106013,17,175,42,81,38042.44
106018,17,165,38,72,37807.06
106023,17,169,40,73,38024.69
106028,17,170,42,55,37966.31
106033,17,174,42,63,37856.62
106038,17,170,45,100,37841.75
106043,17,172,45,86,37985.06
106048,17,174,45,79,37961.12
106053,17,164,40,100,37951.19
106058,17,159,42,106,38027.94
106063,17,162,42,75,38080.38
106068,17,172,42,68,38031.62
106073,17,175,40,64,37925.00
106079,17,176,40,100,38091.75
106084,17,177,40,84,38053.50
106089,17,160,40,86,38045.06
106094,17,159,37,93,37907.75
106099,17,167,38,71,38064.25
106104,17,168,36,71,38045.50
106109,17,165,36,59,37980.00
106114,17,159,36,74,37857.88
106119,17,163,38,104,38055.12
106124,17,161,38,69,37998.31
106129,17,161,34,79,37758.50
106134,17,161,35,71,37863.38
106139,17,167,36,64,37959.12
106145,17,170,36,95,38070.44
106150,17,162,37,67,37956.19
106155,17,163,36,92,37714.19
106160,17,167,36,81,37926.75
106165,17,169,36,72,37957.25
106170,17,162,36,101,37997.50
106175,17,156,36,150,37807.25
106180,17,158,38,128,37956.75
106185,17,159,38,57,37878.56
106190,17,170,36,87,38024.62
106195,17,175,43,75,38089.81
106200,17,170,43,86,38139.38
106206,17,170,36,119,37970.69
106211,17,170,38,61,38156.88
106216,17,168,38,97,38038.06
106221,17,159,36,89,37990.06
106226,17,163,36,109,38148.06
106231,17,163,35,70,38048.88
106236,17,155,36,63,38019.00
106241,17,157,38,117,38104.12
106246,17,167,38,79,38133.81
106251,17,159,34,73,38043.00
106256,17,163,40,116,38149.31
106261,17,163,38,91,37980.19
106267,17,164,42,84,37999.69
106272,17,172,38,72,38147.50
106277,17,163,38,61,38005.56
106282,17,169,36,171,38131.06
106287,17,172,36,82,38027.69
106292,17,163,36,62,37973.44
106297,17,158,38,78,37843.44
106302,17,160,38,114,37947.00
106307,17,174,38,139,38060.06
106312,17,169,38,90,38007.88
106317,17,176,38,83,38214.00
106322,17,163,36,62,38063.19
106327,17,166,38,124,38140.69
106333,17,175,38,64,38178.88
106338,17,172,38,94,38169.88
106343,17,160,34,117,37999.44
106348,17,165,36,70,38067.56
106353,17,159,36,118,38119.25
106358,17,162,38,58,38238.94
106363,17,157,38,104,38061.19
106368,17,167,38,84,38098.31
106374,17,171,45,71,38075.62
106379,17,169,43,79,38195.94
106384,17,162,36,67,38095.75
106389,17,163,42,62,38179.69
106394,17,170,42,73,38333.69
106399,17,164,42,72,38313.50
106404,17,157,35,75,38043.00
106409,17,162,36,98,38219.62
106414,17,165,36,58,38151.75
106419,17,165,45,68,38357.06
106424,17,162,44,81,38044.94
106430,17,176,45,74,38269.50
106435,17,175,40,68,38246.12
106440,17,165,35,68,38249.88
106445,17,165,36,63,38265.19
106450,17,161,37,108,38356.25
106455,17,169,38,95,38408.94
106460,17,166,42,72,38212.25
106465,17,156,35,77,38024.50
106470,17,159,37,102,38382.75
106475,17,159,37,80,38217.06
106480,17,156,37,79,38372.75
106485,17,159,39,84,38121.94
106490,17,172,39,151,38257.38
106496,17,169,35,53,37993.56
106501,17,167,37,59,38281.81
106506,17,164,37,107,38110.69
106511,17,172,39,145,38413.88
106516,17,173,39,67,38326.00
106521,17,157,36,102,38176.44
106526,17,161,37,85,38237.94
106531,17,160,36,62,38359.44
106536,17,158,37,69,38412.75
106541,17,157,39,111,38344.81
106546,17,169,39,93,38492.25
106551,17,169,37,69,38300.38
106557,17,173,37,101,38293.31
106562,17,177,37,115,38494.31
106567,17,164,37,65,38345.12
106572,17,173,39,80,38302.19
106577,17,174,39,67,38314.19
106582,17,156,36,74,38350.56
106587,17,159,36,62,38138.56
106592,17,162,37,111,38357.69
106597,17,204,39,66,38266.44
106602,17,197,38,64,38124.75
106607,17,204,39,104,38217.19
106612,17,207,39,97,38352.69
106618,17,166,35,72,38211.06
106623,17,178,37,78,38371.12
106628,17,175,43,68,38276.88
106633,17,186,43,65,38392.44
106638,17,186,43,58,38404.19
106643,17,159,37,77,38202.06
106648,17,171,37,98,38350.69
106653,17,172,37,74,38540.94
106658,17,172,39,81,38557.56
106663,17,165,41,64,38338.31
106668,17,182,42,96,38262.94
106673,17,187,43,70,38423.94
106678,17,182,37,46,38504.12
106684,17,180,36,118,38616.88
106689,17,176,39,65,38516.50
106694,17,183,39,135,38531.50
106699,17,183,39,89,38447.25
106704,17,182,39,92,38519.38
106709,17,162,37,68,38347.94
106714,17,172,37,65,38400.56
106719,17,171,39,66,38568.81
106724,17,172,39,97,38689.56
106729,17,176,35,77,38466.44
106734,17,182,44,93,38482.75
106739,17,186,44,102,38606.94
106745,17,176,47,61,38465.25
106750,17,172,54,82,38671.88
106755,17,174,53,62,38472.31
106760,17,181,47,107,38627.88
106765,17,182,40,65,38620.81
106770,17,172,41,88,38625.25
106775,17,168,41,64,38435.62
106780,17,172,43,135,38599.75
106785,17,173,43,61,38493.62
106790,17,186,43,81,38522.00
106795,17,184,39,93,38387.62
106800,17,188,41,152,38545.62
106805,17,190,41,64,38479.50
106811,17,172,43,71,38376.06
106816,17,182,43,110,38543.94
106821,17,183,43,92,38544.38
106826,17,180,41,65,38374.00
106831,17,175,41,99,38795.12
106836,17,171,41,63,38617.69
106841,17,171,43,64,38637.00
106846,17,177,39,81,38418.75
106851,17,179,41,113,38699.62
106856,17,182,48,78,38611.50
106861,17,184,48,74,38451.00
106866,17,172,41,59,38308.12
106872,17,185,43,148,38530.94
106877,17,189,43,131,38559.75
106882,17,177,39,58,38417.69
106887,17,177,39,124,38599.31
106892,17,173,41,79,38495.00
106897,17,174,41,100,38517.50
106902,17,175,43,141,38777.75
106907,17,182,43,87,38653.19
106912,17,168,42,61,38447.56
106917,17,176,45,82,38547.88
106922,17,181,45,58,38577.88
106927,17,181,45,60,38496.81
106933,17,177,41,28,38445.94
106938,17,188,47,140,38549.19
106943,17,186,47,71,38689.06
106948,17,177,45,60,38548.62
106953,17,172,41,122,38498.56
106958,17,175,47,73,38621.00
106963,17,177,47,91,38628.94
106968,17,179,44,79,38430.94
106973,17,187,54,133,38809.19
106978,17,185,52,61,38681.88
106983,17,180,52,94,38643.06
106988,17,175,46,103,38051.38
106993,17,184,46,68,38150.25
106999,17,185,46,68,38175.00
107004,17,179,43,57,38264.19
107009,17,175,43,63,38036.69
107014,17,176,44,95,38156.19
107019,17,157,45,68,38144.88
107024,17,170,45,109,38283.50
107029,17,181,44,110,38200.06
107034,17,187,44,69,38268.81
107039,17,190,44,87,38355.00
107044,17,184,44,71,38168.62
107049,17,178,46,121,38337.38
107054,17,187,48,128,38369.94
107059,17,190,48,76,38327.75
107065,17,181,48,76,38311.44
107070,17,170,44,72,38151.25
107075,17,173,44,76,38244.12
107080,17,175,46,90,38323.88
107085,17,172,46,77,38328.19
107090,17,185,46,76,38654.62
107095,17,185,51,59,38551.94
107100,17,172,95,64,38676.00
107105,17,171,40,94,38421.19
107110,17,173,42,90,38425.69
107115,17,181,42,65,38380.00
107120,17,172,42,74,38249.12
107125,17,163,39,75,38048.56
107131,17,168,39,59,38262.38
107136,17,168,44,70,38236.94
107141,17,168,46,105,38316.56
107146,17,170,41,76,38027.75
107151,17,175,42,89,38287.31
107156,17,178,42,62,38350.81
107161,17,179,39,132,38498.81
107166,17,163,40,108,38190.69
107171,17,172,42,71,38206.88
107176,17,171,41,57,38103.19
107181,17,176,46,114,38378.75
107186,17,174,44,72,38319.06
107191,17,162,36,78,38156.81
107197,17,164,40,80,38135.81
107202,17,166,42,72,38267.56
107207,17,176,42,60,38225.31
107212,17,175,42,84,38167.94
107217,17,180,45,58,38253.94
107222,17,182,49,62,38337.56
107227,17,166,47,68,38256.44
107232,17,176,49,119,38410.81
107237,17,179,49,76,38408.94
107242,17,179,42,58,38320.31
107247,17,175,40,97,38316.12
107252,17,167,40,69,38524.06
107257,17,164,40,63,38388.69
107263,17,165,42,80,38447.94
107268,17,170,38,98,38089.94
107273,17,177,42,102,38197.31
107278,17,180,42,82,38230.81
107283,17,168,40,92,38326.38
107288,17,165,40,101,38070.88
107293,17,174,42,123,38168.44
107298,17,163,42,71,38066.38
107303,17,170,42,89,38305.38
107308,17,164,40,78,38080.81
107313,17,166,40,103,38349.19
107318,17,165,43,63,38265.31
107324,17,160,45,115,38126.88
107329,17,173,45,110,38197.00
107334,17,179,45,76,38187.44
107339,17,176,40,71,38216.62
107344,17,170,40,68,38115.19
107349,17,175,42,184,38254.56
107354,17,176,42,67,38125.25
107359,17,173,44,118,38365.44
107364,17,167,42,95,38533.44
107369,17,163,42,63,38353.88
107374,17,160,40,112,38299.75
107379,17,163,40,79,38466.38
107384,17,198,42,87,38387.12
107390,17,177,43,64,38117.94
107395,17,183,44,116,38068.25
107400,17,189,44,94,38300.19
107405,17,185,44,66,38176.75
107410,17,174,41,59,38291.69
107415,17,180,42,83,38100.00
107420,17,185,42,103,38211.06
107425,17,181,42,73,38255.81
107430,17,167,39,110,38398.81
107435,17,169,40,76,38325.19
107440,17,171,42,94,38391.06
107445,17,173,42,73,38468.62
107451,17,180,42,61,38363.69
107456,17,180,40,65,38222.12
107461,17,177,38,91,38324.31
107466,17,182,40,76,38300.88
107471,17,189,42,71,38322.06
107476,17,187,42,96,38371.56
107481,17,187,42,131,38189.56
107486,17,188,42,79,38170.50
107491,17,182,40,70,38295.31
107496,17,170,40,106,38297.81
107501,17,175,42,88,38501.88
107506,17,185,42,70,38325.38
107511,17,188,42,81,38326.12
107517,17,193,42,99,38482.56
107522,17,179,40,55,38320.81
107527,17,172,40,73,38090.50
107532,17,182,42,110,38230.94
107537,17,186,42,93,38218.69
107542,17,178,43,78,38235.75
107547,17,184,46,85,38289.31
107552,17,172,43,70,38243.81
107557,17,169,38,63,38189.31
107562,17,172,42,114,38359.62
107567,17,182,41,17,38199.12
107573,17,187,49,81,38409.44
107578,17,189,49,56,38394.75
107583,17,181,46,59,38320.88
107588,17,174,40,69,38186.69
107593,17,183,42,120,38321.81
107598,17,186,42,77,38281.19
107603,17,167,40,64,38066.69
107608,17,184,41,102,38155.94
107613,17,186,42,62,38267.69
107618,17,171,40,84,38273.69
107623,17,175,42,81,38486.44
107628,17,182,42,64,38416.44
107633,17,187,40,67,38279.81
107639,17,189,40,112,38416.81
107644,17,181,40,80,38315.75
107649,17,160,39,31,38104.88
107654,17,178,42,114,38350.31
107659,17,183,42,117,38337.44
107664,17,181,42,81,38303.25
107669,17,173,40,68,38143.38
107674,17,177,40,134,38327.88
107679,17,172,40,70,38350.06
107684,17,167,42,98,38181.44
107689,17,180,42,69,38322.94
107694,17,178,38,62,38231.81
107700,17,185,40,70,38470.31
107705,17,182,40,77,38280.69
107710,17,175,41,91,38215.50
107715,17,185,42,142,38362.06
107720,17,189,50,62,38400.31
107725,17,185,58,63,38506.81
107730,17,174,54,124,38388.25
107735,17,176,54,99,38425.81
107740,17,175,48,69,38375.50
107745,17,172,44,68,38337.44
107750,17,185,46,73,38556.69
107755,17,183,51,68,38425.38
107760,17,186,51,86,38473.94
107765,17,187,51,75,38538.00
107771,17,182,46,61,38343.75
107776,17,178,44,70,38063.31
107781,17,184,46,76,38075.38
107786,17,187,46,107,38269.50
107791,17,176,48,61,38390.12
107796,17,173,48,123,38231.31
107801,17,176,50,126,38421.94
107806,17,182,46,61,38427.75
107811,17,181,43,85,38400.75
107816,17,186,44,70,38390.81
107821,17,181,44,114,38406.94
107826,17,184,44,70,38315.06
107831,17,190,46,68,38420.06
107837,17,180,46,71,38269.62
107842,17,185,46,154,38472.38
107847,17,186,46,99,38425.00
107852,17,175,41,56,38355.00
107857,17,173,44,68,38462.31
107862,17,173,46,66,38348.12
107867,17,184,46,143,38471.12
107872,17,188,46,84,38438.06
107877,17,184,46,130,38425.06
107882,17,188,46,97,38629.56
107887,17,181,44,64,38458.56
107892,17,184,46,62,38396.44
107898,17,188,46,100,38527.88
107903,17,189,46,83,38544.94
107908,17,178,42,74,38297.94
107913,17,172,44,101,38353.75
107918,17,176,44,108,38483.88
107923,17,179,46,66,38427.31
107928,17,186,46,72,38516.00
107933,17,189,49,119,38241.31
107938,17,192,53,109,38300.00
107943,17,193,53,78,38354.69
107948,17,175,50,73,38304.62
107953,17,180,46,63,38369.12
107958,17,183,44,111,38376.44
107964,17,185,46,113,38585.31
107969,17,170,44,66,38410.44
107974,17,166,42,68,38245.25
107979,17,172,44,95,38457.44
107984,17,174,46,104,38510.88
107989,17,184,46,71,38414.19
107994,17,184,51,70,38472.38
107999,17,188,51,90,38346.38
108004,17,190,51,90,38457.94
108009,17,188,51,87,38423.88
108014,17,185,46,61,38539.62
108019,17,188,46,86,38659.50
108025,17,180,44,66,38546.38
108030,17,170,43,134,38477.19
108035,17,174,44,118,38572.56
108040,17,176,44,80,38611.56
108045,17,174,46,85,38561.38
108050,17,183,46,79,38403.56
108055,17,188,46,135,38459.44
108060,17,191,50,71,38505.69
108065,17,188,48,84,38430.50
108070,17,178,50,132,38365.56
108075,17,187,50,152,38403.38
108081,17,190,50,113,38484.69
108086,17,183,45,82,38329.19
108091,17,173,44,100,38540.94
108096,17,173,44,80,38468.00
108101,17,174,46,72,38494.38
108106,17,185,46,74,38530.00
108111,17,186,46,92,38446.88
108116,17,186,44,78,38269.81
108121,17,189,44,122,38421.38
108126,17,183,44,70,38502.38
108131,17,187,46,94,38672.00
108136,17,184,46,73,38381.12
108142,17,187,46,56,38541.56
108147,17,180,46,120,38587.19
108152,17,171,43,66,38632.69
108157,17,172,43,91,38526.50
108162,17,175,46,89,38650.06
108167,17,182,45,66,38361.06
108172,17,184,46,100,38627.50
108177,17,185,53,80,38599.12
108182,17,179,50,61,38598.44
108187,17,177,44,80,38549.19
108192,17,186,46,90,38750.88
108197,17,188,46,68,38562.44
108203,17,172,44,68,38603.44
108208,17,178,44,83,38461.62
108213,17,179,44,67,38615.56
108218,17,166,47,49,38406.12
108223,17,172,49,73,38613.94
108228,17,184,43,125,38750.00
108233,17,189,46,61,38862.19
108238,17,176,44,108,38777.81
108243,17,174,43,63,38604.25
108248,17,177,44,87,38615.50
108253,17,185,46,62,38671.38
108258,17,182,49,73,38547.81
108264,17,178,48,107,38589.62
108269,17,181,49,112,38656.94
108274,17,169,44,73,38748.69
108279,17,166,43,50,38714.75
108284,17,173,46,61,39019.81
108289,17,187,46,319,39168.88
108294,17,182,41,71,38704.75
108299,17,188,44,68,38828.31
108304,17,175,43,71,38720.62
108309,17,157,39,62,38533.00
108314,17,173,42,104,38641.50
108319,17,173,46,64,38685.56
108325,17,175,46,120,38837.69
108330,17,169,46,63,38784.31
108335,17,163,39,78,38488.56
108340,17,165,40,112,38725.81
108345,17,166,42,77,38723.62
108350,17,173,42,73,38770.62
108355,17,176,42,89,38790.38
108360,17,170,39,111,38745.44
108365,17,168,39,103,38662.38
108370,17,175,40,76,38770.44
108375,17,179,42,71,38712.69
108380,17,163,39,92,38502.75
108385,17,170,39,58,38644.00
108391,17,172,40,87,38781.38
108396,17,169,40,74,38703.69
108401,17,161,39,89,38630.38
108406,17,167,42,57,38530.50
108411,17,180,42,73,38632.31
108416,17,182,42,91,38661.94
108421,17,172,40,123,38766.88
108426,17,175,40,68,38776.38
108431,17,178,40,66,38731.25
108436,17,177,42,46,38556.25
108441,17,181,42,73,38763.69
108446,17,171,40,78,38820.69
108451,17,165,39,57,38896.69
108457,17,160,39,58,38450.25
108462,17,165,42,58,38669.94
108467,17,175,42,89,38722.88
108472,17,174,40,77,38854.62
108477,17,177,40,87,38584.75
108482,17,181,40,82,38708.06
108487,17,182,40,75,38647.75
108492,17,174,42,103,38694.44
108497,17,170,42,108,38582.69
108502,17,173,42,91,38793.06
108507,17,175,42,97,38754.06
108512,17,160,39,70,38659.06
108518,17,162,40,63,38824.56
108523,17,166,42,104,38905.75
108528,17,176,42,56,38745.12
108533,17,177,40,72,38580.44
108538,17,182,42,92,38720.06
108543,17,181,40,67,38752.50
108548,17,166,40,112,38840.81
108553,17,169,46,71,39946.06
108558,17,178,42,71,39612.81
108563,17,165,36,69,38873.31
108569,17,173,40,134,38808.06
108574,17,166,40,61,38690.19
108579,17,163,38,72,38557.75
108584,17,167,42,96,38603.00
108589,17,178,46,62,39273.56
108595,17,181,46,63,38915.75
108600,17,179,44,56,38891.69
108605,17,168,40,62,39757.81
108610,17,168,38,66,39761.12
108615,17,176,42,69,39582.25
108620,17,171,40,58,39988.12
108626,17,167,40,65,39994.69
108631,17,164,40,107,39822.25
108636,17,163,39,62,39635.56
108641,17,165,40,131,40045.12
108646,17,174,42,67,39127.62
108651,17,175,42,130,39265.62
108656,17,165,46,81,39222.12
108661,17,173,46,81,39117.88
108666,17,176,47,67,39158.81
108671,17,174,40,87,39432.88
108676,17,178,42,66,39251.50
108681,17,180,42,78,39445.38
108687,17,169,39,75,39124.31
108692,17,172,40,121,39417.81
108697,17,164,40,100,39492.69
108702,17,156,40,56,39033.75
108707,17,176,42,88,39201.00
108712,17,179,42,101,39132.19
108717,17,183,42,143,39268.81
108722,17,169,40,69,39032.44
108727,17,173,40,88,39180.62
108732,17,181,42,78,39222.06
108737,17,172,41,77,39058.19
108742,17,171,40,82,39276.06
108747,17,170,40,141,39481.12
108753,17,170,44,72,39463.56
108758,17,167,43,58,39295.44
108763,17,157,46,56,39214.50
108768,17,174,42,98,39189.31
108773,17,178,49,79,39346.38
108778,17,180,47,60,39255.94
108783,17,176,47,72,39297.50
108788,17,175,47,117,39172.44
108793,17,181,49,72,39159.31
108798,17,177,41,74,39237.12
108803,17,181,42,65,39446.12
108808,17,178,42,56,39361.25
108814,17,168,42,103,39345.06
108819,17,169,42,63,39366.31
108824,17,169,44,59,39421.69
108829,17,178,40,59,39321.50
108834,17,166,40,104,39214.06
108839,17,177,40,67,39369.75
108844,17,176,40,92,39342.62
108849,17,169,40,90,39149.81
108854,17,179,42,91,39159.00
108859,17,183,42,136,39282.62
108864,17,171,39,107,39285.62
108869,17,159,40,78,39164.88
108875,17,168,40,109,39449.81
108880,17,167,38,79,39402.94
108885,17,159,42,110,39233.38
108890,17,176,42,115,39327.50
108895,17,179,49,56,39262.38
108900,17,166,47,15,39258.44
108905,17,173,47,102,39250.69
108910,17,178,47,171,39441.25
108915,17,177,40,71,39306.81
108920,17,180,40,62,39493.31
108925,17,180,42,65,39531.25
108930,17,168,40,65,39364.38
108936,17,171,40,80,39412.31
108941,17,172,40,71,39487.31
108946,17,177,40,59,39363.00
108951,17,176,38,68,39170.69
108956,17,181,40,60,39162.00
108961,17,184,40,66,39313.38
108966,17,171,40,66,39319.56
108971,17,171,40,105,39223.56
108976,17,177,42,94,39441.44
108981,17,177,42,67,39405.69
108986,17,165,39,68,39009.75
108991,17,165,40,61,39377.50
108996,17,163,40,64,39267.25
109002,17,167,44,108,39409.56
109007,17,178,46,80,39462.62
109012,17,176,42,85,39332.88
109017,17,169,43,62,39014.88
109022,17,176,47,98,39304.62
109027,17,180,47,108,39283.56
109032,17,183,45,70,39383.38
109037,17,179,42,108,39177.94
109042,17,184,42,113,39395.19
109047,17,179,42,72,39300.69
109052,17,172,40,62,39563.62
109057,17,166,40,84,39473.38
109062,17,168,40,66,39468.62
109068,17,178,42,104,39261.12
109073,17,184,42,130,39528.75
109078,17,183,42,74,39360.62
109083,17,167,39,94,39092.12
109088,17,171,40,72,39185.62
109093,17,179,42,104,39337.69
109098,17,175,42,64,39348.12
109103,17,179,42,82,39428.38
109108,17,181,46,164,39443.62
109113,17,156,40,76,39288.62
109118,17,165,46,70,39449.00
109123,17,162,48,121,39343.94
109128,17,175,48,103,39486.25
109133,17,180,45,77,39534.44
109139,17,168,47,77,39248.50
109144,17,173,47,62,39350.88
109149,17,177,47,96,39484.00
109154,17,180,42,64,39376.75
109159,17,165,42,96,39175.94
109164,17,174,44,81,39402.50
109169,17,173,44,75,39321.94
109174,17,159,38,116,39343.62
109179,17,170,40,58,39548.75
109184,17,171,42,79,39494.56
109189,17,175,40,144,39458.12
109194,17,184,42,112,39574.00
109199,17,169,40,51,39369.12
109205,17,166,40,120,39144.62
109210,17,171,40,104,39336.44
109215,17,178,42,73,39335.25
109220,17,173,41,70,39226.38
109225,17,176,42,104,39418.94
109230,17,172,42,63,39476.12
109235,17,159,43,68,39278.19
109240,17,165,44,64,39527.62
109245,17,162,42,74,39375.69
109250,17,175,42,54,39515.50
109255,17,179,42,67,39490.81
109260,17,167,43,114,39406.94
109265,17,172,44,86,39520.38
109271,17,182,44,60,39484.75
109276,17,182,42,66,39556.69
109281,17,181,42,106,39344.69
109286,17,185,42,76,39463.38
109291,17,163,39,86,39664.69
109296,17,164,40,74,39574.50
109301,17,167,40,69,39669.12
109306,17,178,42,64,39520.25
109311,17,183,42,69,39681.88
109316,17,187,42,81,39668.88
109321,17,165,39,61,39414.81
109326,17,169,39,70,39490.88
109331,17,180,40,83,39610.81
109337,17,182,42,81,39529.94
109342,17,175,40,65,39485.12
109347,17,178,42,162,39729.38
109352,17,172,40,66,39723.00
109357,17,169,40,61,39563.88
109362,17,165,40,25,39405.56
109367,17,181,42,97,39697.94
109372,17,180,40,83,39664.75
109377,17,172,47,66,39581.69
109382,17,179,47,63,39765.06
109387,17,179,47,71,39634.19
109393,17,172,42,76,39577.62
109398,17,178,42,97,39653.25
109403,17,181,42,57,39781.38
109408,17,175,42,71,39640.94
109413,17,157,38,116,39655.06
109418,17,169,40,62,39617.88
109423,17,172,42,78,39725.75
109428,17,179,41,75,39826.88
109433,17,168,37,64,40122.62
109438,17,174,43,75,40343.88
109443,17,175,43,65,40399.19
109448,17,168,40,64,40194.25
109453,17,173,41,99,40266.19
109459,17,175,42,64,40209.94
109464,17,176,42,71,40229.56
109469,17,155,39,73,39849.56
109474,17,163,40,74,40124.38
109479,17,162,45,97,40212.25
109484,17,168,42,126,40187.00
109489,17,163,38,66,39970.75
109494,17,171,41,85,39884.06
109499,17,175,42,69,39925.19
109504,17,175,40,68,39812.31
109509,17,156,36,107,39827.06
109514,17,170,42,70,39824.88
109519,17,171,41,109,39786.62
109525,17,173,42,100,39978.06
109530,17,165,40,72,39855.12
109535,17,147,38,75,39540.44
109540,17,158,39,100,39623.44
109545,17,160,41,60,39772.12
109550,17,173,41,93,39744.06
109555,17,171,46,96,39774.00
109560,17,176,46,86,39863.06
109565,17,172,46,56,39791.19
109570,17,168,40,75,39809.69
109575,17,174,42,75,39980.31
109580,17,166,42,72,39870.25
109586,17,162,39,34,39738.44
109591,17,165,40,67,39958.56
109596,17,161,40,70,39853.50
109601,17,152,37,77,39706.75
109606,17,156,41,78,39848.06
109611,17,169,41,112,39886.56
109616,17,171,41,77,39799.12
109621,17,163,39,70,39656.00
109626,17,166,40,85,39669.00
109631,17,175,40,72,39759.50
109636,17,166,40,64,39632.38
109641,17,169,39,71,39841.81
109647,17,159,39,67,39778.38
109652,17,161,40,73,40029.06
109657,17,159,38,89,39953.88
109662,17,158,39,75,40007.62
109667,17,164,41,66,39701.94
109672,17,170,41,62,39853.88
109677,17,175,41,75,39925.31
109682,17,168,40,91,39813.25
109687,17,167,40,74,39692.94
109692,17,174,40,85,39785.50
109697,17,177,42,68,39858.94
109702,17,167,40,65,39950.19
109707,17,161,39,115,39869.38
109713,17,160,39,60,40070.31
109718,17,159,39,71,39945.69
109723,17,155,39,29,39918.06
109728,17,169,41,116,40107.62
109733,17,172,41,66,39995.38
109738,17,159,42,45,39810.75
109743,17,165,43,97,39952.56
109748,17,168,43,78,39893.31
109753,17,171,43,84,39879.00
109758,17,165,45,72,39683.62
109763,17,169,45,115,39931.69
109768,17,170,45,78,39816.06
109773,17,146,37,94,39792.38
109779,17,158,39,55,39976.88
109784,17,156,38,83,39868.69
109789,17,169,41,128,40083.75
109794,17,171,48,77,39977.88
109799,17,155,46,63,39646.62
109804,17,164,46,124,39796.00
109809,17,168,46,76,39820.62
109814,17,172,41,89,40035.75
109819,17,169,45,82,39812.06
109824,17,173,45,135,40105.75
109829,17,158,43,70,39988.12
109835,17,159,39,97,40087.94
109840,17,158,39,69,40072.75
109845,17,151,36,81,39945.31
109850,17,169,41,66,40153.25
109855,17,171,41,76,40065.62
109860,17,154,38,84,39776.62
109865,17,163,40,113,40009.56
109870,17,168,40,120,40003.69
109875,17,170,41,72,39922.50
109880,17,167,41,85,39874.94
109885,17,175,41,70,39930.31
109890,17,176,41,114,40063.31
109895,17,160,39,67,39805.19
109901,17,161,39,80,39985.62
109906,17,167,41,100,39869.31
109911,17,175,41,86,40083.81
109916,17,178,41,117,40124.81
109921,17,162,40,72,39932.19
109926,17,159,39,72,39846.56
109931,17,164,39,96,39891.44
109936,17,167,41,110,39995.50
109941,17,167,39,65,40100.12
109946,17,160,40,107,39944.69
109951,17,162,40,74,40178.56
109956,17,160,40,64,40132.38
109962,17,160,39,70,40174.50
109967,17,167,40,95,40127.38
109972,17,169,42,70,40238.00
109977,17,203,48,104,40113.75
109982,17,204,46,122,40212.38
109987,17,198,46,76,40152.94
109992,17,179,39,62,39986.31
109997,17,179,39,63,39966.44
110002,17,183,45,94,40217.25
110007,17,174,45,69,40041.06
110012,17,167,41,61,40139.94
110017,17,168,42,85,39986.38
110023,17,171,42,114,40129.56
110028,17,177,48,65,40071.88
110033,17,180,43,71,40211.50
110038,17,172,40,94,40163.75
110043,17,179,40,109,40296.94
110048,17,180,40,65,40193.00
110053,17,180,40,70,40112.69
110058,17,175,43,84,40088.94
110063,17,181,44,83,40385.25
110068,17,174,44,85,40251.56
110073,17,175,40,97,40274.88
110078,17,163,36,73,40133.69
110084,17,174,40,115,40113.00
110089,17,185,42,132,40162.19
110094,17,179,41,78,40196.12
110099,17,184,42,65,40233.12
110104,17,173,40,101,40276.31
110109,17,170,40,131,40210.69
110114,17,181,40,102,40353.06
110119,17,182,42,64,40262.31
110124,17,167,39,68,40156.12
110129,17,169,40,96,40200.06
110134,17,171,40,112,40283.69
110139,17,169,40,73,40259.94
110145,17,159,36,91,40072.56
110150,17,180,42,82,40121.25
110155,17,186,42,69,40244.12
110160,17,166,35,101,40098.88
110165,17,177,40,99,40190.50
110170,17,174,40,121,40113.75
110175,17,184,42,80,40219.06
110180,17,180,45,65,40217.25
110185,17,167,43,67,40270.62
110190,17,200,39,77,40376.12
110195,17,202,40,101,40407.19
110200,17,198,40,60,40288.88
110205,17,169,42,68,40345.62
110210,17,182,42,81,40146.38
110216,17,188,42,117,40222.81
110221,17,190,45,74,40210.19
110226,17,170,42,104,40245.81
110231,17,186,43,119,40423.44
110236,17,187,42,69,40372.75
110241,17,188,42,93,40258.62
110246,17,191,42,86,40548.44
110251,17,173,40,59,40540.50
110256,17,171,40,68,40547.81
110261,17,169,40,86,40329.00
110266,17,215,42,76,40454.31
110271,17,215,42,70,40338.69
110276,17,215,42,78,40494.19
110281,17,189,40,92,40270.31
110287,17,190,40,134,40332.50
110292,17,180,37,65,40159.06
110297,17,187,42,72,40284.81
110302,17,190,42,208,40516.44
110307,17,191,41,80,40357.38
110312,17,181,40,63,40402.00
110317,17,175,40,76,40226.12
110322,17,179,40,85,40447.81
110327,17,188,42,71,40394.94
110332,17,188,45,72,40458.69
110337,17,191,48,98,40222.06
110342,17,194,48,104,40396.06
110347,17,181,36,68,40243.75
110353,17,195,40,116,40625.25
110358,17,193,42,65,40447.69
110363,17,183,40,50,40381.94
110368,17,186,42,62,40409.50
110373,17,181,40,63,40426.81
110378,17,178,38,123,40351.44
110383,17,183,40,123,40507.81
110388,17,188,40,82,40384.00
110393,17,178,41,62,40499.25
110398,17,183,44,94,40459.25
110403,17,188,44,74,40467.31
110408,17,181,38,69,40303.19
110413,17,189,40,67,40522.00
110419,17,187,42,76,40436.56
110424,17,187,42,119,40698.31
110429,17,182,40,74,40452.56
110434,17,167,35,106,40348.44
110439,17,179,40,83,40445.81
110444,17,183,40,80,40481.00
110449,17,195,42,53,40488.94
110454,17,193,48,106,40419.00
110459,17,197,48,108,40526.12
110464,17,197,48,95,40510.81
110469,17,174,37,29,40362.50
110474,17,196,40,87,40600.12
110479,17,193,42,91,40466.69
110485,17,194,42,87,40673.12
110490,17,187,42,75,40628.25
110495,17,183,43,58,40660.88
110500,17,174,55,92,40429.62
110505,17,181,62,109,40673.62
110510,17,193,58,76,40662.50
110515,17,198,56,67,40658.88
110520,17,188,49,76,40465.94
110525,17,192,49,141,40523.25
110530,17,196,49,122,40597.62
110535,17,184,47,61,40416.88
110540,17,188,47,80,40580.06
110545,17,185,47,123,40699.88
110551,17,184,45,65,40854.75
110556,17,182,45,79,40897.69
110561,17,183,45,80,40806.31
110566,17,177,47,60,40397.38
110571,17,190,48,115,40522.12
110576,17,193,56,71,40680.19
110581,17,194,56,76,40642.00
110586,17,180,45,56,40475.50
110591,17,191,45,71,40449.56
110596,17,194,51,219,40690.62
110601,17,196,51,99,40629.50
110606,17,189,50,83,40623.81
110611,17,185,45,70,40712.69
110617,17,183,45,62,40543.12
110622,17,185,45,69,40704.75
110627,17,193,47,92,40739.19
110632,17,177,42,47,40386.69
110637,17,184,44,108,40567.69
110642,17,197,45,90,40734.19
110647,17,197,45,63,40559.38
110652,17,199,45,76,40482.38
110657,17,201,47,115,40612.81
110662,17,194,47,84,40595.94
110667,17,183,44,100,40364.25
110672,17,177,45,62,40679.00
110678,17,178,45,99,40718.25
110683,17,187,45,70,40772.56
110688,17,197,46,70,40931.25
110693,17,193,53,70,40728.88
110698,17,200,117,76,41168.31
110703,17,194,52,179,41024.75
110708,17,197,52,89,40922.56
110713,17,173,43,27,40714.31
110718,17,189,47,82,40697.00
110723,17,191,47,87,40817.12
110728,17,185,47,69,40665.31
110733,17,177,45,72,40820.44
110738,17,180,45,65,40812.31
110744,17,183,44,80,40807.94
110749,17,193,47,152,40816.94
110754,17,197,47,60,40887.06
110759,17,196,46,91,40760.94
110764,17,178,45,78,40471.62
110769,17,183,45,117,40559.12
110774,17,191,45,92,40564.44
110779,17,189,47,63,40705.50
110784,17,183,47,84,40637.94
110789,17,187,47,111,40676.69
110794,17,187,45,64,40531.50
110799,17,178,45,71,40659.56
110805,17,176,45,66,40610.56
110810,17,192,47,111,40561.50
110815,17,196,47,70,40678.75
110820,17,187,52,61,40596.56
110825,17,176,45,82,40452.00
110830,17,182,45,67,40540.62
110835,17,192,45,93,40578.00
110840,17,186,51,79,40477.25
110845,17,196,51,62,40536.81
110850,17,197,51,107,40720.50
110855,17,181,44,66,40656.56
110860,17,176,44,93,40561.75
110865,17,179,47,109,40726.25
110871,17,193,47,62,40636.62
110876,17,197,47,93,40547.44
110881,17,201,47,102,40717.56
110886,17,193,45,60,40644.00
110891,17,179,45,60,40392.75
110896,17,187,47,89,40576.25
110901,17,192,47,118,40667.25
110906,17,190,47,66,40564.38
110911,17,184,45,75,40505.50
110916,17,187,48,98,40608.56
110921,17,188,48,75,40663.44
110926,17,187,49,113,40573.81
110931,17,188,47,94,40562.75
110937,17,184,45,82,40630.56
110942,17,191,45,70,40743.06
110947,17,189,44,69,40594.94
110952,17,188,45,72,40513.19
110957,17,191,50,81,40598.75
110962,17,195,50,60,40715.94
110967,17,196,50,80,40550.12
110972,17,181,45,101,40517.00
110977,17,184,45,95,40584.00
110982,17,186,45,76,40610.44
110987,17,191,46,57,40481.88
110992,17,195,47,113,40828.25
110998,17,195,47,61,40744.81
111003,17,189,44,61,40736.56
111008,17,185,44,92,40530.69
111013,17,193,49,66,40766.62
111018,17,189,50,88,40818.25
111023,17,189,47,84,40792.06
111028,17,180,44,68,40512.94
111033,17,183,45,119,40730.75
111038,17,183,45,67,40673.25
111043,17,183,49,101,40727.25
111048,17,189,51,96,40450.62
111053,17,195,51,123,40646.81
111058,17,198,51,68,40647.75
111064,17,178,43,65,40647.69
111069,17,183,45,123,40592.00
111074,17,192,45,81,40626.50
111079,17,194,47,103,40561.62
111084,17,197,47,78,40797.06
111089,17,187,47,74,40680.94
111094,17,175,43,72,40505.38
111099,17,179,43,102,40566.38
111104,17,182,45,85,40657.50
111109,17,197,47,84,40610.06
111114,17,200,47,83,40727.25
111119,17,200,47,66,40463.31
111125,17,201,47,61,40515.25
111130,17,196,47,60,40544.19
111135,17,180,43,88,40521.94
111140,17,194,47,130,40728.25
111145,17,183,47,66,40813.25
111150,17,183,45,69,40815.00
111155,17,181,45,107,40771.25
111160,17,181,45,65,40810.06
111165,17,180,45,92,40720.25
111170,17,188,47,53,40633.56
111175,17,181,47,63,40576.50
111181,17,189,47,105,40672.62
111186,17,190,47,65,40681.56
111191,17,197,47,61,40712.50
111196,17,187,40,101,40483.25
111201,17,194,42,115,40500.56
111206,17,196,42,70,40644.19
111211,17,176,38,105,40507.06
111216,17,181,40,71,40641.69
111221,17,178,40,66,40540.69
111226,17,190,42,79,40639.06
111231,17,193,42,75,40618.44
111237,17,181,40,37,40298.56
111242,17,188,40,95,40563.62
111247,17,190,40,78,40559.00
111252,17,192,40,76,40490.19
111257,17,184,46,30,40363.44
111262,17,188,46,88,40525.00
111267,17,190,46,72,40539.75
111272,17,178,40,116,40702.06
111277,17,178,38,96,40584.75
111282,17,181,40,64,40726.88
111287,17,190,42,98,40619.00
111292,17,191,42,83,40741.31
111297,17,195,42,64,40759.50
111303,17,187,40,74,40781.31
111308,17,182,38,73,40426.81
111313,17,193,40,85,40513.12
111318,17,196,46,102,40572.56
111323,17,181,43,63,40579.31
111328,17,187,46,115,40567.75
111333,17,189,46,80,40633.25
111338,17,180,40,106,40641.00
111343,17,176,39,103,40629.69
111348,17,191,42,65,40505.75
111353,17,195,49,85,40739.56
111358,17,197,48,68,40698.31
111363,17,187,47,88,40748.56
111369,17,178,40,88,40528.00
111374,17,189,40,100,40674.31
111379,17,192,42,81,40619.69
111384,17,193,42,111,40631.62
111389,17,179,38,78,40303.19
111394,17,182,40,114,40552.81
111399,17,184,40,62,40623.94
111404,17,183,40,74,40520.62
111409,17,190,42,83,40457.06
111414,17,195,42,70,40644.31
111419,17,219,42,75,40557.81
111424,17,203,39,68,40360.38
111429,17,206,40,70,40531.56
111435,17,206,40,74,40667.56
111440,17,191,42,117,40630.94
111445,17,172,38,62,40276.62
111450,17,183,40,81,38073.56
111455,17,185,40,106,38244.69
111460,17,185,40,74,38122.25
111465,17,185,40,63,38118.50
111470,17,190,42,60,38006.25
111475,17,196,42,109,38133.81
111480,17,198,42,97,38213.88
111485,17,198,42,64,38066.62
111490,17,180,40,78,38047.50
111496,17,189,39,75,38134.69
111501,17,189,46,102,38107.94
111506,17,194,46,117,38398.88
111511,17,184,39,71,38271.50
111516,17,180,40,72,38239.19
111521,17,179,39,94,37981.00
111526,17,191,40,71,38072.94
111531,17,195,42,81,38124.19
111536,17,198,49,65,38104.50
111541,17,188,46,81,37985.12
111546,17,189,47,139,38110.69
111551,17,195,47,128,38217.50
111557,17,190,42,61,38084.31
111562,17,192,42,191,38453.31
111567,17,186,42,67,38241.00
111572,17,179,40,87,38277.06
111577,17,182,40,92,38375.81
111582,17,180,40,71,38258.81
111587,17,190,42,108,38293.62
111592,17,191,41,87,38051.31
111597,17,196,49,64,38209.75
111602,17,191,47,69,38134.62
111607,17,191,46,69,38227.00
111612,17,193,40,96,38000.81
111618,17,196,40,64,38049.69
111623,17,191,42,70,38161.75
111628,17,181,40,128,38194.44
111633,17,176,39,66,38058.12
111638,17,180,40,82,38217.25
111643,17,180,38,83,38293.62
111648,17,189,41,70,38227.19
111653,17,192,46,105,38200.44
111658,17,194,46,99,38283.00
111663,17,189,44,70,38160.69
111668,17,190,40,63,38250.25
111673,17,196,39,65,38043.44
111679,17,199,42,88,38131.75
111684,17,199,42,87,38178.38
111689,17,183,41,100,38063.44
111694,17,183,40,77,38330.19
111699,17,181,40,69,38239.88
111704,17,180,40,73,38283.12
111709,17,193,42,97,38181.75
111714,17,198,42,79,38318.88
111719,17,194,42,66,38175.06
111724,17,177,39,96,37979.06
111729,17,182,40,79,38060.94
111734,17,192,40,91,38186.00
111740,17,193,42,76,38040.81
111745,17,189,40,91,38085.94
111750,17,191,42,138,38228.81
111755,17,182,40,75,38216.75
111760,17,182,40,64,38167.31
111765,17,179,39,116,38054.19
111770,17,186,42,69,38218.69
111775,17,191,48,85,38073.31
111780,17,195,48,74,38179.69
111785,17,191,47,104,38252.38
111790,17,176,40,79,37899.62
111795,17,190,40,120,38157.00
111800,17,188,41,58,38223.38
111806,17,185,41,90,38125.19
111811,17,172,44,73,38134.25
111816,17,185,46,119,38362.38
111821,17,179,41,68,38195.88
111826,17,185,43,95,38214.88
111831,17,192,45,75,38368.62
111836,17,183,40,64,38019.56
111841,17,189,42,90,38138.25
111846,17,188,40,84,38182.69
111851,17,193,40,65,38047.31
111856,17,186,42,81,37798.56
111861,17,192,44,101,38008.56
111866,17,175,38,92,37911.69
111872,17,178,40,78,38104.44
111877,17,178,40,112,38061.50
111882,17,182,40,123,38266.69
111887,17,186,44,92,37856.75
111892,17,188,46,96,38018.44
111897,17,192,46,89,38126.38
111902,17,182,42,79,38177.94
111907,17,182,44,79,38200.38
111912,17,186,39,73,38155.12
111917,17,188,38,78,38121.06
111922,17,192,42,97,38393.44
111927,17,180,42,60,38070.00
111933,17,180,40,68,38425.69
111938,17,184,70,69,38658.44
111943,17,184,40,293,38763.69
111948,17,160,42,63,38208.19
111953,17,166,42,59,37601.56
111958,17,154,40,87,37655.12
111963,17,162,40,81,37661.88
111968,17,161,40,64,37532.81
111973,17,170,40,85,37686.19
111978,17,167,42,100,37379.62
111983,17,151,42,64,37533.38
111988,17,156,41,71,37453.50
111993,17,144,40,71,37561.81
111999,17,151,40,64,37859.19
112004,17,151,40,74,37722.00
112009,17,166,42,62,37679.62
112014,17,172,42,93,37679.75
112019,17,170,42,67,37496.88
112024,17,173,42,99,37621.12
112029,17,164,44,73,37573.62
112034,17,166,44,79,37478.94
112039,17,168,45,82,37327.81
112044,17,151,37,59,37427.56
112049,17,154,40,88,37601.38
112054,17,149,40,25,37427.56
112060,17,156,43,110,37635.38
112065,17,150,40,87,37272.62
112070,17,165,42,67,37465.69
112075,17,169,42,114,37419.38
112080,17,172,42,63,37476.12
112085,17,160,40,91,37693.44
112090,17,158,40,57,37490.62
112095,17,164,39,91,37622.38
112100,17,163,42,92,37337.44
112105,17,166,42,74,37436.88
112110,17,155,38,106,37455.38
112115,17,147,37,62,37657.88
112121,17,156,40,80,37591.38
112126,17,154,39,87,37587.69
112131,17,159,41,60,37445.38
112136,17,167,41,101,37483.38
112141,17,163,40,95,37675.44
112146,17,148,39,71,37581.38
112151,17,162,40,70,37641.12
112156,17,165,40,83,37742.69
112161,17,156,43,64,37500.56
112166,17,160,45,101,37555.25
112171,17,162,45,66,37746.38
112176,17,156,40,87,37666.00
112182,17,154,40,60,37556.94
112187,17,156,36,64,37469.81
112192,17,164,39,79,37760.69
112197,17,160,39,57,37762.94
112202,17,163,36,103,37919.94
112207,17,145,37,56,37669.75
112212,17,158,40,115,37567.06
112217,17,184,37,83,37662.31
112222,17,189,39,90,37752.19
112227,17,160,38,73,37617.94
112232,17,165,37,74,37977.06
112237,17,162,37,94,37862.75
112243,17,162,37,124,37966.25
112248,17,170,39,72,37985.50
112253,17,161,44,82,37554.62
112258,17,163,44,81,37680.38
112263,17,168,44,59,37737.81
112268,17,169,44,86,37646.38
112273,17,165,36,107,37477.50
112278,17,171,38,96,37671.50
112283,17,152,37,64,37737.62
112288,17,148,36,97,37613.75
112293,17,153,36,70,37859.44
112299,17,139,37,90,37421.25
112304,17,148,40,80,37687.81
112309,17,161,38,65,37731.88
112314,17,166,38,83,37841.44
112319,17,165,39,113,37837.25
112324,17,160,40,69,38014.94
112329,17,149,34,111,37828.38
112334,17,148,34,67,37919.88
112339,17,161,36,65,37640.56
112344,17,156,37,81,38013.19
112349,17,158,37,99,37906.56
112354,17,151,34,79,37984.44
112360,17,147,35,64,37748.19
112365,17,151,35,106,37555.62
112370,17,161,35,80,37634.44
112375,17,165,45,61,37737.94
112380,17,160,43,76,37694.12
112385,17,163,43,111,37915.06
112390,17,148,34,96,37515.12
112395,17,151,35,62,37552.19
112400,17,159,38,75,37729.00
112405,17,141,34,72,37796.50
112410,17,151,38,58,37964.88
112416,17,147,39,93,37795.69
112421,17,149,39,104,37957.00
112426,17,148,36,89,37554.38
112431,17,155,38,108,37800.69
112436,17,161,38,69,37780.06
112441,17,162,38,75,37690.81
112446,17,144,39,103,37558.56
112451,17,149,39,71,37796.12
112456,17,138,34,58,37705.31
112461,17,147,36,57,37752.75
112466,17,145,37,65,37506.38
112473,17,147,35,93,37916.94
112479,17,136,39,69,37366.38
112484,17,146,39,69,37725.81
112489,17,157,37,69,37606.25
112494,17,161,44,65,37548.06
112499,17,160,44,66,37544.75
112504,17,153,42,70,37676.75
112509,17,143,33,101,37320.62
112514,17,148,35,67,37449.69
112519,17,158,37,108,37308.81
112524,17,140,34,64,37426.06
112529,17,145,39,39,37308.56
112534,17,139,39,63,37390.38
112540,17,146,35,102,37515.38
112545,17,145,35,64,37354.69
112550,17,154,37,103,37412.62
112555,17,139,33,79,37391.38
112560,17,148,35,106,37343.44
112565,17,144,33,93,37380.69
112570,17,145,35,112,37346.44
112575,17,123,32,65,36670.31
112580,17,133,33,54,37008.81
112585,17,147,37,101,37192.56
112590,17,147,35,61,37503.88
112596,17,146,35,62,37767.56
112601,17,148,35,84,37760.19
112606,17,152,35,70,37728.75
112611,17,162,37,65,37702.75
112616,17,166,37,66,37654.75
112621,17,168,44,704,37366.69
112626,17,155,42,57,36289.00
112631,17,156,33,63,36171.69
112636,17,154,35,170,36196.31
112641,17,151,37,64,36906.12
112646,17,146,37,68,36631.38
112651,17,146,35,73,36347.62
112657,17,147,35,79,36412.06
112662,17,151,35,61,36432.88
112667,17,161,35,64,36432.81
112672,17,164,37,73,36453.50
112677,17,169,37,179,36450.00
112682,17,172,38,68,36386.00
112687,17,173,38,65,36378.00
112692,17,176,38,60,36370.00
112697,17,178,41,60,36346.00
112702,17,176,41,88,36371.50
112707,17,159,41,73,35972.06
112713,17,159,41,94,36105.56
112718,17,160,44,65,36097.56
112723,17,150,40,67,35663.75
112728,17,159,36,60,35847.81
112733,17,165,44,72,35860.69
112738,17,153,44,151,36770.12
112743,17,156,42,63,36852.00
112748,17,151,36,68,36782.69
112753,17,157,35,62,36762.31
112758,17,160,44,89,36697.88
112763,17,148,42,73,36785.62
112769,17,152,36,58,36686.56
112774,17,146,32,65,36664.69
112779,17,147,36,88,36794.44
112784,17,132,33,66,36629.62
112789,17,194,38,93,36647.75
112794,17,154,33,62,36541.62
112799,17,161,36,75,36463.19
112804,17,159,36,79,36514.44
112809,17,146,32,106,36326.31
112814,17,162,36,71,36581.81
112819,17,154,36,62,36476.81
112824,17,153,38,72,36779.25
112830,17,152,37,66,36650.12
112835,17,154,35,143,36614.50
112840,17,156,36,5221,36107.00
112845,17,161,36,3629,28651.31
112850,17,179,160,1268,28137.31
112855,17,183,38,60,27669.06
112860,17,186,38,862,27301.06
112865,17,183,42,70,26784.12
112870,17,181,42,74,26583.62
112875,17,162,39,66,26511.62
112880,17,174,41,752,26415.50
112885,17,176,42,133,26391.50
112890,17,149,33,70,26087.50
112896,17,146,36,66,25706.44
112901,17,159,36,64,25634.44
112906,17,172,36,70,25618.44
112911,17,182,38,66,25610.44
112916,17,160,35,84,25948.00
112921,17,147,34,381,30244.75
112926,17,139,35,369,32265.69
112931,17,146,35,192,34213.69
112936,17,151,35,74,35745.31
112941,17,142,36,358,37590.94
112947,17,145,33,82,36652.00
112952,17,150,34,65,36697.31
112957,17,144,34,80,36588.88
112962,17,143,34,72,36447.81
112967,17,145,32,60,36145.44
112972,17,135,32,67,35992.94
112977,17,141,41,62,36252.31
112982,17,147,36,69,36422.50
112987,17,148,39,81,35599.62
112992,17,152,39,65,35334.38
112997,17,155,36,62,35354.31
113002,17,139,36,55,35568.44
113008,17,137,34,60,36633.56
113013,17,152,35,71,36481.31
113018,17,151,36,61,36385.31
113023,17,154,36,53,35688.62
113028,17,160,33,98,35699.25
113033,17,154,35,76,35662.62
113038,17,157,35,61,35598.62
113043,17,152,35,58,35572.06
113048,17,145,35,62,35662.50
113053,17,153,35,64,35556.06
113058,17,159,35,65,35569.25
113064,17,155,37,68,35553.25
113069,17,161,35,74,35497.25
113074,17,146,34,71,35273.25
113079,17,138,34,66,35303.06
113084,17,148,36,65,35299.94
113089,17,159,37,69,35284.50
113094,17,157,36,63,35322.69
113099,17,159,36,65,35290.12
113104,17,158,34,64,35423.69
113109,17,157,34,139,35393.75
113114,17,158,32,63,35374.25
113120,17,154,36,201,35362.56
113125,17,154,41,124,35535.25
113130,17,149,39,58,35446.25
113135,17,138,37,296,35479.31
113140,17,146,39,165,35502.69
113145,17,144,37,259,35634.75
113150,17,157,39,76,35223.94
113155,17,146,37,58,35306.81
113160,17,156,38,61,35204.94
113165,17,138,33,94,34941.25
113170,17,150,35,61,35043.88
113175,17,159,35,74,34964.69
113181,17,155,37,396,35326.75
113186,17,165,42,129,35375.44
113191,17,162,42,67,35335.44
113196,17,165,42,100,35271.44
113201,17,147,32,64,34971.06
113206,17,148,34,36,34639.19
113211,17,139,36,58,34654.81
113216,17,152,35,81,34598.50
113221,17,147,33,63,34392.31
113226,17,146,35,61,34546.44
113231,17,157,34,75,34501.56
113236,17,140,33,114,35235.00
113241,17,160,37,87,35478.44
113246,17,149,33,41,35352.19
113252,17,152,35,58,35555.31
113257,17,141,34,401,37192.19
113262,17,146,33,108,36652.31
113267,17,158,39,59,36898.44
113272,17,164,37,69,36836.94
113277,17,166,37,1529,36347.81
113282,17,174,45,291,35704.56
113287,17,144,44,41,35160.56
113292,17,161,38,74,35333.81
113297,17,153,39,61,35150.75
113302,17,151,39,57,35215.06
113307,17,154,39,65,34836.56
113312,17,147,42,70,35059.12
113318,17,154,42,176,35235.69
113323,17,130,37,134,34929.69
113328,17,158,37,69,34697.69
113333,17,162,41,73,34281.62
113338,17,172,42,87,34105.62
113343,17,178,42,68,33991.50
113348,17,174,40,64,33967.50
113353,17,182,44,126,33935.50
113358,17,185,44,174,33927.50
113363,17,186,46,73,33927.50
113368,17,177,47,359,33879.50
113373,17,177,47,106,33815.50
113378,17,178,47,86,33815.50
113384,17,178,47,83,33799.50
113389,17,182,47,57,33703.50
113394,17,170,48,62,33519.50
113399,17,169,47,71,33439.50
113404,17,159,46,70,33327.50
113409,17,161,38,62,33217.31
113414,17,170,40,67,33098.31
113419,17,177,43,71,33211.88
113424,17,140,41,332,34198.56
113429,17,151,43,72,34126.56
113434,17,152,43,62,33869.69
113439,17,150,38,65,33821.00
113444,17,152,40,63,33900.31
113450,17,153,38,92,33550.75
113455,17,152,42,59,33632.88
113460,17,151,40,115,33601.88
113465,17,133,35,70,33462.62
113470,17,149,40,75,33589.25
113475,17,160,36,100,33616.69
113480,17,147,37,75,33383.50
113485,17,154,37,68,33773.88
113490,17,139,31,56,33698.31
113495,17,100,26,66,36818.06
113500,17,104,123,76,37110.56
113506,17,120,112,70,36612.19
113511,17,148,33,3276,36350.19
113516,17,154,33,1325,35540.00
113521,17,160,33,118,35003.56
113526,17,146,31,80,34531.00
113531,17,146,37,79,34123.00
113536,17,133,32,84,34256.31
113541,17,142,39,71,34056.31
113546,17,144,33,63,33712.25
113551,17,150,35,65,33608.25
113556,17,150,33,62,33584.25
113561,17,150,33,60,33512.25
113567,17,151,36,69,33390.06
113572,17,149,38,71,33427.81
113577,17,152,39,61,33396.06
113582,17,146,39,58,33410.69
113587,17,144,32,59,33393.94
113592,17,152,34,127,33113.75
113597,17,157,34,62,33188.50
113602,17,158,36,149,33280.19
113607,17,157,36,71,33309.06
113612,17,147,36,61,33205.06
113617,17,138,35,78,32973.56
113622,17,138,37,70,32975.88
113627,17,149,34,92,32907.25
113633,17,140,32,72,33739.38
113638,17,144,34,63,33952.81
113643,17,131,30,35,33536.88
113648,17,134,34,60,33793.06
113653,17,142,37,92,33548.44
113658,17,151,41,99,33841.25
113663,17,152,39,90,33889.31
113668,17,154,39,67,33951.56
113673,17,156,39,110,33960.12
113678,17,134,35,79,33730.81
113683,17,138,38,65,33973.06
113688,17,150,38,48,33877.06
113693,17,153,36,60,33817.44
113699,17,142,37,92,33764.62
113704,17,148,35,102,33740.50
113709,17,122,30,35,33462.00
113714,17,145,35,65,33843.94
113719,17,150,35,81,33998.38
113724,17,133,35,64,33970.88
113729,17,140,35,113,33811.06
113734,17,135,31,80,33771.06
113739,17,136,35,58,33878.06
113744,17,136,35,62,33882.56
113749,17,150,35,71,33905.00
113754,17,151,35,91,33875.31
113759,17,137,35,61,33700.06
113765,17,144,35,67,33959.69
113770,17,129,34,108,34720.69
113775,17,147,35,60,34552.88
113780,17,151,35,59,34824.69
113785,17,152,37,86,34959.00
113790,17,148,37,87,34868.12
113795,17,144,35,62,34979.62
113800,17,133,38,87,34868.88
113805,17,140,38,64,35042.62
113810,17,153,34,65,35020.88
113815,17,151,37,80,34978.31
113820,17,146,35,61,34984.88
113825,17,146,35,69,34905.69
113830,17,136,36,95,34853.75
113836,17,151,38,64,34850.62
113841,17,155,37,106,34810.19
113846,17,150,36,122,34948.06
113851,17,140,32,74,35030.00
113856,17,137,35,65,34765.81
113861,17,143,35,67,34850.69
113866,17,148,35,71,34770.62
113871,17,151,36,85,34893.00
113876,17,140,32,84,34857.19
113881,17,152,35,76,34867.81
113886,17,135,30,69,34761.69
113891,17,150,35,57,34786.62
113896,17,142,32,68,34774.75
113902,17,146,36,70,34872.94
113907,17,140,36,71,34827.06
113912,17,142,34,71,34856.31
113917,17,137,36,155,35587.94
113922,17,132,33,73,37182.75
113927,17,147,33,87,37106.81
113932,17,149,35,97,36822.88
113937,17,130,34,60,36482.62
113942,17,144,34,111,36739.44
113947,17,144,34,112,36845.88
113952,17,153,34,59,37014.94
113957,17,139,33,68,36686.06
113962,17,132,36,76,36818.38
113968,17,137,36,64,36849.00
113973,17,127,32,86,36699.50
113978,17,160,34,83,36936.94
113983,17,162,34,65,37068.88
113988,17,170,34,85,36970.25
113993,17,173,36,83,37025.06
113998,17,177,36,106,37322.25
114003,17,166,36,68,37168.44
114008,17,164,34,70,37077.50
114013,17,169,37,74,37089.44
114018,17,170,34,73,36933.19
114023,17,173,36,104,37295.06
114029,17,171,36,60,37308.75
114034,17,169,35,70,37309.88
114039,17,164,34,116,37227.56
114044,17,166,34,72,37387.81
114049,17,169,32,70,36943.00
114054,17,166,45,76,37032.81
114059,17,164,35,99,37053.00
114064,17,169,35,64,37228.12
114069,17,166,34,66,37222.56
114074,17,183,34,124,37230.12
114079,17,185,35,120,37213.44
114084,17,177,37,71,37309.25
114090,17,164,31,80,36987.31
114095,17,173,35,94,37174.50
114100,17,146,35,67,36819.06
114105,17,167,37,67,37078.25
114110,17,169,32,61,37007.75
114115,17,140,30,268,37815.31
114120,17,160,34,2375,35201.88
114125,17,165,34,1502,34796.31
114130,17,167,34,176,34027.44
114135,17,175,38,39,33614.25
114140,17,163,38,63,33166.25
114145,17,165,35,57,32671.44
114151,17,171,37,81,32026.88
114156,17,163,131,87,32375.75
114161,17,156,29,65,31815.62
114166,17,159,34,66,31323.81
114171,17,166,33,60,31608.81
114176,17,121,30,67,32358.81
114181,17,143,35,75,31646.81
114186,17,119,30,55,32185.00
114191,17,146,35,1878,31880.94
114196,17,151,35,531,31464.94
114201,17,156,37,76,31344.94
114206,17,156,34,72,30669.88
114212,17,142,39,87,30620.12
114217,17,133,34,61,30338.81
114222,17,135,35,1840,29889.88
114227,17,148,35,1455,29817.88
114232,17,151,37,732,29649.88
114237,17,157,37,68,29025.81
114242,17,157,36,58,28289.44
114247,17,136,35,64,28113.44
114252,17,149,34,72,27977.44
114257,17,145,34,66,27774.25
114262,17,139,37,63,27702.25
114267,17,143,37,70,26911.69
114273,17,133,37,69,26693.44
114278,17,146,39,102,26537.12
114283,17,146,36,2056,27355.69
114288,17,154,36,453,26923.69
114293,17,144,43,67,26635.62
114298,17,148,44,64,26475.62
114303,17,145,35,98,26427.62
114308,17,149,38,68,26411.62
114313,17,158,38,62,26387.62
114318,17,164,38,78,26379.62
114323,17,167,40,248,26371.62
114328,17,167,40,216,26363.62
114334,17,170,40,76,26315.62
114339,17,171,40,64,26315.62
114344,17,172,40,76,26259.62
114349,17,177,40,70,26243.62
114354,17,181,40,67,26155.62
114359,17,182,40,74,26147.62
114364,17,181,40,74,26131.62
114369,17,181,40,37,26131.62
114374,17,181,37,59,26131.62
114379,17,182,37,63,26083.62
114384,17,178,37,72,26067.62
114389,17,178,40,71,26051.62
114394,17,177,40,89,25963.62
114400,17,137,35,91,26442.56
114405,17,138,35,65,26638.38
114410,17,131,30,61,28101.62
114415,17,141,36,63,28037.62
114420,17,139,40,89,28076.31
114425,17,117,34,75,28688.62
114430,17,104,31,54,33498.88
114435,17,111,30,31,36081.19
114440,17,119,34,145,37038.25
114445,17,111,33,62,38293.31
114451,17,114,34,67,37531.56
114456,17,118,34,76,37435.31
114461,17,118,34,70,37535.12
114466,17,121,32,77,37313.00
114471,17,146,34,75,37507.44
114476,17,144,36,75,37499.50
114481,17,113,31,81,37437.56
114486,17,122,32,82,37932.50
114491,17,135,34,64,38160.38
114496,17,147,34,70,38261.75
114501,17,151,36,64,38357.38
114506,17,147,36,69,38376.88
114511,17,130,34,57,37655.62
114516,17,124,37,70,37356.00
114522,17,126,38,67,37275.31
114527,17,134,30,84,36991.31
114532,17,134,32,75,37815.06
114537,17,130,35,57,38079.56
114542,17,134,34,74,38023.56
114547,17,132,35,70,38015.56
114552,17,134,38,85,37773.31
114557,17,137,36,57,37599.56
114562,17,133,40,307,37551.56
114567,17,131,37,69,37112.25
114572,17,125,35,98,36886.81
114577,17,129,35,2477,36490.81
114583,17,134,39,1196,36082.44
114588,17,149,39,699,35906.50
114593,17,152,41,272,35850.44
114598,17,157,41,216,35802.44
114603,17,157,41,61,35666.44
114608,17,155,40,76,35202.44
114613,17,142,35,63,34506.69
114618,17,146,35,68,34402.69
114623,17,132,76,73,34999.56
114628,17,130,61,80,35076.00
114633,17,134,50,67,35144.56
114638,17,134,50,65,35302.69
114643,17,132,50,68,35296.50
114649,17,142,52,70,35295.88
114654,17,138,49,70,35357.12
114659,17,146,78,63,35426.81
114664,17,132,56,64,35310.62
114669,17,131,59,65,35205.31
114674,17,146,84,66,35069.31
114679,17,156,86,208,34989.31
114684,17,158,87,71,34909.31
114689,17,148,85,60,34749.31
114694,17,142,58,73,33981.06
114699,17,125,54,73,33629.12
114704,17,141,54,78,33613.12
114709,17,126,52,63,34214.00
114714,17,140,57,63,34324.00
114720,17,139,55,65,34368.69
114725,17,138,54,60,34352.94
114730,17,135,56,81,34286.75
114735,17,146,56,57,34126.75
114740,17,152,62,121,33998.75
114745,17,157,88,67,33022.56
114750,17,143,69,59,32801.00
114755,17,131,79,65,32555.56
114760,17,131,83,48,32311.50
114765,17,119,53,58,32332.50
114770,17,145,55,84,32188.38
114775,17,134,65,60,32287.56
114780,17,125,83,75,32153.19
114785,17,131,61,71,32427.81
114791,17,137,88,4137,31664.38
114796,17,145,88,1811,31048.38
114801,17,154,214,65,30895.81
114806,17,158,93,588,30631.81
114811,17,160,71,1477,30575.81
114816,17,160,71,993,30319.81
114821,17,165,71,65,29734.06
114826,17,153,66,71,29150.88
114831,17,141,58,68,28887.50
114836,17,135,62,63,28548.81
114841,17,137,57,59,28532.81
114846,17,141,58,244,28255.19
114851,17,151,56,62,28142.88
114857,17,124,51,187,28240.19
114862,17,127,52,59,28204.88
114867,17,133,52,216,28332.56
114872,17,135,56,64,27878.44
114877,17,137,64,63,27654.06
114882,17,134,61,70,27078.06
114887,17,141,62,144,26611.00
114892,17,136,61,62,26716.06
114897,17,135,60,124,26867.94
114902,17,148,59,229,26859.94
114907,17,142,59,47,26811.94
114913,17,136,59,60,27450.25
114918,17,144,59,335,27234.25
114923,17,150,61,60,27218.25
114928,17,151,61,68,27138.25
114933,17,143,68,77,27026.25
114938,17,128,53,130,26981.88
114943,18,124,55,65,27868.88
114948,27,1104,38,69,27785.31
114953,28,1124,49,222,28029.00
114958,27,938,45,175,27957.00
114963,27,951,49,339,27909.00
114968,27,1248,51,66,27741.00
114974,27,1192,46,66,27733.00
114979,27,1123,42,76,27701.00
114984,27,1014,43,82,27877.94
114989,27,1003,40,103,31589.50
114994,27,986,37,66,33714.81
114999,27,1019,37,131,35534.00
115004,27,999,35,91,36609.31
115009,27,1023,36,66,38004.69
115014,27,999,41,103,39046.19
115019,27,1004,36,69,38852.38
115024,27,1000,36,112,39052.06
115029,27,1033,33,60,39145.44
115035,27,798,36,66,39272.81
115040,27,805,36,66,39208.81
115045,27,729,36,65,39209.75
115050,27,778,39,79,39077.44
115055,27,787,39,2989,31069.44
115060,27,800,39,2073,30709.81
115065,27,799,40,1734,30605.81
115070,27,834,40,63,30053.56
115075,27,826,38,64,29531.25
115080,27,803,38,62,29419.25
115085,27,804,38,63,28900.25
115090,27,830,36,53,28636.12
115095,27,779,33,68,28436.12
115101,27,683,31,54,28523.44
115106,27,745,41,93,28267.44
115111,27,759,41,68,28243.44
115116,27,758,34,78,28219.44
115121,27,755,36,182,28219.44
115126,28,857,36,47,28195.44
115131,27,799,36,144,28195.44
115136,27,804,45,95,28179.44
115141,27,809,45,68,28163.44
115146,27,812,45,102,28059.44
115151,27,881,45,63,28059.44
115156,27,879,45,133,28011.44
115161,27,882,45,73,27979.44
115167,27,872,45,90,27902.75
115172,27,877,45,62,27878.81
115177,27,876,45,122,27854.81
115182,27,878,45,82,27814.81
115187,27,879,45,72,27790.81
115192,27,879,45,68,27766.81
115197,27,873,45,125,27766.81
115202,27,875,45,75,27758.81
115207,27,909,45,69,27758.81
115212,27,906,45,95,27758.81
115217,27,893,45,118,27750.81
115222,27,893,45,77,27750.81
115228,27,887,45,60,27742.81
115233,27,872,45,68,27718.81
115238,27,872,45,112,27710.81
115243,27,872,45,67,27694.81
115248,27,873,45,70,27694.81
115253,27,872,45,75,27686.81
115258,27,780,35,63,27598.81
115263,27,742,28,61,27678.25
115268,27,805,32,60,27678.25
115273,27,825,32,61,27729.50
115278,27,831,30,68,27729.50
115284,27,758,32,71,27721.50
115289,27,746,33,60,27705.50
115294,27,727,37,58,27705.50
115299,27,746,37,66,28354.88
115304,27,737,33,69,28338.88
115309,27,766,33,68,28459.75
115314,27,680,33,64,30039.62
115319,27,728,34,62,30015.62
115324,27,725,32,77,29999.62
115329,27,678,28,61,32098.50
115334,27,609,25,86,35673.88
115339,27,666,29,146,36033.25
115345,27,530,28,65,37986.00
115350,27,543,29,63,38968.12
115355,27,540,27,59,37295.00
115360,27,562,35,147,37484.69
115365,27,558,33,92,37391.69
115370,27,620,31,57,37825.00
115375,27,533,29,92,38312.75
115380,27,550,32,78,38531.75
115385,27,551,32,76,39010.19
115390,27,632,30,61,38619.88
115396,27,599,30,307,39028.00
115401,27,581,30,55,38672.75
115406,27,587,33,95,39016.00
115411,27,586,33,68,39066.44
115416,27,501,60,84,38852.38
115421,27,541,53,62,38877.56
115426,27,512,37,19,38349.00
115431,27,569,41,67,38727.31
115436,27,507,46,64,38740.81
115441,27,532,43,58,38538.56
115447,27,539,41,109,38662.94
115452,27,697,128,26,38775.62
115457,27,728,43,59,38882.19
115462,27,608,44,96,38402.38
115467,27,641,40,58,38496.44
115472,27,613,43,62,38547.44
115477,27,583,41,101,38649.56
115482,27,581,37,58,38683.12
115487,27,588,40,65,38528.56
115492,27,651,45,73,38696.88
115497,27,529,39,87,38046.62
115502,27,584,41,76,38467.75
115508,27,550,46,58,38410.12
115513,17,174,49,265,38887.19
115518,17,133,44,50,38448.62
115523,17,138,46,67,38593.69
115528,17,131,48,64,38689.69
115533,17,131,41,62,38372.12
115538,17,140,41,64,38416.00
115543,17,130,39,57,37996.62
115548,17,152,40,105,38244.75
115553,17,131,36,57,38593.31
115558,17,137,42,82,38570.44
115563,17,142,38,56,37948.94
115569,17,141,40,96,38214.75
115574,17,136,40,14,37763.94
115579,17,145,40,68,38097.81
115584,17,131,41,79,38117.50
115589,17,129,39,69,37692.38
115594,17,135,40,61,38125.31
115599,17,129,39,62,38093.75
115604,17,136,39,144,38242.06
115609,17,151,40,112,38240.12
115614,17,158,42,96,38328.88
115620,17,146,40,80,38024.81
115625,17,123,37,51,37919.38
115630,17,138,40,85,38059.88
115635,17,147,44,59,38075.44
115640,17,153,44,61,38213.88
115645,17,148,40,70,38201.81
115650,17,139,42,65,38077.44
115655,17,139,40,64,38073.81
115660,17,142,40,62,38250.75
115665,17,140,40,70,38034.38
115670,17,146,39,67,38053.94
115675,17,148,42,73,38340.50
115680,17,139,42,64,38174.94
115686,17,148,40,96,38076.75
115691,17,151,40,134,38128.19
115696,17,159,40,80,38276.50
115701,17,162,40,67,38267.56
115706,17,161,42,64,38351.06
115711,17,156,42,69,38414.69
115716,17,141,42,83,38406.00
115721,17,133,41,88,38220.94
115726,17,149,40,66,38247.50
115731,17,149,38,64,38116.69
115736,17,130,37,81,38105.38
115742,17,146,40,117,38219.94
115747,17,130,34,76,38023.50
115752,17,147,40,75,38283.81
115757,17,144,39,112,38298.12
115762,17,146,38,57,38419.81
115767,17,135,37,74,38245.69
115772,17,144,40,88,38421.44
115777,17,143,38,74,38427.19
115782,17,136,37,53,38297.50
115787,17,151,36,101,38069.06
115792,17,157,38,82,38194.12
115797,17,161,40,113,38528.44
115802,17,164,40,65,38609.81
115808,17,164,40,120,38546.25
115813,17,169,40,66,38490.88
115818,17,153,38,86,38232.50
115823,17,158,38,78,38530.56
115828,17,143,40,59,38449.25
115833,17,145,40,88,38488.19
115838,17,133,36,38,38207.69
115843,17,144,38,65,38394.69
115848,17,146,37,60,38338.06
115853,17,155,41,60,38562.50
115858,17,142,45,65,38345.62
115864,17,150,38,54,38429.81
115869,17,139,39,85,38351.06
115874,17,155,39,58,38407.44
115879,17,147,39,72,38476.31
115884,17,152,39,80,38596.38
115889,17,157,41,82,38574.62
115894,17,157,41,76,38647.19
115899,17,155,44,115,38604.62
115904,17,140,37,88,38232.75
115909,17,156,39,67,37851.56
115915,17,145,36,58,37799.69
115920,17,153,41,57,37991.31
115925,17,144,38,77,37921.81
115930,17,146,39,65,37941.69
115935,17,152,38,104,38007.38
115940,17,154,38,70,37899.00
115945,17,148,38,60,38082.44
115950,17,149,41,108,38338.44
115955,17,149,39,62,38189.25
115960,17,147,38,57,38096.19
115965,17,145,39,94,38069.44
115970,17,155,38,94,37951.12
115975,17,163,48,75,38083.12
115981,17,167,48,85,38124.12
115986,17,168,48,90,38097.12
115991,17,171,48,72,38085.69
115996,17,141,39,44,37639.81
116001,17,150,38,71,37722.06
116006,17,142,42,77,37865.94
116011,17,134,38,68,37846.06
116016,17,142,36,79,37907.81
116021,17,131,36,84,37713.06
116026,17,152,36,115,37978.00
116031,17,156,35,68,37986.19
116036,17,148,38,69,38142.94
116041,17,154,38,103,38166.62
116047,17,142,35,68,37906.69
116052,17,154,36,99,37914.75
116057,17,133,34,93,37639.25
116062,17,146,36,185,37967.69
116067,17,150,38,61,37899.81
116072,17,153,38,99,38021.06
116077,17,154,38,125,38150.12
116082,17,154,38,82,38134.38
116087,17,151,34,86,37912.81
116092,17,140,34,64,37889.06
116097,17,145,45,116,38129.06
116103,17,145,38,85,38135.19
116108,17,139,36,63,38006.56
116113,17,149,36,88,38099.00
116118,17,137,38,74,38004.88
116123,17,146,38,74,38165.62
116128,17,140,38,70,38023.81
116133,17,134,36,64,38035.94
116138,17,142,40,68,37946.94
116143,17,153,40,308,38554.31
116148,17,166,40,71,38543.44
116153,17,172,40,68,38591.31
116158,17,177,38,61,38631.88
116163,17,171,38,66,38511.06
116169,17,141,35,62,38108.88
116174,17,133,36,26,37726.81
116179,17,142,36,89,37971.56
116184,17,140,35,67,38045.00
116189,17,143,37,85,38130.44
116194,17,143,36,95,38137.44
116199,17,142,40,68,38253.19
116204,17,132,33,51,37960.75
116209,17,151,36,67,38114.94
116214,17,146,36,80,38170.62
116220,17,153,45,65,38335.88
116225,17,146,34,162,38385.69
116230,17,149,36,68,38305.56
116235,17,157,36,110,38446.44
116240,17,161,36,67,38407.25
116245,17,158,36,63,38360.75
116250,17,156,38,68,38425.00
116255,17,139,36,63,38175.19
116260,17,140,34,104,38188.00
116265,17,139,36,71,38043.12
116270,17,146,36,66,37973.69
116276,17,147,40,96,38145.94
116281,17,150,42,66,38227.50
116286,17,143,36,70,38095.50
116291,17,142,36,70,38135.31
116296,17,136,34,81,38194.12
116301,17,144,40,69,38308.00
116306,17,146,42,58,38461.44
116311,17,153,164,71,38977.06
116316,17,154,68,59,38689.38
116321,17,146,65,62,38551.38
116326,17,136,40,67,37933.38
116331,17,148,43,62,38074.19
116337,17,140,50,104,38093.69
116342,17,133,45,59,37975.75
116347,17,143,43,70,38116.62
116352,17,143,42,58,37946.06
116357,17,140,42,54,38108.06
116362,17,128,46,67,37868.25
116367,17,142,48,110,38153.44
116372,17,145,48,108,38284.31
116377,17,146,48,83,38286.00
116382,17,142,45,76,38188.12
116387,17,155,45,113,38211.38
116393,17,149,43,66,38044.19
116398,17,153,43,75,38081.06
116403,17,140,45,136,37959.19
116408,17,144,43,77,37930.00
116413,17,144,43,112,37900.75
116418,17,147,43,133,38079.88
116423,17,141,43,65,38103.25
116428,17,144,45,81,38121.50
116433,17,129,43,57,37856.69
116438,17,137,43,73,37877.75
116443,17,138,43,79,38037.56
116448,17,149,44,62,38077.19
116454,17,155,44,112,38191.88
116459,17,155,46,113,38131.94
116464,17,141,47,83,37856.06
116469,17,144,47,85,38052.94
116474,17,150,44,102,37966.25
116479,17,152,43,68,37898.56
116484,17,148,47,98,38059.94
116489,17,140,45,70,37973.31
116494,17,142,43,68,38136.88
116499,17,134,43,76,37955.81
116504,17,139,43,85,38012.19
116509,17,158,43,107,38086.12
116515,17,166,43,93,38128.75
116520,17,166,45,59,37995.56
116525,17,166,45,59,38135.31
116530,17,143,43,67,38078.19
116535,17,150,43,64,37976.56
116540,17,158,43,68,37970.56
116545,17,144,42,94,38015.00
116550,17,149,45,94,38280.62
116555,17,147,45,94,38420.62
116560,17,146,43,98,38243.88
116565,17,142,41,71,38122.19
116570,17,155,42,76,38061.38
116576,17,161,49,75,38167.12
116581,17,164,51,110,38245.25
116586,17,163,51,77,38225.12
116591,17,163,51,91,38286.50
116596,17,149,40,63,38196.94
116601,17,151,42,70,38122.81
116606,17,153,42,81,38202.25
116611,17,143,40,78,38304.81
116616,17,147,38,122,38316.25
116621,17,142,42,88,38255.94
116626,17,156,42,55,38339.19
116631,17,156,36,84,38268.56
116637,17,148,38,71,38194.06
116642,17,155,40,67,38375.56
116647,17,157,40,126,38649.00
116652,17,162,44,66,38553.75
116657,17,160,44,69,38491.38
116662,17,164,42,71,38761.75
116667,17,158,44,69,38649.25
116672,17,131,33,61,38221.50
116677,17,140,38,59,38458.44
116682,17,136,35,82,38233.81
116687,17,137,33,60,37998.62
116693,17,148,37,110,38359.81
116698,17,133,37,61,38255.25
116703,17,139,39,66,38280.06
116708,17,130,37,94,38057.44
116713,17,150,37,69,38229.00
116718,17,154,37,95,38289.12
116723,17,158,37,96,38392.94
116728,17,159,39,79,38345.06
116733,17,125,37,65,38318.88
116738,17,139,35,108,38342.94
116743,17,138,37,61,38282.50
116748,17,147,37,59,38288.25
116754,17,153,44,101,38404.38
116759,17,138,39,88,38249.81
116764,17,147,39,78,38526.75
116769,17,136,36,116,38668.31
116774,17,149,37,57,38975.38
116779,17,136,33,92,38791.62
116784,17,143,35,97,39031.31
116789,17,148,37,86,38937.38
116794,17,149,37,69,38919.69
116799,17,149,37,44,39067.88
116804,17,142,36,62,39078.94
116809,17,136,32,75,38577.44
116815,17,145,35,65,38813.62
116820,17,141,38,71,38725.06
116825,17,143,35,67,38745.06
116830,17,137,34,74,38913.19
116835,17,146,34,70,38843.06
116840,17,139,35,73,38786.06
116845,17,130,31,41,38801.88
116850,17,142,37,89,38971.25
116855,17,147,37,104,39192.19
116860,17,148,36,106,39170.88
116865,17,141,35,67,38962.44
116871,17,148,32,59,38604.94
116876,17,121,34,71,38570.81
116881,17,142,36,103,38712.38
116886,17,138,31,77,38561.50
116891,17,138,34,62,38622.88
116896,17,148,34,70,38498.06
116901,17,154,34,114,38678.62
116906,17,142,33,65,38701.62
116911,17,145,36,72,38724.12
116916,17,147,36,85,38759.25
116921,17,136,33,80,38545.19
116926,17,152,33,104,38567.44
116931,17,127,30,125,37909.81
116937,17,139,38,69,38041.31
116942,17,146,40,62,38029.94
116947,17,121,30,98,37817.75
116952,17,142,34,112,37981.94
116957,17,147,34,74,37897.62
116962,17,153,34,145,38065.38
116967,17,154,34,128,38160.50
116972,17,156,36,107,38254.19
116977,17,137,34,57,37912.12
116982,17,139,34,96,37908.38
116987,17,140,34,82,37805.12
116992,17,148,34,127,37767.12
116997,17,140,43,57,37994.75
117003,17,137,32,60,38808.06
117008,17,141,35,78,38284.81
117013,17,140,35,85,37962.62
117018,17,142,32,269,38914.75
117023,17,149,38,52,38762.19
117028,17,150,40,86,38423.12
117033,17,138,35,73,38927.88
117038,17,132,30,55,38813.62
117043,17,134,35,107,38469.19
117049,17,141,35,35,38456.25
117054,17,140,34,103,38569.12
117059,17,127,35,21,38859.88
117064,17,142,36,108,38635.75
117069,17,138,32,66,38873.94
117074,17,144,35,59,38817.88
117079,17,149,35,63,38623.88
117084,17,153,35,108,38727.50
117089,17,134,35,73,38390.44
117094,17,138,36,99,38442.69
117099,17,131,34,81,38262.25
117105,17,137,35,108,38532.12
117110,17,149,33,68,38293.56
117115,17,156,38,68,38487.50
117120,17,145,37,81,38520.25
117125,17,149,37,132,38854.19
117130,17,138,35,95,38452.38
117135,17,147,35,124,38610.56
117140,17,151,38,106,38703.06
117145,17,154,38,77,38777.50
117150,17,136,33,59,38476.69
117156,17,140,36,63,38430.81
117161,17,134,32,71,38277.69
117166,17,136,35,84,38559.19
117171,17,148,35,66,38539.50
117176,17,152,41,62,38581.00
117181,17,157,43,63,38755.12
117186,17,151,43,100,38560.75
117191,17,156,43,71,38882.06
117196,17,160,43,73,38939.69
117202,17,159,38,74,38812.94
117207,17,139,30,91,38452.12
117212,17,122,32,76,38407.31
117217,17,138,35,63,38492.06
117222,17,126,31,35,38319.06
117227,17,147,35,65,38624.50
117232,17,139,31,129,38447.31
117237,17,152,35,96,38761.69
117242,17,142,36,34,38569.44
117247,17,150,37,92,38790.50
117252,17,156,37,91,38803.12
117257,17,159,40,60,38758.62
117263,17,141,34,82,38810.44
117268,17,142,35,64,38743.44
117273,17,143,158,60,39100.19
117278,17,127,33,68,38749.75
117283,17,132,34,60,38676.56
117288,17,146,35,72,38734.25
117293,17,147,35,82,38677.62
117298,17,151,37,86,38743.56
117303,17,154,37,100,38809.19
117308,17,156,37,102,38876.94
117313,17,145,33,142,38589.31
117318,17,148,35,64,38587.88
117323,17,132,38,92,38835.50
117329,17,139,37,63,38732.75
117334,17,133,37,65,38702.81
117339,17,139,35,80,38749.25
117344,17,133,35,14,38480.50
117349,17,186,39,125,38867.00
117354,17,187,37,78,38623.00
117359,17,189,41,72,38725.00
117364,17,191,41,68,38871.06
117369,17,192,41,102,38899.38
117374,17,155,34,103,38586.06
117379,17,159,35,126,38663.19
117385,17,153,33,65,38711.62
117390,17,149,37,97,38679.31
117395,17,153,37,76,38778.81
117400,17,146,34,101,38732.06
117405,17,150,35,105,38907.31
117410,17,163,34,100,38788.88
117415,17,171,35,92,38973.38
117420,17,174,37,82,39064.12
117425,17,177,37,67,39158.00
117430,17,154,35,57,38552.50
117435,17,146,30,63,38471.69
117440,17,153,35,48,38525.19
117446,17,159,35,65,38919.12
117451,17,157,36,60,38967.00
117456,17,142,32,95,38813.81
117461,17,192,35,130,39068.44
117466,17,197,34,82,38970.12
117471,17,201,35,82,39019.06
117476,17,203,35,62,39055.19
117481,17,204,37,67,39087.12
117486,17,163,35,58,38815.88
117491,17,164,35,97,38696.94
117496,17,158,31,65,38586.19
117501,17,167,36,125,38808.44
117506,17,155,37,67,38754.81
117512,17,165,37,100,38791.06
117517,17,160,34,65,38841.56
117522,17,167,35,112,38835.19
117527,17,176,35,109,38936.69
117532,17,179,35,92,38840.75
117537,17,182,42,87,38684.38
117542,17,154,36,48,38285.06
117547,17,162,34,95,38824.50
117552,17,172,38,58,38829.50
117557,17,164,33,115,38713.75
117562,17,168,35,82,38925.62
117567,17,167,35,65,38503.50
117573,17,169,37,119,38770.94
117578,17,171,37,110,38824.25
117583,17,150,34,66,38613.62
117588,17,152,31,44,38490.25
117593,17,165,35,100,38675.81
117598,17,171,35,100,38963.50
117603,17,161,31,77,38645.81
117608,17,176,35,68,39073.75
117613,17,166,33,67,39030.31
117618,17,171,35,82,39110.06
117623,17,174,35,68,39172.62
117628,17,177,35,102,39187.31
117634,17,180,37,91,39229.12
117639,17,176,37,78,39126.06
117644,17,157,35,15,38986.56
117649,17,173,35,61,38766.56
117654,17,163,40,73,38834.25
117659,17,166,42,75,39131.94
117664,17,165,37,69,39088.25
117669,17,156,33,72,38862.38
117674,17,174,35,77,39096.44
117679,17,162,38,66,38892.56
117684,17,170,39,123,39055.19
117689,17,177,41,85,39110.62
117694,17,177,41,85,39117.25
117699,17,161,33,75,38985.81
117705,17,165,39,96,38993.00
117710,17,159,33,72,38925.50
117715,17,166,35,119,39103.81
117720,17,161,41,71,39219.88
117725,17,154,35,70,38999.38
117730,17,157,37,108,39215.94
117735,17,155,35,70,39079.81
117740,17,161,35,65,39188.44
117745,17,163,35,73,39327.81
117750,17,167,37,60,39375.50
117755,17,162,37,59,39397.62
117760,17,151,34,41,38990.44
117766,17,140,33,65,38755.50
117771,17,160,35,121,38946.19
117776,17,164,42,79,39046.06
117781,17,153,36,123,38913.44
117786,17,157,37,104,39150.00
117791,17,156,33,68,38853.94
117796,17,159,35,104,38925.25
117801,17,163,35,68,38925.62
117806,17,150,33,66,38732.94
117811,17,152,37,78,39012.19
117816,17,147,37,70,38901.75
117822,17,153,35,121,38873.56
117827,17,154,33,25,38861.62
117832,17,163,33,73,38983.69
117837,17,169,35,83,39119.25
117842,17,173,37,113,39222.75
117847,17,173,37,94,39118.62
117852,17,158,37,65,38875.69
117857,17,156,35,76,38910.19
117862,17,160,39,99,39178.00
117867,17,144,33,103,38906.56
117872,17,152,37,97,39071.94
117877,17,147,31,67,38823.62
117883,17,152,35,64,38911.00
117888,17,163,35,103,39060.94
117893,17,154,42,66,38919.81
117898,17,148,41,108,38900.12
117903,17,158,44,100,39046.62
117908,17,156,37,64,39173.94
117913,17,155,31,72,38819.88
117918,17,163,35,80,39120.31
117923,17,151,35,110,39149.81
117928,17,159,35,126,39175.31
117933,17,160,37,85,39241.94
117938,17,161,37,68,39222.88
117943,17,159,37,45,39175.56
117949,17,156,35,62,38760.38
117954,17,165,35,79,38919.25
117959,17,136,35,64,38785.31
117964,17,155,37,95,39014.69
117969,17,150,35,64,39105.25
117974,17,158,35,111,38914.06
117979,17,163,35,70,38986.50
117984,17,146,35,70,38923.12
117989,17,151,35,86,38945.06
117994,17,155,37,81,39123.44
117999,17,156,41,59,39266.12
118004,17,150,35,85,39109.38
118010,17,161,39,115,39050.06
118015,17,166,39,321,39443.44
118020,17,166,41,85,39037.50
118025,17,170,44,130,39212.69
118030,17,178,44,150,39380.75
118035,17,178,40,102,39306.62
118040,17,174,37,69,39219.06
118045,17,140,33,31,38819.06
118050,17,153,35,70,39082.31
118055,17,155,37,76,39272.50
118060,17,143,39,61,38997.19
118065,17,152,35,58,39120.25
118071,17,163,35,70,39348.50
118076,17,168,35,85,39207.00
118081,17,170,35,89,39293.94
118086,17,172,37,91,39358.19
118091,17,143,33,100,39130.56
118096,17,141,35,65,39225.81
118101,17,149,35,62,39436.38
118106,17,148,130,62,39428.75
118111,17,182,37,34,39090.06
118116,17,153,36,90,39161.06
118121,17,156,39,136,39026.56
118127,17,167,39,107,39360.31
118132,17,139,31,71,38736.31
118137,17,136,31,58,38956.69
118142,17,156,37,60,39182.38
118147,17,149,33,62,39237.94
118152,17,159,35,73,39175.19
118157,17,162,38,65,39340.12
118162,17,158,38,1708,39213.25
118167,17,158,35,54,38605.25
118172,17,147,39,65,38454.81
118177,17,159,37,69,38432.88
118183,17,157,35,64,37793.75
118188,17,165,35,65,37270.94
118193,17,152,35,80,37761.12
118198,17,157,36,77,37561.12
118203,17,163,38,65,37521.12
118208,17,164,41,127,37481.12
118213,17,170,41,62,37393.06
118218,17,174,41,80,37329.06
118223,17,174,41,74,37297.06
118228,17,176,41,72,37135.31
118233,17,179,41,67,37111.38
118238,17,176,37,60,37039.38
118244,17,178,37,78,37055.88
118249,17,178,37,105,37127.44
118254,17,182,37,60,37072.69
118259,17,182,37,62,37109.19
118264,17,180,41,61,37069.19
118269,17,168,40,74,36720.88
118274,17,169,41,63,36799.12
118279,17,169,41,69,36799.12
118284,17,168,35,193,37061.56
118289,17,170,35,73,37013.56
118294,17,162,37,65,36520.75
118299,17,163,37,87,36696.19
118305,17,166,37,63,36672.19
118310,17,180,35,75,36479.44
118315,17,181,39,73,36491.19
118320,17,172,34,65,36593.94
118325,17,160,35,66,36360.44
118330,17,158,39,149,36451.75
118335,17,165,38,93,36309.00
118340,17,159,35,66,36385.25
118345,17,160,35,116,36411.62
118350,17,161,35,90,36454.25
118355,17,161,36,90,36300.50
118360,17,161,36,58,36395.62
118365,17,157,35,88,36136.50
118371,17,174,36,82,36324.25
118376,17,150,40,117,37113.88
118381,17,158,42,79,37282.31
118386,17,145,33,81,37188.81
118391,17,155,35,80,37224.50
118396,17,139,33,78,37080.06
118401,17,156,34,73,37085.69
118406,17,131,31,65,37913.00
118411,17,143,34,67,38696.88
118416,17,146,36,58,38759.69
118421,17,144,36,85,38345.88
118426,17,151,33,52,38054.06
118431,17,158,33,80,38397.88
118437,17,147,34,74,38423.56
118442,17,155,34,68,38501.00
118447,17,143,33,58,38280.62
118452,17,152,34,68,38474.00
118457,17,127,30,73,38371.62
118462,17,150,38,73,38520.38
118467,17,154,38,1567,38637.19
118472,17,148,34,67,37749.19
118477,17,147,36,88,37555.94
118482,17,142,34,57,37374.56
118487,17,150,32,65,37963.62
118492,17,154,34,67,37748.25
118498,17,151,34,528,37540.19
118503,17,156,36,65,37292.19
118508,17,154,36,60,36830.00
118513,17,150,38,59,36807.31
118518,17,148,38,71,37038.06
118523,17,147,32,56,37322.06
118528,17,128,30,58,37106.06
118533,17,146,36,72,36826.06
118538,17,141,31,345,36773.88
118543,17,142,34,67,36765.19
118548,17,155,34,60,36698.19
118553,17,157,41,64,35974.56
118559,17,160,41,58,35946.50
118564,17,163,43,62,35840.94
118569,17,134,33,65,36453.44
118574,17,152,34,69,36556.44
118579,17,138,33,94,36692.25
118584,17,140,34,70,36802.50
118589,17,149,34,58,36674.12
118594,17,147,34,67,36758.25
118599,17,155,36,72,36875.12
118604,17,149,34,72,36987.88
118609,17,164,34,119,36869.00
118614,17,166,34,86,36685.81
118619,17,148,37,61,36714.56
118625,17,153,40,71,36818.38
118630,17,143,34,83,36731.38
118635,17,137,34,205,37675.12
118640,17,138,29,64,39252.50
118645,17,142,31,65,38961.62
118650,17,140,31,63,38823.56
118655,17,145,34,63,38729.12
118660,17,142,34,66,39632.62
118665,17,143,32,67,39710.12
118670,17,155,32,71,39553.75
118675,17,161,32,108,38754.00
118680,17,152,32,97,38476.00
118685,17,146,34,39,38451.75
118691,17,147,34,67,38557.94
118696,17,148,32,80,38507.31
118701,17,151,32,62,38839.88
118706,17,145,31,67,38960.19
118711,17,144,32,99,38859.56
118716,17,144,33,56,38665.94
118721,17,140,31,34,38647.25
118726,17,144,32,75,38930.62
118731,17,161,31,95,38836.00
118736,17,165,41,74,38870.69
118741,17,144,34,92,38714.44
118747,17,148,35,68,38832.00
118752,17,184,36,62,38829.38
118757,17,146,31,63,38500.00
118762,17,152,34,68,38619.94
118767,17,146,32,99,38643.56
118772,17,143,34,77,38693.31
118777,17,135,30,64,38570.31
118782,17,147,34,75,38743.12
118787,17,154,31,69,38842.50
118792,17,163,136,105,39241.44
118797,17,160,41,68,38868.62
118802,17,162,42,73,38843.81
118807,17,155,40,70,38824.62
118812,17,162,39,64,38855.50
118818,17,157,34,63,38644.69
118823,17,166,34,130,38979.62
118828,17,167,34,72,38915.94
118833,17,159,34,66,38880.94
118838,17,152,36,119,38823.62
118843,17,156,36,73,39074.62
118848,17,163,36,93,39101.50
118853,17,155,37,40,38814.44
118858,17,144,33,89,38914.81
118863,17,153,36,751,38744.75
118868,17,148,34,72,38054.69
118873,17,157,34,219,38581.62
118879,17,149,32,62,38639.88
118884,17,151,34,56,38743.62
118889,17,147,34,72,38705.75
118894,17,149,34,94,38969.19
118899,17,146,36,71,38722.31
118904,17,153,34,104,38443.62
118909,17,165,33,71,38419.06
118914,17,172,34,82,38454.62
118919,17,160,34,97,38141.50
118924,17,155,34,67,38128.62
118929,17,150,34,65,37936.19
118934,17,158,38,66,38028.38
118940,17,156,34,83,37997.56
118945,17,140,34,70,37989.62
118950,17,144,34,72,38017.81
118955,17,143,35,79,37964.88
118960,17,142,33,85,37904.75
118965,17,143,34,62,38029.50
118970,17,150,34,5903,37989.62
118975,17,159,70,4127,37429.62
118980,17,164,79,2518,34777.19
118985,17,166,87,1248,34341.62
118990,17,170,88,940,34285.62
118995,17,175,88,176,34133.69
119000,17,164,80,57,33540.88
119006,17,136,43,69,33021.62
119011,17,146,45,443,32867.62
119016,17,140,50,63,32355.62
119021,17,140,50,74,32219.62
119026,17,149,48,76,31733.12
119031,17,149,43,62,31781.25
119036,17,147,45,73,31277.25
119041,17,155,43,70,30827.69
119046,17,149,47,59,30634.75
119052,17,152,43,68,30497.94
119057,17,135,45,76,30390.81
119062,17,139,48,74,30484.06
119067,17,114,31,4529,31507.31
119072,17,116,33,3249,30923.06
119077,17,121,36,2773,30787.06
119082,17,123,36,245,30243.00
119087,17,141,36,75,29866.00
119092,17,145,36,60,29570.00
119097,17,146,33,77,29538.00
119102,17,150,36,820,29433.94
119107,17,155,36,333,29321.88
119113,17,165,36,65,29009.88
119118,17,154,36,78,28586.88
119123,17,147,39,67,28426.88
119128,17,144,160,61,28370.81
119133,17,146,40,62,28338.81
119138,17,148,162,67,28266.81
119143,17,149,40,159,28146.81
119148,17,160,40,78,28090.81
119153,17,162,40,69,28066.81
119158,17,163,40,61,28010.81
119163,17,145,36,64,27986.81
119169,17,130,36,68,27978.81
119174,17,147,36,70,27962.81
119179,17,151,36,80,27840.94
119184,17,148,32,76,28110.19
119189,17,141,34,504,28066.00
119194,17,143,36,137,27914.00
119199,17,144,36,75,27914.00
119204,17,137,36,124,27874.00
119209,17,144,32,62,27786.00
119214,17,135,34,65,27698.00
119219,17,129,33,344,28455.12
119224,17,137,36,641,28208.69
119229,17,138,36,59,28176.69
119234,17,152,36,126,28168.69
119240,17,155,158,65,28168.69
119245,17,163,36,62,28088.69
119250,17,164,36,63,27840.25
119255,17,166,36,66,27696.25
119260,17,168,40,68,27480.25
119265,17,173,40,71,27432.25
119270,17,157,40,69,27682.44
119275,17,140,32,70,28266.75
119280,17,149,34,62,28250.75
119285,17,153,40,65,28146.75
119290,17,131,34,87,28349.56
119295,17,128,33,307,31643.31
119301,17,134,37,4890,31783.38
119306,17,140,37,3100,31175.31
119311,17,143,37,2545,30921.00
119316,17,147,39,2057,30793.00
119321,17,148,39,131,30456.94
119326,17,150,39,609,30136.94
119331,17,159,39,73,30096.94
119336,17,163,35,140,30056.94
119341,17,164,157,67,29828.56
119346,17,166,35,186,29748.62
119351,17,174,35,66,29668.62
119356,17,174,35,63,29612.56
119361,17,209,35,65,29484.56
119367,17,211,35,74,29436.56
119372,17,141,29,68,29252.56
119377,17,154,35,71,29236.56
119382,17,155,35,72,29220.56
119387,17,165,35,71,29220.56
119392,17,168,35,184,29204.56
119397,17,172,35,76,29124.56
119402,17,175,35,135,29116.56
119407,17,155,35,63,29084.56
119412,17,130,27,250,31213.50
119417,17,125,23,91,34089.19
119423,17,137,27,5510,33438.62
119428,17,141,27,4299,31973.00
119433,17,142,27,3634,31661.06
119438,17,146,35,1285,31317.06
119443,17,149,35,438,30988.69
119448,17,157,35,65,30731.81
119453,17,159,40,66,30675.81
119458,17,158,40,65,30531.81
119463,17,155,40,625,30219.81
119468,17,149,40,67,29832.38
119473,17,154,36,63,29808.38
119478,17,159,36,249,29728.38
119483,17,162,158,68,29712.38
119488,17,167,36,292,29648.38
119494,17,167,36,134,29584.38
119499,17,169,36,73,29488.38
119504,17,171,36,73,29368.38
119509,17,175,36,122,29320.38
119514,17,174,33,73,29304.38
119519,17,177,33,83,29304.38
119524,17,177,37,62,29304.38
119529,17,177,37,61,29264.38
119534,17,167,35,51,29016.38
119539,17,161,35,102,28871.19
119544,17,137,31,60,28639.19
119549,17,131,29,70,28911.31
119555,17,136,33,69,28807.75
119560,17,140,80,64,28799.75
119565,17,141,37,58,28775.75
119570,17,152,159,71,28759.75
119575,17,159,40,190,28751.75
119580,17,160,40,66,28623.75
119585,17,163,40,59,28567.75
119590,17,162,40,68,28543.75
119595,17,123,27,70,28897.88
119600,17,131,31,204,29091.06
119605,17,143,31,404,29056.62
119610,17,180,31,63,28960.62
119616,17,179,33,58,28944.62
119621,17,174,33,65,28856.62
119626,17,138,31,59,28816.56
119631,17,155,29,68,28870.56
119636,17,145,30,66,28619.19
119641,17,145,31,73,28656.50
119646,17,159,155,68,28648.50
119651,17,163,33,66,28640.50
119656,17,170,33,361,28624.50
119661,17,173,33,65,28600.50
119666,17,174,33,67,28600.50
119671,17,175,33,66,28600.50
119677,17,176,37,65,28584.50
119682,17,181,37,67,28584.50
119687,17,146,27,60,29887.44
119692,17,161,35,66,29871.44
119697,17,168,38,64,29855.44
119702,17,172,38,140,29847.44
119707,17,173,40,61,29831.44
119712,17,169,40,166,29815.44
119717,17,172,40,63,29815.44
119722,17,169,40,66,29807.44
119727,17,169,36,62,29807.44
119732,17,170,36,85,29807.44
119738,17,171,33,28,29799.44
119743,17,140,28,77,29647.44
119748,17,166,32,60,29607.44
119753,17,159,32,59,30417.38
119758,17,122,31,63,31098.69
119763,17,145,31,66,31074.69
119768,17,137,33,73,31097.00
119773,17,149,33,69,31125.62
119778,17,105,26,53,36070.19
119783,17,87,22,64,39507.94
119788,17,97,24,79,41776.38
119794,17,116,22,65,41099.50
119799,17,159,34,1992,40780.44
119804,17,206,34,414,39886.56
119809,17,209,34,42,39606.50
119814,17,183,29,75,39382.50
119819,17,151,36,56,39210.19
119824,17,159,39,70,39594.06
119829,17,161,32,71,39732.38
119834,17,163,34,60,39812.94
119839,17,168,37,60,39857.81
119844,17,158,46,68,40007.50
119849,17,155,40,305,39858.62
119854,17,151,37,60,39544.56
119859,17,154,37,64,39652.94
119865,17,162,159,71,40007.56
119870,17,173,37,69,39967.56
119875,17,177,37,306,39915.50
119880,17,178,37,75,39800.94
119885,17,179,37,66,39738.31
119890,17,179,37,67,39737.44
119895,17,188,37,78,39673.75
119900,17,190,37,85,39659.25
119905,17,168,35,57,39882.56
119910,17,151,35,70,40343.44
119915,17,156,44,61,40111.44
119920,17,156,44,60,40087.44
119926,17,155,43,60,40039.44
119931,17,165,34,73,39431.44
119936,17,157,42,71,38420.25
119941,17,162,42,66,37667.62
119946,17,121,33,116,38301.06
119951,17,131,31,43,38126.88
119956,17,139,30,102,38180.44
119961,17,138,33,5649,38015.81
119966,17,146,35,4051,37351.81
119971,17,151,35,3471,36887.69
119976,17,153,37,3212,36815.69
119981,17,156,38,2933,36743.69
119986,17,162,41,2134,36415.69
119992,17,164,41,558,36039.94
119997,17,164,39,62,35592.00
120002,17,162,39,254,35304.00
120007,17,152,34,70,35280.00
120012,17,155,156,78,35256.00
120017,17,156,34,59,35200.00
120022,17,157,34,257,35144.00
120027,17,158,34,70,34851.00
120032,17,160,34,66,34722.94
120037,17,161,34,55,34722.94
120042,17,167,38,66,34666.94
120047,17,171,38,61,34610.94
120052,17,171,38,72,34602.94
120058,17,145,33,62,34402.94
120063,17,135,32,72,34402.94
120068,17,140,34,150,34402.94
120073,17,150,34,78,33739.50
120078,17,150,34,59,33267.44
120083,17,143,30,77,32957.00
120088,17,133,32,64,32636.06
120093,17,127,34,67,32565.62
120098,17,115,30,76,32484.06
120103,17,132,32,56,32499.19
120108,17,144,30,63,32413.19
120113,17,140,32,59,32319.38
120119,17,133,34,62,32437.44
120124,17,125,28,22,33865.12
120129,17,121,32,71,34172.00
120134,17,141,32,5664,33437.75
120139,17,145,32,4760,31642.12
120144,17,146,32,4192,31480.12
120149,17,148,32,2885,30828.56
120154,17,152,32,1720,30548.56
120159,17,152,32,59,30020.56
120164,17,146,32,425,29660.62
120169,17,153,32,63,29508.62
120174,17,158,162,71,29372.62
120180,17,163,40,64,29260.62
120185,17,164,40,384,29228.62
120190,17,166,40,100,29052.62
120195,17,171,40,65,28996.62
120200,17,173,40,59,28853.31
120205,17,173,40,63,28805.38
120210,17,173,40,64,28773.38
120215,17,128,32,62,28573.38
120220,17,132,33,72,28437.38
120225,17,133,33,75,28429.38
120230,17,131,27,64,28591.50
120235,17,130,30,2087,29631.81
120240,17,135,30,1446,29535.81
120246,17,140,36,63,29311.81
120251,17,128,33,77,28834.44
120256,17,132,30,105,28682.44
120261,17,141,152,63,28682.44
120266,17,143,30,63,28666.44
120271,17,146,30,261,28626.44
120276,17,147,32,78,28594.44
120281,17,149,32,64,28538.44
120286,17,149,32,91,28530.44
120291,17,157,36,74,28522.44
120296,17,158,36,69,28330.44
120301,17,160,36,64,28290.44
120307,17,108,26,61,28675.88
120312,17,147,28,73,28619.88
120317,17,151,30,78,28619.88
120322,17,154,30,62,28611.88
120327,17,141,30,65,28587.88
120332,17,124,28,71,28555.88
120337,17,105,27,147,32263.56
120342,17,117,30,5614,32333.69
120347,17,134,30,4593,31913.44
120352,17,137,30,3752,31681.31
120357,17,141,72,1460,31441.31
120362,17,138,61,68,30887.19
120367,17,129,50,73,30415.19
120373,17,141,48,62,30175.12
120378,17,145,48,72,30159.12
120383,17,152,52,850,30079.12
120388,17,156,174,97,30015.12
120393,17,156,52,70,29782.38
120398,17,160,52,76,29694.38
120403,17,160,52,64,29694.38
120408,17,168,41,65,29486.38
120413,17,170,41,68,29406.38
120418,17,172,41,67,29326.38
120423,17,172,42,65,29310.38
120429,17,168,44,129,29310.38
120434,17,172,44,64,29302.38
120439,17,165,40,474,29278.38
120444,17,172,40,333,29278.38
120449,17,166,40,73,29102.38
120454,17,157,43,66,29078.38
120459,17,127,43,76,29051.31
120464,17,135,43,1469,28930.06
120469,17,143,38,62,28588.38
120474,17,135,40,69,28404.38
120479,17,142,163,65,28380.38
120484,17,147,42,63,28364.38
120489,17,147,43,358,28348.38
120495,17,152,43,211,28340.38
120500,17,155,43,63,28324.38
120505,17,163,40,61,28292.38
120510,17,131,38,65,28366.69
120515,17,125,37,68,28861.50
120520,17,127,38,948,29241.75
120525,17,118,36,70,28809.75
120530,17,145,36,63,28697.75
120535,17,151,157,73,28681.75
120540,17,153,36,64,28665.75
120545,17,160,42,320,28633.75
120551,17,160,42,62,28585.75
120556,17,163,42,64,28561.75
120561,17,120,32,65,28687.12
120566,17,130,36,67,28591.12
120571,17,133,36,62,28487.12
120576,17,136,36,60,28359.12
120581,17,133,38,60,28223.12
120586,17,143,34,52,28352.62
120591,17,134,36,62,28588.81
120596,17,132,41,62,29300.19
120601,17,139,43,91,29252.19
120606,17,127,38,76,29076.19
120612,17,141,36,78,29036.19
120617,17,137,38,64,28964.19
120622,17,138,36,63,28964.19
120627,17,134,35,63,28916.19
120632,17,129,36,61,28884.19
120637,17,137,38,63,28798.88
120642,17,143,38,65,28798.88
120647,17,153,38,63,28774.88
120652,17,163,161,59,28750.88
120657,17,170,42,228,28686.88
120662,17,171,43,65,28638.88
120667,17,172,43,63,28606.88
120672,17,178,43,74,28598.88
120678,17,121,35,65,29438.31
120683,17,138,36,60,29430.31
120688,17,143,36,60,29406.31
120693,17,145,36,66,29406.31
120698,17,147,38,64,29390.31
120703,17,148,38,71,29374.31
120708,17,160,38,112,29366.31
120713,17,164,38,68,29358.31
120718,17,169,38,68,29334.31
120723,17,170,38,75,29326.31
120728,17,171,38,68,29326.31
120733,17,174,38,68,29326.31
120739,17,176,42,70,29326.31
120744,17,179,43,64,29262.31
120749,17,162,42,70,29030.31
120754,17,165,43,61,28710.19
120759,17,134,38,82,28697.62
120764,17,127,38,348,29531.94
120769,17,152,37,93,29531.94
120774,17,157,42,73,29507.94
120779,17,138,39,64,29357.56
120784,17,147,36,58,29387.88
120789,17,118,36,59,29315.88
120794,17,142,38,75,29315.88
120799,17,148,36,64,29475.06
120805,17,149,36,64,29435.06
120810,17,138,36,68,30141.25
120815,17,99,27,135,33235.31
120820,17,94,26,274,35951.50
120825,17,108,31,88,34855.44
120830,17,107,26,20,35475.19
120835,17,121,35,59,35477.81
120840,17,120,35,71,35019.06
120845,17,100,26,63,35463.94
120850,17,113,33,76,35105.25
120855,17,123,30,84,35287.62
120860,17,118,30,77,35479.25
120866,17,124,31,79,35123.38
120871,17,118,31,108,35149.12
120876,17,123,31,67,35140.56
120881,17,125,33,177,35099.56
120886,17,115,33,73,35123.56
120891,17,129,32,71,35318.12
120896,17,133,32,107,35139.56
120901,17,122,27,65,35074.00
120906,17,120,33,56,34854.94
120911,17,124,31,74,34913.62
120916,17,128,29,86,35067.94
120921,17,125,31,83,35042.06
120926,17,122,29,94,34902.56
120932,17,125,31,136,35186.56
120937,17,125,33,145,34991.94
120942,17,119,31,62,34999.19
120947,17,132,31,67,35166.69
120952,17,136,31,104,35232.31
120957,17,138,31,105,35169.31
120962,17,121,31,70,35137.00
120967,17,123,32,131,35116.94
120972,17,129,33,85,34990.81
120977,17,131,31,69,35040.62
120982,17,125,31,104,35115.88
120987,17,122,35,112,35036.69
120993,17,114,29,82,35108.00
120998,17,103,29,235,38827.88
121003,17,128,31,64,39278.38
121008,17,142,31,52,39445.75
121013,17,119,30,62,40439.19
121018,17,120,30,30,40103.44
121023,17,136,31,86,40239.56
121028,17,133,33,76,40228.25
121033,17,123,29,64,40058.06
121038,17,135,31,77,40353.81
121043,17,133,31,82,40357.75
121049,17,116,29,61,40011.00
121054,17,122,31,66,40394.19
121059,17,125,33,68,40382.69
121064,17,126,30,76,40205.12
121069,17,139,34,86,40537.00
121074,17,145,34,86,40687.19
121079,17,147,34,64,40989.81
121084,17,147,35,71,40981.88
121089,17,146,37,68,41045.56
121094,17,140,33,72,40996.56
121099,17,142,33,209,40836.12
121104,17,142,33,66,40885.69
121109,17,143,33,92,40829.69
121115,17,132,30,112,40871.44
121120,17,141,33,75,40423.38
121125,17,125,31,61,40005.12
121130,17,137,29,82,40734.19
121135,17,141,38,68,40734.00
121140,17,137,38,62,40722.88
121145,17,126,32,23,40372.69
121150,17,119,37,63,40317.00
121155,17,134,31,65,39984.44
121160,17,142,32,71,40280.56
121165,17,143,151,96,40444.12
121171,17,153,32,62,40521.62
121176,17,152,147,68,40588.06
121181,17,154,34,61,40441.50
121186,17,164,34,67,40441.50
121191,17,161,34,65,40417.94
121196,17,125,28,63,40833.31
121201,17,132,32,65,40753.31
121206,17,131,32,97,40301.81
121211,17,129,34,67,40406.56
121216,17,134,30,110,40178.94
121221,17,139,32,1348,39978.25
121227,17,142,32,611,39778.25
121232,17,143,32,59,38957.81
121237,17,129,32,59,38533.81
121242,17,124,27,59,38568.88
121247,17,138,32,61,38684.06
121252,17,130,29,65,38796.44
121257,17,130,38,60,38523.75
121262,17,136,38,59,38467.75
121267,17,139,33,138,38443.75
121272,17,148,155,62,38427.75
121277,17,152,34,89,38331.75
121282,17,154,34,58,38219.75
121288,17,160,34,75,38148.38
121293,17,160,34,67,38132.38
121298,17,116,29,70,38521.12
121303,17,134,32,65,38494.88
121308,17,144,35,52,38414.88
121313,17,131,32,68,38342.81
121318,17,140,32,82,38229.12
121323,17,169,32,78,38166.56
121328,17,172,34,535,38214.88
121333,17,158,88,67,38190.88
121338,17,164,34,62,38158.88
121344,17,167,156,65,38134.88
121349,17,168,34,64,37686.75
121354,17,172,34,63,37622.75
121359,17,175,34,72,37606.75
121364,17,175,34,105,37606.75
121369,17,184,37,62,37574.75
121374,17,148,37,67,37895.38
121379,17,137,38,68,37503.38
121384,17,155,32,60,37153.44
121389,17,143,31,92,36945.75
121394,17,152,34,68,36995.62
121400,17,142,32,66,36562.56
121405,17,151,32,1232,36378.56
121410,17,154,32,305,36097.38
121415,17,151,32,57,35233.38
121420,17,155,35,55,34809.19
121425,17,153,35,68,34153.25
121430,17,139,27,76,33892.31
121435,17,144,32,1749,33740.69
121440,17,156,32,608,33724.69
121445,17,162,158,65,33684.69
121450,17,167,38,183,33652.69
121455,17,172,38,64,33588.69
121461,17,173,38,60,33524.69
121466,17,174,38,70,33508.69
121471,17,166,34,69,33420.69
121476,17,142,32,68,33292.69
121481,17,142,34,65,33268.69
121486,17,145,34,65,32973.69
121491,17,156,34,58,32196.88
121496,17,140,36,65,31865.81
121501,17,139,27,60,32038.12
121506,17,145,32,60,31978.62
121511,17,163,34,267,31922.62
121517,17,169,136,60,31786.56
121522,17,156,37,61,32042.50
121527,17,159,35,74,31962.50
121532,17,160,35,75,31922.50
121537,17,142,37,62,31911.44
121542,17,106,27,63,32645.69
121547,17,131,35,72,32573.69
121552,17,122,31,65,32342.50
121557,17,126,32,63,31861.38
121562,17,128,32,71,31973.88
121567,17,128,32,53,31742.31
121572,17,130,30,64,32722.81
121578,17,106,30,33,36593.56
121583,17,103,28,94,38185.69
121588,17,110,31,95,38590.06
121593,17,89,26,62,39322.12
121598,17,102,30,3345,38843.44
121603,17,108,30,1786,33116.44
121608,17,141,30,611,32934.38
121613,17,143,30,73,32710.38
121618,17,146,40,64,32542.44
121623,17,149,40,74,32214.44
121628,17,114,33,61,31835.12
121634,17,130,33,62,31683.12
121639,17,135,33,68,31643.12
121644,17,139,33,63,31315.12
121649,17,130,31,160,30836.81
121654,17,123,31,70,30820.88
121659,17,132,155,66,30764.88
121664,17,137,33,56,30740.88
121669,17,145,33,384,30692.88
121674,17,150,33,63,30540.88
121679,17,150,33,65,30452.88
121684,17,151,33,63,30428.88
121689,17,151,37,73,30404.88
121695,17,156,37,60,30380.88
121700,17,141,33,67,30308.88
121705,17,116,29,60,30911.06
121710,17,124,31,67,30879.06
121715,17,126,31,121,30751.06
121720,17,128,36,76,30751.06
121725,17,130,36,249,30719.06
121730,17,145,36,63,30703.06
121735,17,154,36,72,30671.06
121740,17,156,36,83,30663.06
121745,17,156,36,60,30655.06
121750,17,156,36,74,30639.06
121755,17,155,32,66,30607.06
121761,17,158,35,82,30607.06
121766,17,151,35,61,30599.06
121771,17,142,35,69,30567.06
121776,17,121,28,68,30784.31
121781,17,121,34,61,30826.88
121786,17,125,30,175,31570.81
121791,17,131,32,60,31510.12
121796,17,122,30,77,31925.19
121801,17,94,27,162,34939.25
121806,17,99,26,5891,35385.25
121811,17,109,32,3355,34266.62
121816,17,122,32,2535,33860.31
121821,17,124,32,1943,33700.31
121827,17,134,35,206,33380.31
121832,17,134,35,63,32905.31
121837,17,121,33,63,32329.31
121842,17,111,31,59,32137.25
121847,17,126,35,260,31862.94
121852,17,127,32,59,31510.94
121857,17,134,33,71,31510.94
121862,17,142,155,71,31494.94
121867,17,145,33,61,31494.94
121872,17,153,157,66,31462.94
121877,17,153,35,64,31358.94
121883,17,155,35,69,31262.94
121888,17,157,35,76,31206.94
121893,17,158,35,88,31174.94
121898,17,159,35,62,31166.94
121903,17,150,32,58,31134.94
121908,17,134,27,71,31215.56
121913,17,137,29,80,31191.56
121918,17,143,29,72,31039.56
121923,17,148,30,62,30618.50
121928,17,141,32,151,30618.50
121933,17,150,32,64,30618.50
121938,17,151,32,96,30610.50
121944,17,150,32,69,30554.50
121949,17,156,32,60,30426.50
121954,17,158,32,60,30426.50
121959,17,148,31,64,30418.50
121964,17,128,35,39,30445.06
121969,17,132,33,85,30803.38
121974,17,135,37,63,30795.38
121979,17,120,34,90,30768.12
121984,17,125,31,62,31509.50
121989,17,127,34,71,31517.50
121994,17,137,36,1159,31213.50
121999,17,139,36,665,31061.50
122004,17,122,29,59,30716.75
122009,17,113,27,62,30444.75
122015,17,120,30,68,31106.31
122020,17,118,31,62,30787.38
122025,17,120,31,65,30589.19
122030,17,127,29,62,30915.50
122035,17,136,31,66,30675.50
122040,17,133,29,66,30539.50
122045,17,138,153,65,30539.50
122050,17,140,33,65,30523.50
122055,17,152,33,444,30403.50
122060,17,159,33,118,30339.50
122065,17,160,33,73,30251.50
122070,17,159,33,69,30227.50
122076,17,159,33,59,30219.50
122081,17,165,33,66,30219.50
122086,17,170,29,70,30171.50
122091,17,172,31,79,30171.50
122096,17,145,31,69,30115.50
122101,17,150,27,62,30011.50
122106,17,141,35,57,30011.50
122111,17,150,37,59,30049.12
122116,17,158,31,62,30049.12
122121,17,164,33,66,30033.12
122126,17,169,31,74,30049.44
122132,17,158,29,77,30130.31
122137,17,134,38,67,30738.44
122142,17,111,31,82,34525.62
122147,17,125,32,150,37133.31
122152,17,111,27,271,39178.50
122157,17,109,27,61,40252.44
122162,17,99,28,62,41969.69
122167,17,96,27,61,42679.44
122172,17,116,36,62,42481.81
122177,17,119,36,69,42478.75
122182,17,107,32,64,42294.44
122188,17,129,33,78,42116.12
122193,17,129,32,71,42076.56
122198,17,119,34,75,42165.75
122203,17,122,34,64,42310.12
122208,17,136,34,87,42445.75
122213,17,141,30,86,42212.81
122218,17,136,32,70,42448.38
122223,17,137,32,59,42404.44
122228,17,134,32,84,42349.12
122233,17,136,33,60,42116.94
122238,17,135,31,63,42179.31
122243,17,109,28,67,41867.31
122248,17,127,28,2967,40718.81
122254,17,132,34,1923,40278.75
122259,17,135,36,660,39791.19
122264,17,135,37,68,39231.19
122269,17,178,33,72,38534.06
122274,17,178,31,70,38136.88
122279,17,179,31,66,37840.81
122284,17,155,32,66,37840.81
122289,17,160,34,337,37776.81
122294,17,166,34,65,37760.81
122299,17,165,34,408,37720.81
122304,17,167,34,71,37544.81
122309,17,169,37,85,37536.81
122315,17,171,37,75,37528.81
122320,17,125,30,90,37717.31
122325,17,140,32,72,37136.94
122330,17,147,30,79,37159.12
122335,17,156,38,68,36889.81
122340,17,155,38,59,37038.50
122345,17,151,38,67,36928.56
122350,17,148,33,88,37089.12
122355,17,155,33,3878,36694.75
122360,17,158,33,2720,36230.75
122365,17,160,33,2375,36108.69
122370,17,161,34,1166,35860.69
122376,17,163,34,353,35356.69
122381,17,164,34,60,34647.94
122386,17,152,35,948,34247.94
122391,17,162,35,222,34167.94
122396,17,168,163,66,34167.94
122401,17,171,42,66,34151.94
122406,17,172,41,208,34040.25
122411,17,173,41,59,33911.75
122416,17,179,41,64,33911.75
122421,17,180,41,66,33895.75
122426,17,160,34,64,33831.75
122431,17,167,38,61,33831.75
122437,17,160,38,57,33423.75
122442,17,152,34,79,32767.06
122447,17,145,29,70,32699.88
122452,17,144,30,66,32662.81
122457,17,116,27,1788,35674.06
122462,17,129,35,4779,34684.56
122467,17,133,35,4262,34444.56
122472,17,146,37,2978,34140.56
122477,17,149,37,869,33753.31
122482,17,151,37,599,33305.31
122487,17,154,37,92,33281.31
122492,17,157,37,290,33177.31
122497,17,158,159,60,33129.31
122503,17,159,37,143,32964.94
122508,17,166,37,59,32876.94
122513,17,171,37,63,32860.94
122518,17,171,37,73,32852.94
122523,17,155,34,73,32684.94
122528,17,156,34,74,32524.94
122533,17,153,36,63,32492.94
122538,17,136,33,2355,32801.50
122543,17,131,33,65,32457.50
122548,17,133,31,69,32097.50
122553,17,137,65,62,32081.50
122559,17,142,35,74,32065.50
122564,17,143,158,69,32065.50
122569,17,153,39,75,31949.88
122574,17,153,42,62,31773.88
122579,17,157,42,76,31661.88
122584,17,158,42,68,31637.88
122589,17,158,42,71,31573.88
122594,17,109,29,64,31780.75
122599,17,133,33,75,31748.75
122604,17,136,37,71,31740.75
122609,17,137,37,90,31716.75
122614,17,117,33,56,31978.69
122620,17,114,34,72,36251.62
122625,17,112,33,195,38862.69
122630,17,109,30,544,41089.00
122635,17,114,32,59,41986.44
122640,17,107,30,163,44032.00
122645,17,120,32,96,43758.19
122650,17,123,36,66,43843.06
122655,17,134,36,65,43841.19
122660,17,139,39,78,43877.12
122665,17,143,39,69,43853.31
122670,17,142,37,70,43743.81
122675,17,136,37,66,43676.62
122680,17,146,34,5748,36450.50
122686,17,151,34,3708,29407.50
122691,17,159,34,2222,25414.31
122696,17,163,156,824,13896.12
122701,17,164,38,803,13788.81
122706,17,166,38,932,13764.06
122711,17,171,38,607,13557.44
122716,17,174,38,84,13403.81
122721,17,176,38,404,13377.50
122726,17,176,38,693,13369.50
122731,17,162,38,62,13353.50
122736,17,130,32,929,13353.50
122741,17,130,34,67,13289.50
122746,17,127,30,58,13289.50
122751,17,135,30,60,13281.50
122757,17,146,153,58,13281.50
122762,17,148,31,79,13273.50
122767,17,149,153,79,13273.50
122772,17,155,33,69,13193.50
122777,17,157,33,265,13129.50
122782,17,165,33,69,13121.50
122787,17,137,31,68,13113.50
122792,17,127,31,665,13113.50
122797,17,119,29,66,13113.50
122802,17,116,33,59,14245.38
122807,17,137,33,62,14221.38
122813,17,145,155,72,14197.38
122818,17,151,37,415,14197.38
122823,17,154,37,423,14165.38
122828,17,154,37,341,14029.38
122833,17,159,37,158,13989.38
122838,17,163,37,80,13981.38
122843,17,116,30,75,14085.56
122848,17,122,33,61,14480.44
122853,17,113,29,61,16442.06
122858,17,79,22,72,21425.56
122863,17,84,25,59,25780.19
122868,17,120,27,102,25274.38
122873,17,120,27,69,25123.25
122879,17,114,26,59,25234.25
122884,17,118,28,63,25294.50
122889,17,115,30,136,25446.75
122894,17,124,30,370,25531.12
122899,17,126,28,70,25973.44
122904,17,131,29,65,26312.56
122909,17,131,28,66,26140.81
122914,17,129,28,63,26397.19
122919,17,128,30,527,26151.44
122924,17,132,30,71,26063.44
122929,17,141,130,62,25191.50
122934,17,156,29,65,25111.56
122939,17,157,151,64,25065.94
122945,17,159,28,69,24922.06
122950,17,158,30,63,24751.12
122955,17,162,30,85,24780.88
122960,17,163,30,61,24837.25
122965,17,149,30,206,24934.75
122970,17,125,26,63,24960.75
122975,17,126,34,69,24552.25
122980,17,128,36,59,24652.00
122985,17,130,30,59,24458.75
122990,17,140,32,63,24408.44
122995,17,138,34,61,24642.31
123001,17,137,32,120,24642.81
123006,17,139,34,2649,24138.75
123011,17,142,36,1533,23169.94
123016,17,150,36,642,22889.94
123021,17,154,37,1025,22762.00
123026,17,155,37,285,22682.00
123031,17,158,37,305,22666.00
123036,17,158,156,65,22594.00
123041,17,191,33,201,22514.00
123046,17,194,33,62,22514.00
123051,17,190,36,60,22258.00
123056,17,184,41,65,22058.00
123062,17,181,39,62,21690.81
123067,17,175,38,60,20954.88
123072,17,164,40,63,20474.62
123077,17,153,33,104,19584.44
123082,17,146,31,60,19203.62
123087,17,141,31,86,19580.00
123092,17,132,30,608,19880.56
123097,17,140,31,4427,19680.56
123102,17,142,33,3664,19544.38
123107,17,155,33,2713,19368.38
123112,17,159,33,2109,19248.38
123117,17,168,33,1296,19120.38
123123,17,170,33,382,19064.38
123128,17,175,37,221,19032.38
123133,17,180,37,267,18944.38
123138,17,180,37,164,18936.38
123143,17,181,37,63,18709.38
123148,17,184,41,66,18287.25
123153,17,161,39,65,18095.25
123158,17,148,35,71,17991.25
123163,17,149,37,280,17975.25
123168,17,156,41,66,17935.25
123173,17,156,42,342,17871.25
123178,17,162,42,70,17306.75
123184,17,167,42,65,16762.75
123189,17,166,40,78,16698.75
123194,17,165,42,1002,16598.69
123199,17,168,42,59,16574.69
123204,17,138,31,79,16470.69
123209,17,140,33,77,16342.69
123214,17,145,33,244,16222.69
123219,17,148,35,76,15950.69
123224,17,146,41,59,15510.25
123229,17,152,38,65,15061.12
123234,17,162,150,57,15193.06
123239,17,153,33,61,15333.19
123244,17,155,153,69,15401.31
123249,17,157,37,75,15265.31
123255,17,154,38,63,15145.31
123260,17,142,45,71,15038.38
123265,17,139,50,56,15132.38
123270,17,126,46,61,15240.50
123275,17,130,48,60,15176.50
123280,17,127,45,60,15150.94
123285,17,121,34,86,16208.88
123290,17,125,34,62,15880.88
123295,17,129,43,64,15880.88
123300,17,119,32,63,16417.44
123305,17,117,36,2976,17828.62
123310,17,129,38,2136,17692.62
123315,17,140,38,1840,17580.62
123321,17,143,42,146,17460.62
123326,17,121,40,72,17300.56
123331,17,121,38,76,17180.56
123336,17,117,44,68,17195.81
123341,17,116,36,65,17259.94
123346,17,127,36,73,17083.94
123351,17,132,35,850,17508.50
123356,17,136,36,66,17444.50
123361,17,140,158,63,17412.50
123366,17,142,158,71,17356.50
123371,17,147,38,75,17180.50
123376,17,152,61,62,16972.44
123381,17,156,62,74,16852.38
123387,17,156,67,80,16564.75
123392,17,133,45,63,16388.75
123397,17,133,41,59,16372.75
123402,17,115,44,59,16374.94
123407,17,127,48,65,16166.94
123412,17,114,36,66,16950.94
123417,17,115,47,106,20406.94
123422,17,100,36,193,24769.31
123427,17,116,41,6503,26375.50
123432,17,127,43,5612,19082.38
123437,17,131,43,4055,18663.81
123442,17,135,43,1748,18215.62
123447,17,139,48,635,17630.31
123453,17,156,51,129,17013.25
123458,17,159,51,68,16757.25
123463,17,151,53,70,16749.25
123468,17,158,51,66,16373.31
123473,17,160,51,71,16213.25
123478,17,150,167,57,15965.25
123483,17,151,49,60,15709.25
123488,17,148,49,63,15577.81
123493,17,153,49,70,15577.81
123498,17,111,40,58,15385.81
123503,17,119,37,75,15241.81
123509,17,131,39,74,15113.81
123514,17,128,39,68,15458.31
123519,17,114,44,95,17960.00
123524,17,113,46,6708,20528.06
123529,17,129,46,5433,19984.00
123534,17,135,79,4287,19776.00
123539,17,136,81,2601,19069.38
123544,17,140,81,921,18682.12
123549,17,141,81,67,18346.06
123554,17,148,81,67,18074.06
123559,17,152,66,680,17817.94
123564,17,153,66,349,17540.94
123569,17,148,188,66,17404.94
123574,17,149,66,59,17348.94
123580,17,147,177,90,17268.94
123585,17,147,55,66,17028.94
123590,17,156,55,82,16940.94
123595,17,159,55,65,16900.94
123600,17,161,57,61,16625.12
123605,17,160,57,76,16293.81
123610,17,160,57,96,16293.81
123615,17,162,57,58,16173.81
123620,17,157,50,60,16101.81
123625,17,125,51,67,15861.81
123630,17,124,49,55,15797.81
123635,17,115,39,66,17953.38
123641,17,116,38,78,21592.69
123646,17,119,36,111,23120.06
123651,17,109,37,617,25545.44
123656,17,109,34,330,27090.88
123661,17,121,38,83,26288.25
123666,17,124,39,30,25993.19
123671,17,135,41,65,26286.81
123676,17,134,44,67,26481.06
123681,17,134,44,77,26407.12
123686,17,123,37,93,26957.69
123691,17,119,35,93,27033.12
123696,17,116,38,60,27046.88
123701,17,118,38,75,27275.75
123707,17,133,44,492,26923.69
123712,17,143,44,69,26851.69
123717,17,153,44,272,26747.69
123722,17,156,46,67,26683.69
123727,17,157,42,56,26475.69
123732,17,157,43,69,25804.50
123737,17,141,42,59,25373.25
123742,17,136,43,65,25384.50
123747,17,140,43,59,25291.62
123752,17,141,43,63,25262.31
123757,17,138,38,74,25347.88
123762,17,124,38,67,25104.25
123768,17,135,40,61,24789.69
123773,17,128,37,65,25092.56
123778,17,141,44,63,24944.50
123783,17,123,38,60,24831.06
123788,17,123,40,59,25243.88
123793,17,136,44,59,25265.06
123798,17,142,44,347,25193.06
123803,17,148,166,65,25169.06
123808,17,151,44,100,25081.06
123813,17,152,44,66,25049.06
123818,17,116,36,81,24737.06
123824,17,128,40,191,24281.06
123829,17,140,40,62,24225.06
123834,17,122,36,75,24001.00
123839,17,121,36,65,23937.00
123844,17,122,36,67,24636.88
123849,17,134,160,80,24596.88
123854,17,143,40,66,24364.88
123859,17,135,136,81,24558.75
123864,17,133,40,68,24446.75
123869,17,140,38,67,24238.75
123874,17,123,36,76,23852.50
123879,17,120,38,68,23972.62
123885,17,127,40,65,23900.62
123890,17,126,36,64,24155.50
123895,17,125,34,66,24012.25
123900,17,111,33,89,23885.06
123905,17,121,35,64,23607.06
123910,17,125,35,55,22981.00
123915,17,127,40,334,23829.19
123920,17,136,35,68,23151.00
123925,17,137,34,3674,22975.69
123930,17,138,35,4006,22219.69
123935,17,140,35,1762,21684.38
123940,17,142,36,1160,21492.38
123945,17,144,38,178,21236.38
123951,17,155,38,61,20415.44
123956,17,155,44,69,20039.44
123961,17,157,44,934,19714.06
123966,17,158,44,273,19681.62
123971,17,161,166,65,19633.62
123976,17,165,44,68,19625.62
123981,17,170,44,406,19553.62
123986,17,171,44,100,19473.62
123991,17,173,44,71,19417.62
123996,17,168,42,68,19201.62
124001,17,159,44,61,19137.62
124006,17,148,37,77,18700.06
124012,17,147,36,66,18068.12
124017,17,150,40,1807,18028.12
124022,17,153,40,1469,17996.12
124027,17,156,41,1128,17972.12
124032,17,157,41,66,17788.06
124037,17,139,37,68,17650.38
124042,17,138,40,66,17562.38
124047,17,134,35,64,17298.38
124052,17,132,35,63,17739.38
124057,17,129,33,58,18010.56
124062,17,125,32,66,18650.00
124067,17,139,36,63,18725.25
124072,17,137,31,84,19386.12
124077,17,126,34,73,19671.56
124083,17,129,35,70,19591.56
124088,17,114,32,61,19957.94
124093,17,126,35,59,20110.06
124098,17,131,34,67,20070.06
124103,17,116,32,69,20155.19
124108,17,111,32,269,20777.06
124113,17,94,34,65,22343.44
124118,17,102,34,4298,22023.44
124123,17,112,158,2910,21943.44
124128,17,129,158,2273,21620.50
124133,17,133,36,2137,21404.50
124138,17,137,36,1912,21300.50
124143,17,141,36,1881,21284.50
124149,17,142,40,1554,21252.50
124154,17,154,40,178,20588.94
124159,17,156,40,67,20354.00
124164,17,157,40,66,20346.00
124169,17,158,40,116,20210.00
124174,17,159,40,67,20058.00
124179,17,157,40,67,19737.44
124184,17,114,36,71,19397.44
124189,17,129,34,710,19077.44
124194,17,135,43,59,18989.44
124199,17,140,41,158,18965.44
124204,17,146,163,70,18933.44
124210,17,146,41,131,18933.44
124215,17,151,43,80,18917.44
124220,17,135,38,59,18901.44
124225,17,127,35,59,18893.44
124230,17,129,35,97,18877.44
124235,17,117,32,66,18874.69
124240,17,120,34,285,18850.00
124245,17,121,37,94,18794.00
124250,17,133,37,62,18664.19
124255,17,130,34,66,18576.12
124260,17,120,36,64,18440.12
124265,17,115,36,69,19168.19
124271,17,124,36,71,19072.19
124276,17,179,157,60,19040.19
124281,17,186,39,57,19024.19
124286,17,186,40,391,19008.19
124291,17,186,40,97,18936.19
124296,17,186,40,59,18864.19
124301,17,187,40,72,18864.19
124306,17,142,30,82,19003.31
124311,17,149,35,64,18915.31
124316,17,130,30,65,19004.31
124321,17,140,30,59,19056.00
124326,17,137,35,79,19122.88
124332,17,139,35,61,19077.75
124337,17,146,36,63,19069.75
124342,17,155,158,59,19061.75
124347,17,156,36,63,18781.75
124352,17,150,156,81,18208.75
124357,17,153,35,162,18168.75
124362,17,157,36,67,18152.75
124367,17,138,32,56,18218.94
124372,17,135,36,147,18602.06
124377,17,136,40,97,20302.06
124382,17,127,32,27,24078.25
124388,17,112,30,67,26462.25
124393,17,120,33,139,29538.62
124398,17,122,37,66,30329.50
124403,17,127,33,109,29526.56
124408,17,129,31,75,29552.38
124413,17,116,33,72,29387.44
124418,17,124,36,2789,29024.06
124423,17,128,38,1563,28306.56
124428,17,144,38,946,28170.56
124433,17,134,37,67,27837.12
124438,17,129,38,68,27421.19
124444,17,130,34,476,27153.75
124449,17,130,34,59,27089.75
124454,17,142,158,57,27009.75
124459,17,145,39,69,26985.75
124464,17,146,161,70,26945.75
124469,17,147,39,155,26806.12
124474,17,149,39,63,26590.19
124479,17,149,39,68,26566.19
124484,17,148,39,67,26435.31
124489,17,135,33,48,26730.06
124494,17,147,34,69,26306.06
124499,17,141,34,70,26258.06
124505,17,145,34,69,26234.06
124510,17,144,34,64,26234.06
124515,17,149,36,76,26218.06
124520,17,147,36,61,26154.06
124525,17,148,36,71,26146.06
124530,17,143,36,65,26082.06
124535,17,143,36,76,26058.06
124540,17,128,34,65,25788.38
124545,17,131,36,64,25780.06
124550,17,141,36,78,25645.88
124555,17,149,36,92,25787.19
124560,17,140,33,60,25701.62
124566,17,132,32,61,25837.44
124571,17,128,38,66,25798.81
124576,17,135,40,69,25767.94
124581,17,138,38,67,25921.00
124586,17,141,40,1920,25385.00
124591,17,143,40,1515,25321.00
124596,17,143,43,854,25009.00
124601,17,146,44,308,24864.19
124606,17,144,40,63,24432.25
124611,17,149,166,63,24408.25
124616,17,156,40,63,24384.25
124621,17,163,162,65,24368.25
124627,17,166,40,319,24352.25
124632,17,172,40,201,24304.25
124637,17,173,40,136,24288.25
124642,17,174,40,67,24272.25
124647,17,167,37,77,24208.25
124652,17,150,35,62,23791.62
124657,17,127,34,63,23063.38
124662,17,132,36,67,22747.19
124667,17,146,34,68,22371.00
124672,17,118,32,39,22564.19
124677,17,130,34,69,22756.69
124683,17,128,32,82,22736.12
124688,17,142,34,3110,22791.06
124693,17,154,36,3607,22263.06
124698,17,159,36,2169,21903.06
124703,17,161,36,973,21460.56
124708,17,161,36,89,21180.56
124713,17,153,158,59,21124.56
124718,17,154,36,66,21108.56
124723,17,155,158,86,21092.56
124728,17,162,36,68,20860.56
124733,17,164,44,68,20812.56
124738,17,164,44,68,20788.56
124743,17,150,42,70,20631.19
124749,17,145,42,66,20495.19
124754,17,144,37,67,20399.19
124759,17,149,37,59,20247.19
124764,17,147,36,70,20143.19
124769,17,122,34,85,20449.00
124774,17,125,33,62,20437.12
124779,17,124,35,161,20835.12
124784,17,122,35,71,21285.06
124789,17,138,35,74,21304.38
124794,17,129,35,78,21360.00
124799,17,130,35,1610,21175.94
124804,17,137,35,799,21127.94
124810,17,142,35,363,21095.94
124815,17,151,37,247,21023.94
124820,17,157,37,65,20911.94
124825,17,159,37,69,20903.94
124830,17,160,37,68,20887.94
124835,17,160,37,67,20831.94
124840,17,161,37,64,20799.94
124845,17,163,37,57,20692.88
124850,17,126,34,68,20474.50
124855,17,131,41,864,20554.69
124860,17,124,34,120,20210.69
124865,17,129,34,72,20130.69
124870,17,123,35,315,20454.50
124876,17,149,160,71,20430.50
124881,17,155,38,72,20390.50
124886,17,161,38,426,20382.50
124891,17,166,38,65,20246.50
124896,17,168,38,63,20222.50
124901,17,170,38,86,20206.50
124906,17,180,38,61,20182.50
124911,17,127,33,81,20174.50
124916,17,132,35,70,20445.06
124921,17,142,35,2012,21566.81
124926,17,145,35,1613,21414.81
124931,17,147,35,295,21278.81
124936,17,139,37,555,20910.81
124942,17,146,101,56,20894.81
124947,17,147,35,71,20870.81
124952,17,151,36,134,20548.31
124957,17,155,36,64,20372.31
124962,17,159,38,62,20340.31
124967,17,165,38,76,20340.31
124972,17,166,38,100,20340.31
124977,17,124,31,59,20393.44
124982,17,146,35,89,20393.44
124987,17,148,35,73,20393.44
124992,17,140,33,35,20964.56
124998,17,141,37,2178,22013.25
125003,17,146,37,1609,21981.25
125008,17,144,35,63,21677.25
125013,17,143,35,282,21581.25
125018,17,150,158,67,21565.25
125023,17,151,38,59,21469.25
125028,17,159,38,304,21373.25
125033,17,162,38,71,21253.25
125038,17,165,38,61,21237.25
125043,17,165,38,71,21229.25
125048,17,134,33,65,21165.25
125053,17,138,37,56,21141.25
125059,17,141,37,30,21125.25
125064,17,114,32,271,26242.50
125069,17,94,32,134,29868.62
125074,17,112,31,170,32233.88
125079,17,103,29,70,33442.38
125084,17,110,30,93,32332.81
125089,17,122,32,68,33325.12
125094,17,112,39,61,32980.50
125099,17,114,39,106,32203.56
125104,17,118,32,59,32217.44
125109,17,115,32,86,32155.25
125114,17,120,34,129,32111.06
125119,17,98,28,67,31841.06
125125,17,102,30,4053,31245.81
125130,17,111,32,2864,30603.25
125135,17,114,32,1194,30227.06
125140,17,116,32,68,29728.94
125145,17,118,34,949,29336.94
125150,17,133,34,60,29256.94
125155,17,139,155,62,29168.88
125160,17,143,34,64,29136.88
125165,17,146,156,66,29104.88
125170,17,150,34,64,28897.00
125175,17,154,34,67,28825.06
125180,17,155,34,77,28769.06
125185,17,156,34,69,28753.06
125191,17,125,32,69,28345.06
125196,17,117,32,68,27782.56
125201,17,118,32,102,27758.56
125206,17,114,32,57,27805.75
125211,17,130,32,72,27159.12
125216,17,126,31,306,28085.62
125221,17,134,38,70,27755.94
125226,17,126,33,136,27593.88
125231,17,138,33,5081,27678.00
125236,17,142,35,4554,27517.94
125241,17,146,35,2943,27021.94
125246,17,148,35,1831,26458.75
125251,17,149,35,866,26258.69
125257,17,153,156,69,26210.69
125262,17,155,157,65,26170.69
125267,17,160,35,71,25962.69
125272,17,161,35,62,25914.69
125277,17,157,35,67,25821.12
125282,17,144,33,62,25813.12
125287,17,146,33,64,25645.12
125292,17,153,33,84,25597.12
125297,17,134,35,149,25037.12
125302,17,126,33,70,24097.38
125307,17,119,32,598,23929.38
125312,17,127,36,63,23921.38
125317,17,136,39,63,23905.38
125323,17,140,163,65,23865.38
125328,17,147,41,83,23786.00
125333,17,150,41,65,23762.00
125338,17,154,41,84,23666.00
125343,17,123,31,67,23824.69
125348,17,125,33,69,23800.69
125353,17,130,35,62,23384.69
125358,17,131,36,55,22898.62
125363,17,134,38,79,22533.25
125368,17,126,32,124,23007.62
125373,17,104,31,81,26666.38
125378,17,107,29,88,28378.94
125384,17,89,30,307,30558.94
125389,17,110,27,64,33297.50
125394,17,118,29,82,33230.62
125399,17,119,29,75,33100.81
125404,17,116,30,39,33122.25
125409,17,108,30,62,33296.94
125414,17,121,31,69,33391.75
125419,17,110,29,51,33276.94
125424,17,108,27,62,33411.62
125430,17,114,29,68,33546.88
125435,17,117,29,62,33416.69
125440,17,102,27,69,33084.31
125445,17,96,25,76,32679.31
125450,17,119,28,102,33039.38
125455,17,106,30,81,32699.38
125460,17,128,31,93,32971.62
125465,17,107,33,69,32688.94
125470,17,115,29,54,32879.50
125475,17,120,33,61,33020.81
125480,17,129,33,259,33769.31
125485,17,132,31,70,33734.38
125490,17,135,31,161,33835.12
125495,17,136,31,71,33805.56
125501,17,136,31,152,33856.81
125506,17,142,33,66,33808.81
125511,17,147,33,174,33836.56
125516,17,152,33,65,33784.25
125521,17,151,33,86,33846.12
125526,17,151,33,81,33792.38
125531,17,149,33,83,33758.19
125536,17,133,32,313,34561.06
125541,17,138,33,65,34521.06
125546,17,134,33,76,33925.06
125551,17,130,30,82,33245.00
125556,17,130,31,62,32986.94
125561,17,132,31,64,33466.19
125567,17,175,33,73,32889.88
125572,17,143,29,68,33796.88
125577,17,148,39,73,33889.00
125582,17,155,39,79,33696.19
125587,17,151,33,68,33352.12
125592,17,157,33,67,33136.12
125597,17,154,156,67,33186.00
125602,17,157,34,60,34036.25
125607,17,158,160,86,33988.25
125612,17,160,38,65,33748.25
125617,17,160,38,67,33668.25
125622,17,164,38,71,33660.25
125628,17,172,38,63,33588.19
125633,17,143,31,63,33284.19
125638,17,148,30,65,33100.12
125643,17,144,34,66,33339.88
125648,17,141,33,74,33484.00
125653,17,146,32,69,33498.38
125658,17,149,35,72,33546.38
125663,17,156,34,69,33717.25
125668,17,157,156,65,33699.00
125673,17,158,34,114,33611.00
125678,17,159,34,72,33579.00
125683,17,135,33,72,33783.06
125688,17,154,33,63,33727.06
125694,17,157,34,82,33655.06
125699,17,139,31,63,33519.94
125704,17,136,33,74,33462.00
125709,17,145,32,64,33667.50
125714,17,157,35,345,33714.44
125719,17,159,157,60,33682.44
125724,17,162,34,66,33634.44
125729,17,163,34,328,33530.44
125734,17,163,34,66,33450.44
125739,17,164,34,67,33402.44
125744,17,165,34,66,33402.44
125750,17,133,31,71,33354.44
125755,17,155,39,63,32721.88
125760,17,146,36,60,32532.44
125765,17,151,31,93,32339.44
125770,17,134,33,62,31985.69
125775,17,154,35,60,32087.25
125780,17,160,38,88,32012.94
125785,17,122,32,73,31766.94
125790,17,132,32,58,31819.88
125795,17,132,30,73,31783.06
125800,17,133,32,61,31765.44
125805,17,131,36,88,31731.94
125810,17,143,30,60,31766.25
125816,17,137,32,75,31733.31
125821,17,144,33,69,31823.31
125826,17,138,33,94,31719.00
125831,17,148,33,88,31858.31
125836,17,132,34,93,31639.06
125841,17,134,30,63,31960.06
125846,17,133,31,5984,31850.75
125851,17,139,32,4657,31210.69
125856,17,143,32,3798,25388.44
125861,17,145,33,2624,24959.44
125866,17,157,36,1943,24609.25
125871,17,161,36,1146,24305.25
125876,17,165,36,273,24121.19
125882,17,167,158,63,24041.12
125887,17,169,158,67,24025.12
125892,17,171,36,63,23642.06
125897,17,168,36,51,23450.12
125902,17,172,36,81,23354.12
125907,17,172,36,60,23314.12
125912,17,176,36,75,23258.12
125917,17,148,33,63,22962.12
125922,17,129,33,69,22938.12
125927,17,131,29,88,25943.88
125932,17,102,25,43,30464.12
125938,17,103,29,71,32913.00
125943,17,116,27,69,34082.88
125948,17,117,32,65,33637.12
125953,17,125,35,283,33700.38
125958,17,137,38,79,33747.88
125963,17,121,28,97,33711.31
125968,17,130,31,86,33633.81
125973,17,123,32,67,33556.31
125978,17,108,34,73,33354.12
125983,17,116,35,108,33678.31
125988,17,171,34,65,33677.12
125993,17,158,38,51,33524.50
125998,17,135,38,76,33666.88
126004,17,130,32,65,33526.25
126009,17,131,32,2485,32600.62
126014,17,142,34,1645,32312.69
126019,17,148,34,749,32072.69
126024,17,148,34,32,31820.62
126029,17,120,30,69,31289.44
126034,17,129,32,92,31303.00
126039,17,139,30,64,31410.94
126044,17,131,34,63,31184.56
126049,17,145,34,84,31292.81
126054,17,156,34,58,31498.88
126059,17,160,34,306,31484.38
126064,17,169,34,64,31290.12
126070,17,169,34,64,31254.81
126075,17,174,35,65,31326.94
126080,17,141,33,75,31412.69
126085,17,129,31,82,31204.44
126090,17,128,32,60,30882.69
126095,17,127,30,63,30982.94
126100,17,110,35,68,31735.19
126105,17,119,32,1263,31789.44
126110,17,139,38,82,31765.44
126115,17,148,38,229,31685.44
126120,17,152,160,61,31653.44
126125,17,156,38,171,31565.44
126130,17,158,38,72,31453.44
126136,17,166,38,64,31437.44
126141,17,167,38,66,31421.44
126146,17,163,34,70,31389.44
126151,17,122,30,58,31101.44
126156,17,120,32,62,30693.44
126161,17,119,28,57,30565.50
126166,17,139,34,65,30594.88
126171,17,118,30,65,30505.31
126176,17,132,38,64,30251.56
126181,17,127,30,73,30298.38
126186,17,129,32,2351,30066.38
126191,17,143,32,601,29712.12
126197,17,146,34,133,29576.12
126202,17,141,34,57,28740.81
126207,17,131,34,77,28292.81
126212,17,130,32,384,28204.81
126217,17,129,39,65,28164.75
126222,17,135,39,319,28068.75
126227,17,146,73,56,28052.75
126232,17,149,41,168,28028.75
126237,17,159,41,64,27813.56
126242,17,161,41,82,27789.56
126247,17,161,41,69,27789.56
126252,17,167,41,220,27781.56
126257,17,171,44,65,27725.56
126263,17,133,37,67,27920.19
126268,17,120,32,74,28205.00
126273,17,124,33,70,28117.00
126278,17,126,33,66,27757.00
126283,17,123,31,73,26997.00
126288,17,135,33,49,26457.88
126293,17,129,33,101,26514.00
126298,17,144,33,251,26354.06
126303,17,155,33,64,26274.06
126308,17,154,33,65,26250.06
126313,17,143,33,61,26202.06
126318,17,125,34,82,25858.00
126324,17,128,32,61,25745.75
126329,17,128,33,64,25569.75
126334,17,119,33,70,25529.75
126339,17,123,33,66,25492.12
126344,17,122,33,64,25521.81
126349,17,137,34,63,25714.06
126354,17,125,32,62,25684.12
126359,17,127,33,65,25511.50
126364,17,138,33,68,25503.50
126369,17,140,156,59,25524.88
126375,17,152,39,68,25516.88
126380,17,160,39,255,25511.06
126385,17,162,39,100,25503.06
126390,17,155,39,60,25432.31
126395,17,158,39,72,25414.81
126400,17,157,39,62,25432.56
126405,17,159,39,64,25415.50
126410,17,167,39,76,25383.50
126415,17,161,35,63,25351.50
126420,17,161,35,64,25311.50
126425,17,114,29,70,26166.75
126430,17,124,33,76,25974.69
126436,17,145,35,68,25900.62
126441,17,140,33,118,25945.44
126446,17,126,37,63,25795.19
126451,17,128,31,73,25715.75
126456,17,137,33,1103,25674.94
126461,17,144,33,66,25634.94
126466,17,156,35,270,25618.94
126471,17,158,101,81,25602.94
126476,17,162,36,311,25602.94
126481,17,164,36,69,25434.94
126486,17,165,36,64,25418.94
126491,17,166,36,71,25402.94
126496,17,138,35,66,25370.94
126502,17,135,34,71,25362.94
126507,17,149,36,67,25362.94
126512,17,153,36,74,24930.94
126517,17,150,33,67,24165.62
126522,17,122,29,73,26730.75
126527,17,137,38,4039,26731.94
126532,17,144,39,3424,26651.94
126537,17,148,39,727,26163.94
126542,17,152,39,131,25760.19
126547,17,187,40,1081,25680.19
126552,17,191,40,132,25544.19
126557,17,183,158,67,25352.19
126562,17,185,40,71,25336.19
126568,17,186,40,426,25320.19
126573,17,189,42,66,25184.19
126578,17,190,42,64,25136.19
126583,17,192,42,67,25088.19
126588,17,221,42,67,25016.19
126593,17,222,42,73,25016.19
126598,17,209,42,29,24896.12
126603,17,201,41,1322,24829.69
126608,17,196,40,61,24797.69
126613,17,198,38,71,24797.69
126618,17,200,40,63,24781.69
126623,17,178,40,63,24757.69
126629,17,176,39,69,24709.69
126634,17,177,39,109,24701.69
126639,17,180,39,214,24661.69
126644,17,153,35,70,25960.69
126649,17,169,35,4187,27233.12
126654,17,171,74,3305,27033.12
126659,17,175,75,1702,26793.06
126664,17,177,72,71,26337.00
126669,17,144,43,602,25929.00
126674,17,158,44,62,25828.56
126679,17,161,168,66,25796.56
126684,17,164,46,58,25788.56
126689,17,168,46,377,25772.56
126695,17,169,46,66,25628.56
126700,17,169,46,71,25572.56
126705,17,165,44,70,25548.56
126710,17,165,41,67,25412.56
126715,17,154,36,830,25148.56
126720,17,159,38,64,25116.56
126725,17,158,39,231,25100.56
126730,17,158,161,75,25092.56
126735,17,164,39,202,25060.56
126740,17,168,41,80,25044.56
126745,17,169,45,65,24732.12
126750,17,168,45,70,24732.19
126756,17,136,37,79,25051.88
126761,17,149,39,62,24987.88
126766,17,154,41,79,24979.88
126771,17,166,45,178,24923.88
126776,17,165,50,65,24875.88
126781,17,173,50,65,24795.88
126786,17,163,48,65,24731.88
126791,17,167,44,69,24603.75
126796,17,126,37,65,24993.94
126801,17,132,33,60,25053.12
126806,17,128,34,62,25745.06
126811,17,129,37,62,25497.06
126816,17,131,35,165,25295.00
126822,17,131,41,248,25191.00
126827,17,139,43,396,25063.00
126832,17,150,87,65,25023.00
126837,17,160,39,116,25007.00
126842,17,164,161,80,24975.00
126847,17,169,39,293,24935.00
126852,17,173,39,144,24688.00
126857,17,173,43,69,24648.00
126862,17,175,43,76,24600.00
126867,17,176,43,96,24560.00
126872,17,177,43,66,24544.00
126877,17,178,43,73,24528.00
126883,17,178,43,66,24528.00
126888,17,178,43,62,24528.00
126893,17,178,43,70,24520.00
126898,17,179,46,56,24496.00
126903,17,179,46,61,24488.00
126908,17,184,44,65,24400.00
126913,17,179,44,72,24400.00
126918,17,176,46,70,24400.00
126923,17,170,46,41,24400.00
126928,17,124,35,62,25121.06
126934,17,123,37,1082,25847.62
126939,17,137,41,69,25631.62
126944,17,140,38,67,25367.62
126949,17,147,39,60,25295.62
126954,17,147,39,65,25215.62
126959,17,145,154,64,25229.75
126964,17,153,37,64,25213.75
126969,17,156,37,220,25255.62
126974,17,161,37,85,25255.62
126979,17,165,39,71,25183.62
126984,17,169,39,70,25183.62
126989,17,136,35,75,25270.31
126994,17,135,37,66,25206.31
127000,17,134,41,65,25657.50
127005,17,127,34,22,30179.81
127010,17,142,39,5620,29758.56
127015,17,153,39,4624,29326.50
127020,17,154,83,2746,29062.25
127025,17,160,84,1342,28546.31
127030,17,157,73,63,28138.31
127035,17,162,73,379,27860.31
127040,17,166,75,66,27804.38
127045,17,162,75,75,27452.38
127050,17,165,75,72,27372.31
127055,17,162,75,176,27196.31
127060,17,163,75,75,27092.31
127066,17,164,75,69,27060.31
127071,17,172,75,63,27036.31
127076,17,144,42,65,26678.31
127081,17,145,47,60,26582.31
127086,17,136,43,64,26542.31
127091,17,114,42,54,30093.25
127096,17,108,36,66,35031.50
127101,17,116,33,6664,30559.94
127106,17,123,35,5339,29971.25
127111,17,126,35,4917,29795.25
127116,17,126,38,3726,29571.12
127121,17,126,38,3296,29347.06
127127,17,171,40,1866,28885.62
127132,17,175,40,791,28325.62
127137,17,179,51,211,28045.62
127142,17,179,51,66,27680.94
127147,17,178,51,81,27480.94
127152,17,179,51,87,27264.94
127157,17,155,69,65,27160.94
127162,17,157,51,112,27152.94
127167,17,156,164,68,27136.94
127172,17,158,42,77,26968.94
127177,17,158,42,57,26753.19
127182,17,158,42,66,26497.19
127187,17,169,42,83,26473.19
127193,17,173,42,61,26473.19
127198,17,175,42,75,26433.19
127203,17,177,46,81,26417.19
127208,17,178,46,69,26417.19
127213,17,169,42,72,26241.19
127218,17,160,44,70,25977.12
127223,17,142,40,65,25929.12
127228,17,136,36,75,25664.06
127233,17,134,41,68,25743.50
127238,17,139,163,65,25695.50
127243,17,143,41,70,25687.50
127248,17,152,40,332,25671.50
127254,17,154,40,156,25671.50
127259,17,159,40,73,25655.50
127264,17,166,40,69,25655.50
127269,17,129,39,73,25644.62
127274,17,140,39,71,26167.62
127279,17,144,40,66,25975.62
127284,17,128,38,58,26190.00
127289,17,137,39,69,26038.00
127294,17,164,36,48,25878.00
127299,17,173,135,64,25862.00
127304,17,174,137,59,25814.00
127310,17,179,40,65,25798.00
127315,17,165,161,66,25774.00
127320,17,190,39,70,25670.00
127325,17,195,39,63,25646.00
127330,17,178,37,60,25638.00
127335,17,137,35,80,25719.06
127340,17,141,37,89,25639.06
127345,17,153,41,67,25399.06
127350,17,146,33,98,26191.31
127355,17,149,37,56,26079.31
127360,17,155,159,64,26063.31
127365,17,162,37,60,26047.31
127371,17,173,39,322,26031.31
127376,17,177,46,99,25999.31
127381,17,178,46,80,25975.31
127386,17,141,34,69,25903.31
127391,17,151,37,66,26123.38
127396,17,155,39,1613,26825.62
127401,17,162,39,948,26761.62
127406,17,163,39,64,26721.56
127411,17,122,37,59,26490.88
127416,17,134,37,256,26410.88
127421,17,134,37,65,26378.88
127426,17,153,165,65,26338.88
127432,17,156,43,61,26314.88
127437,17,158,165,69,26391.56
127442,17,160,43,84,26335.56
127447,17,161,43,65,26319.56
127452,17,164,43,118,26303.56
127457,17,127,37,66,26427.00
127462,17,128,43,106,26943.31
127467,17,112,37,101,29888.75
127472,17,128,37,3386,29432.62
127477,17,132,37,3032,29376.62
127482,17,133,41,233,28205.94
127487,17,144,44,425,27729.81
127493,17,151,166,64,27713.81
127498,17,156,44,58,27593.81
127503,17,157,166,68,27561.81
127508,17,158,44,66,27425.75
127513,17,162,44,66,27409.75
127518,17,165,44,54,27393.75
127523,17,158,38,26,27337.75
127528,17,131,37,724,27233.69
127533,17,133,37,461,27201.69
127538,17,132,37,62,27049.69
127543,17,125,35,62,26769.81
127549,17,145,39,72,26609.81
127554,17,152,168,65,26609.81
127559,17,157,46,86,26601.81
127564,17,160,168,71,26545.81
127569,17,160,46,78,26457.81
127574,17,166,46,59,26441.81
127579,17,168,46,60,26441.81
127584,17,121,36,71,26441.81
127589,17,126,35,61,26369.81
127594,17,121,35,125,29307.88
127599,17,121,34,6783,31806.19
127605,17,124,40,5380,31054.19
127610,17,137,42,4720,29851.31
127615,17,144,42,4225,29587.31
127620,17,147,42,3431,29395.31
127625,17,152,43,2571,29107.12
127630,17,153,43,1671,28757.50
127635,17,160,43,172,28445.50
127640,17,162,43,643,28253.50
127645,17,163,43,59,28093.50
127650,17,166,165,65,27766.19
127655,17,171,43,386,27742.19
127660,17,174,44,74,27710.19
127665,17,175,39,562,27662.19
127671,17,177,39,324,27590.19
127676,17,177,39,310,27574.19
127681,17,177,39,91,27550.19
127686,17,171,39,65,27358.19
127691,17,166,39,67,27214.19
127696,17,153,39,77,27190.19
127701,17,131,39,2459,27640.50
127706,17,135,39,345,27440.50
127711,17,128,37,500,27016.50
127716,17,129,37,63,27016.50
127721,17,135,40,167,26984.50
127726,17,140,162,79,26905.19
127732,17,150,42,205,26857.25
127737,17,153,43,64,26689.19
127742,17,154,43,67,26641.19
127747,17,154,43,62,26617.19
127752,17,131,37,76,26585.19
127757,17,124,37,677,28169.88
127762,17,142,39,1850,27945.88
127767,17,147,39,1792,27937.88
127772,17,149,39,1096,27897.88
127777,17,135,37,940,27529.88
127782,17,133,40,62,27473.88
127787,17,145,42,304,27449.88
127793,17,148,164,60,27433.88
127798,17,152,168,62,27409.88
127803,17,153,168,99,27297.88
127808,17,154,46,172,27185.88
127813,17,158,46,82,27121.88
127818,17,160,46,76,27121.88
127823,17,154,45,67,27105.88
127828,17,124,37,63,27073.88
127833,17,118,35,74,30505.25
127838,17,104,28,350,35078.56
127843,17,93,27,97,37937.19
127848,17,124,43,87,37521.88
127853,17,126,43,81,37621.19
127859,17,111,36,90,36160.38
127864,17,128,36,66,36486.06
127869,17,111,34,107,36180.50
127874,17,121,37,108,36552.75
127879,17,132,41,58,36486.69
127884,17,131,37,49,36552.38
127889,17,127,35,67,36539.25
127894,17,116,31,62,36793.88
127899,17,121,35,79,36687.19
127904,17,125,35,110,37081.44
127909,17,134,36,70,37080.81
127915,17,124,35,1011,37257.56
127920,17,126,35,67,36953.56
127925,17,132,132,218,37171.62
127930,17,136,36,65,37186.25
127935,17,143,161,53,37090.25
127940,17,143,41,65,36877.00
127945,17,148,41,61,36709.00
127950,17,139,40,63,37104.62
127955,17,135,35,60,36989.81
127960,17,137,35,74,37073.94
127965,17,141,35,81,37025.94
127971,17,116,33,61,36564.44
127976,17,120,46,84,36682.38
127981,17,128,48,66,36899.94
127986,17,130,41,65,36459.75
127991,17,143,41,79,36379.75
127996,17,146,41,61,36275.75
128001,17,124,43,58,35680.00
128006,17,137,38,64,35806.94
128012,17,142,40,58,35757.94
128017,17,125,148,64,35806.44
128022,17,130,43,62,35782.44
128027,17,141,43,300,35793.69
128032,17,147,48,58,35649.69
128037,17,150,48,74,35529.69
128042,17,150,48,91,35473.69
128047,17,118,38,57,35553.81
128052,17,127,40,62,35216.31
128057,17,138,48,64,35176.31
128062,17,142,48,74,35160.31
128068,17,130,42,69,34980.81
128073,17,125,38,78,34906.56
128078,17,120,40,65,34850.44
128083,17,120,40,59,35053.69
128088,17,130,40,65,35455.25
128093,17,131,42,4505,35411.69
128098,17,138,42,3864,35155.62
128103,17,141,42,2186,34474.94
128108,17,143,42,1308,33656.94
128113,17,151,42,1071,33152.94
128118,17,153,42,223,32951.00
128123,17,151,164,63,32903.00
128128,17,155,42,66,32879.00
128134,17,156,164,73,32839.00
128139,17,156,42,112,32631.00
128144,17,156,42,80,32615.00
128149,17,163,42,64,32599.00
128154,17,160,42,74,32559.00
128159,17,160,46,64,32527.00
128164,17,162,46,65,32511.00
128169,17,155,46,67,32271.00
128174,17,148,44,67,31453.75
128179,17,142,46,61,31101.75
128184,17,140,45,60,30305.62
128189,17,130,43,72,29843.75
128195,17,118,37,66,29730.69
128200,17,124,40,103,29853.12
128205,17,111,37,58,30155.62
128210,17,122,31,6147,31518.06
128215,17,128,33,5061,31102.00
128220,17,133,33,4702,30760.75
128225,17,137,33,4045,30448.69
128230,17,143,33,3014,30336.69
128235,17,151,33,2344,30040.50
128240,17,153,33,681,29694.31
128245,17,155,33,62,29198.25
128250,17,150,33,74,28947.38
128255,17,142,33,71,28946.94
128261,17,138,33,230,28890.94
128266,17,143,155,65,28858.94
128271,17,152,37,57,28762.94
128276,17,155,37,68,28682.94
128281,17,156,37,80,28554.88
128286,17,157,37,61,28554.88
128291,17,144,35,68,28330.88
128296,17,125,31,61,28186.88
128301,17,129,37,441,27994.81
128306,17,132,37,108,27772.94
128311,17,133,40,69,27716.94
128316,17,121,36,73,27500.88
128321,17,118,32,59,27388.88
128327,17,118,32,57,27333.25
128332,17,126,32,90,27824.19
128337,17,117,40,80,27805.00
128342,17,127,40,87,27717.00
128347,17,133,155,67,27709.00
128352,17,139,33,62,27701.00
128357,17,142,33,400,27677.00
128362,17,145,35,63,27509.00
128367,17,146,35,76,27453.00
128372,17,146,35,73,27325.00
128377,17,107,31,64,27672.06
128383,17,111,36,72,27691.06
128388,17,124,34,63,30261.38
128393,17,130,35,124,33662.62
128398,17,117,33,122,35099.25
128403,17,124,31,106,36831.75
128408,17,120,33,146,38541.31
128413,17,127,33,90,39399.88
128418,17,126,35,61,39334.12
128423,17,125,34,57,39428.19
128428,17,125,33,273,39908.06
128434,17,118,33,81,39464.94
128439,17,117,37,64,39603.31
128444,17,110,36,65,39650.94
128449,17,127,38,76,39758.56
128454,17,128,40,62,39808.44
128459,17,127,41,74,39748.75
128464,17,128,39,69,39961.25
128469,17,123,32,66,40005.31
128474,17,129,33,113,40097.88
128479,17,139,35,68,39977.88
128484,17,133,34,72,38468.00
128489,17,127,33,68,38314.44
128495,17,114,29,78,38270.94
128500,17,110,32,63,38726.50
128505,17,117,33,95,39529.19
128510,17,132,33,68,39639.12
128515,17,125,33,1008,39408.50
128520,17,135,33,69,39136.50
128525,17,136,38,71,39112.50
128530,17,140,160,66,39056.50
128535,17,148,38,73,39032.50
128540,17,149,40,305,38968.50
128545,17,151,43,65,38696.50
128550,17,142,42,63,38325.25
128556,17,146,41,65,38311.12
128561,17,153,42,64,38322.00
128566,17,146,37,77,38418.88
128571,17,127,33,64,39351.62
128576,17,135,41,66,39279.62
128581,17,139,40,279,39087.94
128586,17,133,36,68,38991.44
128591,17,141,36,1556,38312.19
128596,17,146,36,470,37922.06
128601,17,151,38,98,37794.06
128606,17,144,37,59,37554.06
128611,17,139,42,56,37466.06
128616,17,125,34,63,37828.44
128621,17,125,34,72,37849.75
128627,17,136,36,64,37909.56
128632,17,108,34,58,38068.38
128637,17,129,36,68,38154.56
128642,17,130,35,79,38121.12
128647,17,116,35,65,38093.75
128652,17,132,36,81,38254.62
128657,17,132,34,80,38150.62
128662,17,149,38,67,38189.75
128667,17,145,36,71,38277.31
128672,17,149,36,63,38021.31
128677,17,141,36,75,37917.31
128682,17,147,161,60,37901.31
128688,17,157,39,61,37877.31
128693,17,162,41,398,37853.31
128698,17,166,44,96,37757.31
128703,17,167,44,82,37581.31
128708,17,168,44,60,37581.31
128713,17,171,44,67,37533.31
128718,17,131,35,60,37403.69
128723,17,127,37,71,37061.50
128728,17,140,35,111,36717.56
128733,17,135,35,66,36766.44
128738,17,137,34,764,37419.62
128743,17,140,35,66,37403.62
128749,17,154,37,135,37339.62
128754,17,157,163,85,37339.62
128759,17,164,41,136,37299.62
128764,17,167,42,76,37259.62
128769,17,167,42,65,37195.62
128774,17,172,42,61,37187.62
128779,17,149,39,64,37081.88
128784,17,131,34,65,37669.75
128789,17,146,37,59,37389.75
128794,17,151,37,149,37221.75
128799,17,142,34,59,37261.69
128804,17,141,35,76,36619.00
128810,17,151,37,63,36691.25
128815,17,154,37,79,36431.25
128820,17,154,35,65,36443.88
128825,17,148,42,69,36483.81
128830,17,147,43,81,36393.00
128835,17,152,43,97,36516.19
128840,17,154,38,70,36560.44
128845,17,148,38,105,36662.62
128850,17,141,35,91,36515.25
128855,17,138,35,72,37059.94
128860,17,139,38,65,37175.06
128865,17,136,36,66,38026.56
128871,17,142,38,61,38962.38
128876,17,135,35,76,40063.88
128881,17,123,27,104,40890.25
128886,17,140,35,64,40396.69
128891,17,136,35,75,40166.81
128896,17,140,35,64,40242.19
128901,17,142,37,57,40295.25
128907,17,137,32,74,40190.38
128912,17,134,33,56,40317.94
128917,17,135,34,63,40261.19
128922,17,130,34,73,40007.50
128927,17,143,34,1174,39830.44
128932,17,146,36,62,39558.44
128937,17,133,31,63,39128.00
128942,17,131,32,64,39320.62
128947,17,130,31,68,39165.81
128952,17,138,32,73,39243.75
128957,17,129,34,39,39161.88
128962,17,131,34,78,39488.44
128968,17,141,37,89,39015.12
128973,17,140,32,69,38639.12
128978,17,143,32,61,38615.12
128983,17,141,32,298,38527.12
128988,17,151,154,65,38519.12
128993,17,154,156,67,38503.12
128998,17,157,34,66,38319.12
129003,17,158,38,70,37891.56
129008,17,161,38,69,37875.62
129013,17,164,38,73,37867.62
129018,17,164,38,67,37699.56
129023,17,164,38,88,37651.56
129029,17,165,38,67,37635.56
129034,17,132,31,52,38351.06
129039,17,130,31,60,38066.06
129044,17,128,32,72,37738.06
129049,17,138,34,74,37562.06
129054,17,141,34,66,37576.50
129059,17,145,38,67,37576.50
129064,17,145,38,66,37589.56
129069,17,137,34,89,37393.81
129074,17,146,32,61,37411.06
129079,17,145,34,79,37409.69
129085,17,148,34,1046,37086.56
129090,17,133,34,61,36598.62
129095,17,134,32,74,36510.62
129100,17,136,32,62,36358.62
129105,17,138,33,70,36084.38
129110,17,143,38,66,36076.44
129115,17,151,38,203,36060.44
129120,17,156,159,62,36004.44
129125,17,163,39,143,35996.44
129130,17,170,39,78,35852.44
129135,17,173,39,63,35804.44
129140,17,177,39,62,35788.44
129146,17,157,35,62,35648.69
129151,17,116,28,58,36022.31
129156,17,133,32,58,35606.31
129161,17,125,30,70,35566.31
129166,17,143,32,81,35181.06
129171,17,149,33,66,35157.12
129176,17,153,40,71,35220.62
129181,17,142,39,70,35209.12
129186,17,144,39,59,35204.12
129191,17,145,36,74,35196.81
129196,17,143,36,70,35192.44
129201,17,146,38,71,35188.75
129207,17,140,35,98,35172.44
129212,17,135,37,62,34963.44
129217,17,138,35,59,34872.94
129222,17,136,36,101,34900.44
129227,17,130,33,67,35382.81
129232,17,114,32,574,37864.75
129237,17,128,32,221,38590.00
129242,17,127,32,265,40660.75
129247,17,122,31,175,41721.88
129252,17,134,32,74,40347.38
129257,17,136,32,144,40499.88
129262,17,127,32,72,40558.75
129267,17,138,34,77,40523.62
129272,17,130,32,66,40362.19
129278,17,122,35,66,40094.56
129283,17,128,35,1992,39887.81
129288,17,140,35,938,39375.81
129293,17,142,37,401,38925.75
129298,17,143,34,56,38525.75
129303,17,144,34,75,37942.06
129308,17,137,32,61,38094.81
129313,17,136,31,60,38136.19
129318,17,133,32,60,38650.75
129323,17,129,34,69,38939.75
129328,17,127,32,122,38956.81
129333,17,129,32,63,38979.88
129338,17,130,32,61,38907.31
129344,17,136,156,66,39123.06
129349,17,148,48,68,39022.75
129354,17,149,175,61,39067.19
129359,17,153,53,63,38894.81
129364,17,152,53,85,38809.38
129369,17,154,53,79,38765.00
129374,17,157,53,74,38825.50
129379,17,126,38,72,39328.81
129384,17,129,35,61,39290.56
129389,17,129,40,74,38954.56
129394,17,130,35,67,38744.38
129399,17,130,36,58,38755.75
129404,17,132,36,149,38599.12
129410,17,145,36,64,38527.38
129415,17,139,38,105,38487.50
129420,17,136,36,94,38454.56
129425,17,138,34,83,38348.31
129430,17,140,36,3430,37774.94
129435,17,149,36,2176,37294.94
129440,17,152,38,1863,37206.94
129445,17,155,39,879,36712.56
129450,17,158,39,71,35884.31
129455,17,151,39,59,35236.38
129460,17,149,38,60,35092.31
129465,17,145,38,64,34988.31
129471,17,157,42,55,34540.31
129476,17,160,43,321,34524.31
129481,17,161,43,337,34460.31
129486,17,165,43,349,34436.31
129491,17,167,43,292,34420.31
129496,17,163,43,230,34388.31
129501,17,149,43,131,33876.94
129506,17,119,32,77,34004.69
129511,17,115,32,191,33933.62
129516,17,127,29,220,33987.06
129521,17,138,32,73,33907.06
129527,17,127,30,290,34674.25
129532,17,127,34,115,34652.50
129537,17,135,34,182,34746.56
129542,17,132,36,497,34551.56
129547,17,137,37,772,34351.56
129552,17,145,159,60,34287.50
129557,17,149,37,94,34287.50
129562,17,151,161,68,34247.50
129567,17,153,39,175,34095.50
129572,17,153,39,69,33617.94
129578,17,154,39,67,33545.94
129583,17,158,39,62,33441.94
129588,17,146,32,63,33209.94
129593,17,149,37,208,33153.94
129598,17,145,44,556,33040.06
129603,17,144,39,264,33031.81
129608,17,146,40,256,33007.81
129613,17,151,38,142,32999.81
129618,17,153,38,307,32975.81
129623,17,155,40,338,32959.81
129628,17,151,40,260,32895.81
129633,17,122,37,70,32687.81
129638,17,130,32,57,32229.44
129643,17,112,35,14,32261.06
129648,17,138,33,64,32327.88
129654,17,146,36,60,32303.88
129659,17,151,35,70,32295.88
129664,17,153,158,100,32263.88
129669,17,159,36,64,32111.88
129674,17,164,36,163,31991.00
129679,17,160,38,267,31983.00
129684,17,157,40,303,31983.00
129689,17,156,40,322,31959.00
129694,17,148,40,347,31903.00
129699,17,149,40,298,31895.00
129704,17,149,40,195,31895.00
129709,17,160,40,58,31871.00
129715,17,118,29,68,32315.25
129720,17,136,33,71,32235.25
129725,17,138,41,80,32043.25
129730,17,137,86,66,31640.38
129735,17,135,80,62,31481.31
129740,17,125,55,68,31264.62
129745,17,120,52,56,33073.12
129750,17,119,46,83,34936.62
129755,17,115,90,56,36023.75
129760,17,82,56,36,36979.44
129765,17,92,34,77,39713.19
129770,17,99,43,189,42942.62
129776,17,111,55,55,43416.38
129781,17,119,54,56,43388.75
129786,17,115,45,63,42476.94
129791,17,128,53,232,42889.38
129796,17,141,53,353,42894.69
129801,17,141,54,155,43010.75
129807,17,135,51,70,43089.31
129812,17,128,47,61,42939.06
129817,17,122,50,68,42834.31
129822,17,125,46,69,42816.94
129827,17,137,48,176,42671.00
129832,17,125,51,56,42617.56
129837,17,132,45,77,42674.75
129842,17,135,33,62,42729.44
129847,17,134,35,193,42624.88
129852,17,136,35,78,42814.19
129857,17,140,43,129,42886.50
129862,17,138,40,67,43332.25
129867,17,134,37,65,43281.81
129873,17,110,35,60,43024.69
129878,17,125,37,5406,34386.50
129883,17,132,37,2545,25220.75
129888,17,146,37,1815,14946.88
129893,17,149,39,1503,14871.19
129898,17,155,162,1096,14859.00
129903,17,158,40,1342,14801.00
129908,17,159,40,1228,14721.12
129913,17,165,40,893,14665.19
129918,17,167,40,592,14501.69
129923,18,171,40,63,14461.69
129929,27,1112,33,72,14437.69
129934,27,1139,36,63,14429.69
129939,26,851,36,318,14373.69
129944,26,744,35,357,14357.69
129949,26,1054,42,62,14261.69
129954,26,1071,40,104,14253.69
129959,26,907,33,54,14237.69
129964,26,561,31,75,17838.50
129969,26,432,19,66,21694.69
129975,26,310,19,54,24513.00
129980,26,323,27,75,26731.38
129985,26,251,21,60,27229.06
129990,27,330,24,62,27416.00
129995,26,313,23,67,27646.31
130000,26,308,23,64,27036.69
130005,26,296,23,63,26485.25
130010,26,420,23,67,26488.31
130016,26,419,26,78,26639.88
130021,26,397,37,58,26684.19
130026,26,394,47,79,26761.31
130031,26,595,37,64,26686.56
130036,26,603,37,69,26998.06
130041,26,426,32,58,26875.88
130046,26,382,35,64,26888.75
130051,26,385,36,52,26780.19
130056,26,408,34,79,26603.06
130061,26,394,37,61,26746.62
130066,26,381,35,65,26540.38
130071,26,487,36,131,26635.94
130076,26,652,39,62,26717.19
130082,26,547,36,59,26710.50
130087,26,467,32,96,26515.25
130092,26,454,32,64,26609.00
130097,26,456,32,73,26574.06
130102,26,461,32,108,26623.62
130107,26,485,34,73,26649.25
130112,26,481,34,64,26756.69
130117,26,442,27,62,26752.75
130122,26,488,28,73,26842.88
130127,26,481,28,115,26851.06
130132,26,462,28,64,26884.56
130138,26,542,28,65,26958.50
130143,26,491,28,65,26829.94
130148,26,465,28,66,26624.50
130153,26,467,28,33,26566.75
130158,26,404,28,62,26417.75
130163,26,434,37,2280,25943.88
130168,26,453,67,702,25100.88
130173,26,458,67,61,22815.62
130178,26,465,72,103,21135.12
130183,26,468,73,61,21103.00
130188,26,444,44,71,20879.00
130193,26,521,46,68,20847.00
130198,26,406,40,66,21135.88
130204,26,422,41,66,21615.12
130209,26,415,41,63,21943.94
130214,26,437,47,266,21651.31
130219,26,442,71,56,21491.31
130224,26,447,200,63,21419.31
130229,26,462,83,78,21363.31
130234,26,466,83,227,21235.31
130239,26,472,83,81,21075.31
130244,26,477,83,64,20931.31
130249,26,437,63,71,20990.00
130254,26,497,75,64,21071.44
130259,26,408,48,1509,21253.12
130264,26,434,50,409,20885.12
130270,26,434,50,60,20035.19
130275,26,431,48,164,20046.31
130280,26,472,50,613,20224.38
130285,26,483,174,72,20176.38
130290,26,497,52,69,20120.38
130295,26,491,174,206,20056.38
130300,26,498,52,228,19944.38
130305,26,504,52,292,19912.38
130310,26,451,49,291,19575.94
130315,26,514,59,60,19111.94
130320,26,443,55,61,19063.94
130326,26,428,51,117,18950.56
130331,26,431,55,309,18767.44
130336,26,408,53,2342,18535.31
130341,26,429,55,600,17839.31
130346,26,416,56,67,17145.50
130351,26,414,52,69,16889.50
130356,26,414,55,467,16857.50
130361,26,422,177,62,16841.50
130366,26,419,56,66,16833.50
130371,26,491,178,84,16777.50
130377,26,576,61,282,16618.19
130382,26,578,61,96,16578.19
130387,26,580,61,68,16570.19
130392,26,419,47,85,16538.19
130397,26,439,46,66,16721.38
130402,26,452,47,142,16595.38
130407,26,457,45,83,16380.25
130412,26,443,42,69,16154.50
130417,26,420,43,81,15993.38
130422,26,424,43,2598,15720.00
130427,26,437,43,1587,14897.88
130432,26,449,43,571,14519.31
130438,26,528,45,69,14263.31
130443,26,522,45,718,14159.31
130448,26,527,167,66,14159.31
130453,26,537,45,74,14159.31
130458,26,539,167,65,14135.31
130463,26,542,45,74,13983.31
130468,26,546,45,66,13911.31
130473,26,553,45,69,13879.31
130478,26,411,40,63,13815.31
130483,26,419,43,65,13807.31
130488,26,436,43,68,13807.31
130493,26,522,51,69,13807.31
130499,26,536,51,59,13791.31
130504,26,381,39,122,16874.38
130509,26,347,30,403,20988.88
130514,26,331,30,25,22816.06
130519,26,306,28,120,24873.94
130524,26,331,35,72,24138.44
130529,26,351,35,81,24347.06
130534,26,331,28,110,24113.50
130539,26,317,30,82,23643.06
130544,26,317,30,66,23781.44
130549,26,318,25,130,23686.62
130555,26,394,28,63,23433.56
130560,26,335,30,4326,22536.62
130565,26,351,30,3078,21984.19
130570,26,357,30,2517,21840.19
130575,26,369,30,130,21411.00
130580,26,370,28,57,21155.00
130585,26,347,30,69,21034.94
130590,26,361,29,58,20898.94
130595,26,368,30,76,20733.94
130600,26,372,34,96,20518.00
130605,26,369,34,59,20470.00
130611,26,388,32,179,20438.00
130616,26,456,156,73,20430.00
130621,26,460,34,82,20270.00
130626,26,462,38,64,20182.00
130631,26,466,38,67,20094.00
130636,26,468,38,60,20070.00
130641,26,473,38,62,20038.00
130646,26,512,38,63,19998.00
130651,26,508,38,74,19814.00
130656,26,511,38,112,19806.00
130661,26,511,38,66,19790.00
130667,26,512,38,70,19782.00
130672,26,369,28,63,19239.19
130677,26,448,31,58,18579.19
130682,26,455,31,60,18477.31
130687,26,385,28,64,18458.44
130692,26,361,29,67,18420.75
130697,26,357,27,59,18329.56
130702,26,363,29,88,18538.62
130707,26,363,29,85,18662.00
130712,26,381,35,3528,18464.38
130717,26,401,58,1119,17880.38
130722,26,406,59,60,17596.12
130727,26,412,59,64,17428.00
130733,26,430,57,63,17292.00
130738,26,467,61,319,17172.00
130743,26,473,183,66,17084.00
130748,26,473,61,56,17076.00
130753,26,475,45,443,17052.00
130758,26,475,49,158,16956.00
130763,26,477,49,77,16900.00
130768,26,483,49,67,16892.00
130773,26,486,49,73,16708.00
130778,26,487,49,99,16700.00
130783,26,492,49,64,16700.00
130788,26,493,49,61,16692.00
130794,26,514,49,71,16659.25
130799,26,437,44,60,16355.31
130804,26,418,38,68,15511.19
130809,26,387,38,76,15306.69
130814,26,323,34,88,20381.88
130819,26,332,32,767,24164.50
130824,26,342,36,217,26018.31
130829,26,364,36,76,24743.56
130834,26,373,36,92,24850.94
130839,26,348,34,89,24974.19
130844,26,319,32,66,24845.25
130850,26,353,34,72,24045.19
130855,26,409,36,426,25158.62
130860,26,419,36,74,25449.56
130865,26,369,32,61,25105.56
130870,26,369,33,70,24667.62
130875,26,372,34,84,24749.75
130880,26,372,160,67,25014.50
130885,26,379,40,62,24943.31
130890,26,383,152,74,24986.06
130895,26,382,40,62,24801.75
130900,26,382,40,66,25093.12
130906,26,371,34,1908,26054.75
130911,26,392,34,1412,25974.75
130916,26,476,36,1036,25926.75
130921,26,440,32,67,25622.75
130926,26,359,32,60,24998.69
130931,26,353,34,68,24792.38
130936,26,357,34,57,24272.38
130941,26,351,38,73,24109.81
130946,26,360,36,71,24159.38
130951,26,353,36,65,24274.56
130956,26,349,34,65,24019.00
130962,26,358,34,1398,24014.50
130967,26,365,34,4955,23335.06
130972,26,383,34,4058,22712.12
130977,26,458,74,2230,22279.88
130982,26,462,76,337,21765.38
130987,26,459,76,59,21541.44
130992,26,468,76,1144,21293.44
130997,26,474,76,217,21213.44
131002,26,480,76,291,21141.44
131007,26,481,198,64,21141.44
131012,26,486,76,91,20957.44
131017,26,486,76,69,20805.44
131022,26,487,76,69,20797.44
131027,26,488,76,63,20766.69
131033,26,405,42,67,20558.56
131038,26,474,45,54,20254.56
131043,26,452,45,81,19432.94
131048,26,454,45,72,19425.00
131053,26,463,45,59,19409.00
131058,26,382,43,63,18993.00
131063,26,374,41,64,18175.81
131068,26,358,42,70,17443.00
131073,26,343,38,64,17280.12
131078,26,264,31,64,17916.06
131083,26,290,33,3205,17743.50
131088,26,305,33,2327,17375.50
131094,26,406,33,68,17167.50
131099,26,412,36,67,16903.50
131104,26,414,36,653,16695.50
131109,26,416,36,62,16652.19
131114,26,413,36,167,16628.19
131119,26,381,164,62,16548.19
131124,26,358,39,83,16508.19
131129,26,380,41,70,16364.19
131134,26,380,41,59,16236.12
131139,26,380,41,72,16188.12
131144,26,380,41,60,16180.12
131149,26,390,41,69,16148.12
131155,26,468,45,71,16116.12
131160,26,417,37,72,16084.12
131165,26,314,36,66,16500.00
131170,26,311,36,1867,17120.19
131175,26,328,36,61,16920.19
131180,26,329,36,57,16647.12
131185,26,333,38,61,16535.12
131190,26,361,160,66,16511.12
131195,26,365,38,59,16479.12
131200,26,371,42,234,16423.12
131205,26,375,42,62,16311.12
131211,26,390,42,67,16311.12
131216,26,446,42,64,16263.12
131221,26,306,34,74,16263.12
131226,26,323,35,62,16249.25
131231,26,323,34,60,16717.69
131236,26,331,40,64,16541.69
131241,26,330,40,285,16429.69
131246,26,344,164,62,16173.69
131251,26,360,38,62,16165.69
131256,26,366,164,64,16133.69
131261,26,371,42,77,16029.69
131266,26,385,42,79,16021.69
131272,26,391,42,67,16013.69
131277,26,436,42,57,16013.69
131282,26,337,34,66,15909.69
131287,26,315,32,63,16422.31
131292,26,236,33,95,18264.19
131297,26,215,28,262,21619.38
131302,26,211,31,1566,23512.12
131307,26,227,34,6077,20410.62
131312,26,247,34,5079,19978.62
131317,26,249,34,3712,19866.62
131322,26,252,43,2073,19479.38
131327,26,274,43,1255,19143.38
131332,26,279,43,602,18895.38
131338,26,427,43,273,18733.38
131343,26,432,43,899,18524.44
131348,26,434,43,274,18396.44
131353,26,443,165,67,18332.44
131358,26,446,43,70,18316.44
131363,26,448,43,343,18268.44
131368,26,450,43,61,18076.44
131373,26,451,43,60,17964.44
131378,26,451,43,65,17932.44
131383,26,451,43,64,17892.44
131388,26,446,40,316,17483.88
131393,26,427,47,68,17315.88
131398,26,420,47,82,17187.88
131403,26,397,45,87,17171.88
131409,26,279,40,81,23109.06
131414,26,312,42,6904,22355.69
131419,26,316,42,6141,22035.69
131424,26,324,42,5242,20665.38
131429,26,338,44,4800,20424.69
131434,26,345,44,3227,20224.69
131439,26,348,44,1209,19848.56
131444,26,349,44,58,19557.00
131449,26,363,99,62,19277.00
131454,26,434,90,70,19101.00
131459,26,408,88,65,18949.00
131464,26,392,92,83,18749.00
131469,26,378,94,205,18279.06
131474,26,391,94,82,18239.06
131480,26,345,84,148,18151.06
131485,26,351,206,72,18111.06
131490,26,361,84,70,17983.06
131495,26,363,84,71,17887.06
131500,26,365,84,77,17767.06
131505,26,371,84,78,17759.06
131510,26,372,80,78,17650.88
131515,26,368,75,60,17458.62
131520,26,377,78,59,17378.62
131525,26,295,73,66,17901.69
131530,26,293,76,44,18668.69
131536,26,315,80,1641,18817.50
131541,26,319,80,88,18673.50
131546,26,325,82,33,18129.50
131551,26,321,76,74,17878.94
131556,26,293,73,70,17569.56
131561,26,302,76,902,17457.56
131566,26,316,76,71,17385.56
131571,26,340,38,274,17345.56
131576,26,426,168,61,17313.56
131581,26,428,47,155,17217.56
131586,26,429,47,67,17129.56
131591,26,436,47,61,17129.56
131596,26,440,47,72,17113.56
131601,26,447,47,70,17113.56
131607,26,448,47,82,16929.56
131612,26,453,47,72,16913.56
131617,26,451,50,99,16897.56
131622,26,300,36,59,17290.62
131627,26,319,38,76,17514.69
131632,26,331,38,640,17490.69
131637,26,408,40,287,17458.62
131642,26,306,38,61,17635.88
131647,26,312,37,60,17755.50
131652,26,310,40,73,17762.50
131657,26,320,45,63,17714.50
131662,26,335,167,65,17706.50
131667,26,352,47,67,17682.50
131673,26,354,43,340,17562.50
131678,26,361,43,66,17402.50
131683,26,363,43,71,17386.50
131688,26,316,38,70,17362.50
131693,26,398,34,88,17997.19
131698,26,396,40,83,18454.25
131703,26,307,36,112,23624.62
131708,26,278,34,123,27412.06
131713,26,275,33,218,30000.69
131718,26,281,37,1124,29195.50
131723,26,296,39,52,28038.75
131728,26,311,40,76,27979.25
131734,26,324,37,73,28354.44
131739,26,301,35,62,28219.12
131744,26,295,34,345,28085.50
131749,26,298,35,55,28464.81
131754,26,380,35,61,28702.69
131759,26,306,35,89,28972.12
131764,26,332,37,259,28708.12
131769,26,341,157,71,28644.12
131774,26,355,39,66,28604.12
131779,26,358,39,385,28532.12
131785,26,362,39,68,28276.12
131790,26,371,41,69,28220.12
131795,26,371,41,68,28188.12
131800,26,312,33,212,28332.69
131805,26,304,35,75,28202.00
131810,26,328,35,69,27578.75
131815,26,449,37,69,27482.81
131820,26,451,37,73,27330.81
131825,26,456,37,993,27042.81
131830,26,461,37,212,26954.81
131835,26,448,37,67,26538.88
131840,26,338,39,81,25787.12
131846,26,339,40,51,25505.44
131851,26,348,35,62,25688.75
131856,26,323,33,66,25648.69
131861,26,318,35,67,25629.81
131866,26,332,35,383,25498.19
131871,26,356,157,63,25490.19
131876,26,436,35,69,25466.19
131881,26,435,37,371,25434.19
131886,26,443,37,63,25306.19
131891,26,451,41,69,25186.19
131896,26,457,41,68,25138.19
131901,26,463,41,64,25098.19
131907,26,466,41,59,25066.19
131912,26,471,41,62,25034.19
131917,26,472,41,77,25034.19
131922,26,475,41,75,25026.19
131927,26,476,41,64,25010.19
131932,26,512,41,60,24978.19
131937,26,531,44,64,24946.19
131942,26,531,44,66,24930.19
131947,26,503,43,64,24930.19
131952,26,356,34,280,25128.69
131957,26,382,37,80,24215.25
131962,26,380,36,69,24205.81
131967,26,380,35,67,24157.69
131973,26,379,37,66,24034.75
131978,26,370,36,60,23921.38
131983,26,382,36,2595,23764.75
131988,26,396,36,1168,23540.38
131993,26,459,39,349,23132.38
131998,26,456,42,60,22256.19
132003,26,443,42,66,22072.19
132008,26,374,42,332,21936.19
132013,26,383,42,442,21840.19
132018,26,390,164,66,21824.19
132023,26,402,42,66,21816.19
132028,26,411,42,332,21731.50
132033,26,416,42,74,21699.50
132038,26,417,42,63,21675.50
132044,26,417,42,63,21627.50
132049,26,418,42,56,21475.50
132054,26,429,42,58,21019.50
132059,26,439,44,64,20923.50
132064,26,360,35,64,20572.12
132069,26,348,35,55,20661.44
132074,26,364,36,65,20462.44
132079,26,354,36,3048,20571.75
132084,26,362,36,2267,20531.75
132089,26,384,38,1502,20435.75
132094,26,374,37,73,20099.75
132099,26,371,36,66,20003.75
132104,26,373,37,70,19899.75
132110,26,369,158,69,19899.75
132115,26,450,36,61,19875.75
132120,26,452,163,67,19851.75
132125,26,457,41,71,19779.75
132130,26,461,41,68,19711.38
132135,26,464,41,58,19703.38
132140,26,467,41,76,19703.38
132145,26,342,35,61,19295.38
132150,26,354,41,76,19260.06
132155,26,346,39,59,20047.81
132160,26,233,33,263,24271.56
132165,26,192,27,348,29363.94
132170,26,254,29,8024,31093.69
132176,26,396,46,6301,30381.69
132181,26,400,46,5148,24120.38
132186,26,404,46,4649,23904.06
132191,26,408,46,2359,23458.75
132196,26,420,46,1311,23250.62
132201,26,423,46,570,22954.62
132206,26,423,46,134,22678.75
132211,26,433,46,1111,22406.75
132216,26,439,46,163,22358.75
132221,26,443,47,64,22310.69
132226,26,444,46,276,22238.69
132231,26,445,46,67,22014.69
132236,26,454,46,71,21990.69
132241,26,454,46,72,21958.69
132246,26,446,46,65,21546.19
132252,26,446,46,122,21044.25
132257,26,356,32,73,20702.94
132262,26,353,32,1475,20526.94
132267,26,361,34,456,20462.94
132272,26,339,32,65,20230.94
132277,26,324,38,63,20102.94
132282,26,321,36,73,19910.94
132287,26,337,158,69,19894.94
132292,26,345,158,58,19870.94
132297,26,416,41,212,19798.94
132302,26,419,41,62,19749.44
132307,26,420,41,70,19701.44
132312,26,426,41,64,19677.44
132318,26,282,28,73,19653.44
132323,26,311,32,61,19637.44
132328,26,317,34,63,20213.19
132333,26,312,32,73,20205.19
132338,26,319,32,70,20205.19
132343,26,271,25,145,23009.75
132348,26,257,25,602,28386.12
132353,26,355,25,58,32330.62
132358,26,367,35,80,32082.62
132363,26,301,35,109,31962.62
132369,26,292,29,200,31433.44
132374,26,293,29,62,31410.81
132379,26,306,29,74,31323.56
132384,26,304,29,58,30808.88
132389,26,299,29,122,31087.06
132394,26,277,29,75,31531.25
132399,26,278,33,64,31684.00
132404,26,277,29,26,31738.88
132409,26,299,33,281,31589.44
132414,26,417,33,67,31525.44
132419,26,418,35,123,31477.44
132424,26,422,161,65,31429.44
132429,26,432,40,74,31229.44
132435,26,440,40,56,31101.44
132440,26,443,40,62,31069.44
132445,26,447,40,58,31037.44
132450,26,330,31,103,30974.50
132455,26,323,31,92,30475.50
132460,26,319,31,68,30487.31
132465,26,316,31,89,30333.62
132470,26,327,31,148,30141.50
132475,26,418,31,60,30057.44
132480,26,322,32,129,29778.25
132485,26,298,28,96,29630.19
132490,26,308,30,73,29489.00
132495,26,327,30,90,29744.31
132500,26,303,30,107,29686.12
132506,26,283,28,14,29637.81
132511,26,319,32,87,29780.06
132516,26,312,30,92,29750.25
132521,26,296,32,64,29687.00
132526,26,288,28,92,29675.56
132531,26,250,34,164,30593.75
132536,26,377,28,96,30905.38
132541,26,295,32,66,30844.88
132546,26,297,28,60,30924.62
132551,26,314,30,72,30900.56
132556,26,251,26,143,32827.88
132561,26,301,31,57,32238.44
132567,26,228,32,58,32942.81
132572,26,245,30,62,32886.88
132577,26,256,29,102,32503.19
132582,26,245,31,61,32120.38
132587,26,233,28,87,31595.06
132592,26,263,31,63,31732.50
132597,26,387,33,77,31738.38
132602,26,306,29,65,31797.88
132607,26,297,31,91,31670.69
132612,26,308,30,64,31680.44
132617,26,311,30,129,31877.38
132622,26,299,30,96,31839.88
132627,26,315,32,69,31708.06
132633,26,318,31,83,31789.69
132638,26,302,31,61,31899.31
132643,26,300,29,60,31895.31
132648,26,314,31,63,31815.75
132653,26,348,29,65,31731.44
132658,26,382,33,81,31979.56
132663,26,387,33,59,31945.56
132668,26,318,33,128,31984.94
132673,26,331,33,71,31983.94
132678,26,316,32,62,31809.56
132683,26,324,34,95,31859.62
132688,26,334,36,70,31811.62
132693,26,329,29,70,31883.06
132698,26,317,31,62,31950.56
132704,26,318,31,110,32100.50
132709,26,325,31,74,31833.94
132714,26,424,31,48,32131.56
132719,26,426,33,115,32212.94
132724,26,421,33,59,32438.00
132729,26,330,30,117,32030.56
132734,26,339,31,68,32126.88
132739,26,324,31,63,32024.62
132744,26,331,31,110,32179.69
132749,26,334,36,82,32223.69
132754,26,313,29,61,32175.69
132759,26,313,31,101,31976.94
132764,26,320,30,67,32153.62
132769,26,337,31,76,32230.19
132775,26,411,38,75,32147.62
132780,26,318,35,51,32071.19
132785,26,331,33,81,32207.88
132790,26,327,31,55,32154.31
132795,26,333,31,58,32197.75
132800,26,328,31,68,32097.81
132805,26,336,31,975,31551.50
132810,26,352,33,101,31175.50
132815,26,337,33,67,30953.12
132820,26,319,29,100,31045.00
132825,26,325,31,64,31201.12
132830,26,346,31,69,31323.62
132835,26,399,31,62,31100.88
132841,26,403,33,69,31037.12
132846,26,341,31,70,31356.94
132851,26,346,33,855,31116.94
132856,26,359,33,64,31012.94
132861,26,358,35,213,30788.94
132866,26,368,100,69,30596.94
132871,26,375,37,66,30300.94
132876,26,379,37,61,30012.88
132881,26,374,37,65,29860.44
132886,26,366,50,88,29868.31
132891,26,306,31,63,30636.56
132896,26,421,35,65,30593.25
132902,26,335,35,59,30161.25
132907,26,386,38,64,29809.12
132912,26,372,36,61,29934.69
132917,26,413,33,81,29679.81
132922,26,414,36,60,29601.62
132927,26,420,37,1294,29433.62
132932,26,426,41,570,29033.62
132937,26,426,41,76,27425.50
132942,26,401,41,66,27369.50
132947,26,403,41,61,26678.88
132952,26,346,34,59,26406.94
132957,26,324,33,62,26542.00
132962,26,337,34,60,26935.06
132967,26,345,32,64,26915.62
132973,26,371,36,83,26993.81
132978,26,347,36,69,27042.62
132983,26,365,36,2027,26947.50
132988,26,387,37,582,26099.50
132993,26,393,37,77,25452.56
132998,26,384,37,62,25236.56
133003,26,385,38,60,24474.50
133008,26,364,33,1658,24258.31
133013,26,464,161,486,24234.31
133018,26,469,41,473,24210.31
133023,26,475,42,170,24018.31
133028,26,476,42,66,23914.31
133033,26,486,42,59,23890.31
133039,26,489,42,68,23866.31
133044,26,490,42,61,23606.44
133049,26,485,42,70,23582.44
133054,26,486,42,71,23574.44
133059,26,338,35,66,23310.44
133064,26,326,31,66,22561.88
133069,26,338,35,64,23522.94
133074,26,435,36,748,22898.56
133079,26,441,38,63,22146.75
133084,26,443,38,60,22043.69
133089,26,416,33,79,21741.69
133094,26,433,33,3681,21810.19
133099,26,438,37,2934,21594.12
133105,26,442,37,1660,21442.12
133110,26,343,36,73,21114.00
133115,26,341,32,1046,20764.44
133120,26,351,32,171,20722.19
133125,26,356,32,331,20706.19
133130,26,369,32,63,20578.19
133135,26,448,38,68,20498.19
133140,26,453,40,63,20466.19
133145,26,455,40,78,20442.19
133150,26,456,40,60,20434.19
133155,26,462,40,75,20418.19
133161,26,417,38,59,20394.19
133166,26,326,31,63,20354.19
133171,26,339,36,69,20533.38
133176,26,250,26,34,24019.31
133181,26,161,25,294,28872.50
133186,26,164,26,71,31910.50
133191,26,215,28,84,31658.75
133196,26,380,36,66,31245.88
133201,26,259,26,54,31043.00
133206,26,281,34,90,31442.88
133211,26,289,34,609,30781.69
133216,26,298,34,68,30395.19
133221,26,357,30,68,30365.00
133226,26,293,30,69,30541.06
133232,26,311,32,62,30500.25
133237,26,316,32,56,30642.19
133242,26,302,29,63,30264.44
133247,26,312,30,69,30200.44
133252,26,328,30,189,30056.44
133257,26,404,30,66,29861.38
133262,26,385,29,57,29953.88
133267,26,302,28,66,29423.75
133272,26,327,30,67,29209.19
133277,26,296,34,78,29388.94
133282,26,312,30,73,29352.44
133288,26,312,30,63,29135.25
133293,26,344,32,86,29281.88
133298,26,303,26,82,28969.94
133303,26,265,27,70,29617.00
133308,26,295,29,93,29839.88
133313,26,336,28,76,29872.12
133318,26,394,33,76,29905.12
133323,26,330,32,64,29717.94
133328,26,292,28,61,29615.94
133333,26,316,30,73,29742.94
133338,26,302,27,75,29630.56
133343,26,321,30,106,29960.50
133348,26,312,29,59,30058.81
133353,26,322,32,65,30147.62
133359,26,288,27,52,31589.88
133364,26,301,27,71,31841.12
133369,26,297,28,71,32100.56
133374,26,388,33,62,31903.38
133379,26,380,39,92,32130.06
133384,26,299,29,83,31697.00
133389,26,303,29,79,31799.56
133394,26,313,30,62,31878.06
133399,26,304,30,61,31863.44
133404,26,283,28,61,31536.31
133409,26,319,32,115,31728.19
133414,26,320,32,62,32020.19
133419,26,306,31,84,32122.44
133425,26,308,33,72,32216.62
133430,26,288,29,58,31859.50
133435,26,402,30,70,32253.25
133440,26,399,32,91,32463.38
133445,26,331,34,78,32298.94
133450,26,325,34,68,32193.81
133455,26,314,30,65,32202.06
133460,26,315,33,108,32113.38
133465,26,318,35,92,32160.56
133470,26,330,35,79,32156.19
133476,26,300,31,73,32065.19
133481,26,303,30,3574,31726.94
133486,26,312,30,2056,31046.94
133491,26,332,30,907,30316.12
133496,26,426,30,446,30164.12
133501,26,422,30,62,29820.62
133506,26,320,31,90,29203.00
133511,26,324,31,63,29253.94
133516,26,319,32,65,29296.12
133521,26,320,30,81,29392.81
133526,26,330,30,665,29422.44
133531,26,354,32,58,29302.44
133536,26,352,138,67,29158.38
133541,26,356,36,64,28965.06
133547,26,372,158,60,28949.12
133552,26,378,34,58,28573.12
133557,26,442,34,64,28517.50
133562,26,447,36,69,28469.50
133567,26,447,36,56,28453.50
133572,26,369,32,89,28752.44
133577,26,323,30,65,28939.31
133582,26,323,30,70,28491.31
133587,26,326,30,68,28631.00
133592,26,333,36,58,28567.00
133597,26,317,29,58,28519.00
133602,26,367,30,90,28463.00
133607,26,346,33,123,28130.50
133613,26,345,32,59,27470.56
133618,26,405,30,93,27305.81
133623,26,348,31,66,27214.38
133628,26,325,28,79,27132.12
133633,26,355,30,69,27496.38
133638,26,330,28,91,27135.81
133643,26,343,28,378,27634.19
133648,26,337,26,28,27124.25
133653,26,351,32,98,27241.88
133658,26,331,28,75,27997.94
133663,26,337,29,103,28122.25
133668,26,340,28,75,28058.94
133673,26,422,30,61,28327.06
133678,26,308,26,90,30794.50
133684,26,329,32,76,30913.75
133689,26,309,27,81,31634.88
133694,26,282,124,927,33308.69
133699,26,302,135,60,32693.62
133704,26,327,80,469,33087.56
133709,26,218,70,59,33634.50
133715,26,218,70,51,32186.25
133720,26,266,76,230,32469.50
133726,26,241,76,67,32706.12
133731,26,249,78,850,33283.50
133736,26,328,76,75,32810.19
133741,26,332,80,764,33208.81
133746,26,283,76,375,32800.25
133752,26,304,70,70,32632.00
133757,26,296,75,535,32784.50
133762,26,325,77,373,33129.06
133767,26,325,76,452,33572.56
133772,31,674,76,64,34013.94
133778,31,709,31,167,33877.75
133783,26,250,31,675,33488.00
133788,26,292,35,321,33344.00
133793,26,340,35,296,33433.56
133798,26,298,31,215,33523.88
133803,26,333,37,75,33403.88
133808,26,326,59,227,33291.88
133813,26,332,57,62,32638.62
133819,26,312,33,66,32706.50
133824,26,321,35,68,32632.06
133829,26,326,37,70,32550.69
133834,26,316,35,130,32556.25
133839,26,315,36,345,32737.62
133844,26,319,37,75,33073.94
133849,26,331,37,511,32862.50
133854,26,397,40,119,32977.81
133860,26,408,42,127,32979.19
133865,26,329,39,321,33347.69
133870,26,320,36,574,32968.69
133875,26,339,36,80,32480.31
133880,26,333,36,113,32690.50
133886,26,335,38,278,32903.00
133891,26,350,40,102,32578.12
133896,26,335,36,166,33035.62
133901,26,340,37,60,33235.50
133906,26,346,37,303,32834.06
133911,26,358,37,315,32984.19
133916,26,410,60,622,33239.44
133921,26,336,39,466,33039.62
133926,26,335,35,160,32571.56
133931,26,341,37,64,32611.56
133937,26,357,37,379,33255.38
133942,26,332,37,63,33774.44
133947,26,357,37,67,33510.44
133952,26,378,39,67,32437.06
133957,26,328,33,74,31937.94
133962,26,330,35,194,32068.62
133967,26,351,37,93,32158.50
133972,26,329,36,81,31997.31
133978,26,402,38,71,31909.75
133983,26,306,29,245,32066.50
133988,26,320,33,315,32242.12
133993,26,349,37,455,32603.94
133998,26,336,35,405,32451.94
134003,26,345,37,165,31986.19
134008,26,393,37,69,31575.00
134013,26,395,39,207,31535.00
134019,26,400,161,60,31511.00
134024,26,406,39,295,31447.00
134029,26,388,37,184,31127.00
134034,26,463,37,148,30899.38
134039,26,450,37,553,31087.25
134044,26,352,35,62,31235.81
134049,26,340,31,64,31019.06
134054,26,333,30,72,30901.19
134059,26,340,30,115,31479.00
134065,26,328,36,332,31303.00
134070,26,360,38,615,32126.19
134075,26,364,35,81,31822.19
134080,26,346,40,58,31961.69
134085,26,338,36,294,31480.19
134091,26,323,36,387,32356.69
134096,26,432,41,1246,32196.69
134101,26,441,165,107,32052.69
134106,26,446,91,243,31964.69
134111,26,451,43,429,31804.69
134116,26,459,44,342,31732.69
134121,26,463,44,392,31548.69
134126,26,456,44,89,31364.69
134131,26,372,41,173,30359.25
134136,26,355,40,252,30047.31
134141,26,362,40,63,29967.00
134146,26,352,34,72,29087.00
134151,26,326,33,73,28735.62
134156,26,306,32,63,28495.56
134162,26,321,61,483,28757.69
134167,26,280,45,301,28959.50
134172,26,335,48,90,28226.44
134177,26,306,41,74,28620.44
134182,26,311,49,194,29128.19
134187,26,286,40,55,28883.12
134193,26,259,51,4429,28196.56
134198,26,266,51,3588,27523.19
134203,26,274,51,2603,27259.19
134208,26,294,51,2142,26866.81
134213,26,415,51,1633,26714.81
134218,26,424,51,503,26514.69
134224,26,430,50,187,25970.69
134229,26,413,52,1167,25632.50
134234,26,425,52,309,25464.50
134239,26,427,52,350,25432.50
134244,26,423,52,144,25232.50
134249,26,426,52,479,25208.50
134254,26,427,54,341,25192.50
134259,26,429,54,331,25160.50
134264,26,360,98,134,25136.50
134269,26,370,51,161,25096.50
134274,26,432,173,78,25088.50
134279,26,437,51,109,24904.50
134285,26,438,55,61,24869.75
134290,26,443,55,400,24837.81
134295,26,445,55,271,24837.81
134300,26,423,53,127,24629.81
134305,26,326,51,62,23997.81
134310,26,328,51,57,23466.44
134315,26,307,51,87,23354.44
134320,26,301,47,70,22976.69
134325,26,306,49,65,22787.81
134330,26,320,47,74,22873.19
134335,26,292,30,90,22611.38
134340,26,276,39,210,26349.62
134346,26,305,40,5520,25517.62
134351,26,314,40,4573,24933.62
134356,26,329,40,2671,24180.69
134361,26,338,43,674,23884.69
134366,26,344,43,1231,23448.62
134371,26,355,43,555,23240.62
134376,26,358,43,431,23144.62
134381,26,355,43,362,23008.56
134386,26,368,43,283,22772.19
134391,26,380,43,67,22556.19
134396,26,453,43,219,22524.19
134401,26,435,40,57,22436.19
134406,26,328,34,57,22172.19
134412,26,319,38,330,22132.19
134417,26,294,34,46,22767.12
134422,26,312,38,4117,24031.44
134427,26,325,38,3151,23839.44
134432,26,344,40,497,23367.44
134437,26,341,40,1107,22919.44
134442,26,344,40,61,22738.56
134447,26,334,162,73,22714.56
134452,26,341,40,66,22698.56
134457,26,436,162,60,22674.56
134463,26,439,40,64,22402.56
134468,26,441,40,213,22354.56
134473,26,451,40,209,22330.56
134478,26,425,37,277,22306.56
134483,26,326,37,207,22290.56
134488,26,328,34,1974,23113.38
134493,26,336,36,1659,22993.38
134498,26,324,36,62,22561.38
134503,26,331,36,71,22521.38
134508,26,391,34,284,22465.38
134513,26,460,34,57,22417.38
134518,26,468,34,348,22393.38
134523,26,472,36,62,22257.38
134529,26,473,36,61,22249.38
134534,26,478,40,63,22241.38
134539,26,436,38,64,22201.38
134544,26,325,32,67,22001.31
134549,26,337,34,61,21694.62
134554,26,335,34,69,21678.62
134559,26,338,36,90,21716.62
134564,26,302,32,121,25303.12
134569,26,305,32,76,27878.50
134574,26,361,37,74,30130.25
134580,26,277,30,312,32098.44
134585,26,276,30,535,33660.94
134590,26,279,31,22,34304.38
134595,26,302,31,98,33912.12
134600,26,360,31,76,33518.38
134605,26,356,31,63,33626.88
134610,26,291,33,67,33325.81
134615,26,229,33,78,33466.75
134620,26,252,32,2329,32128.88
134625,26,260,34,782,31505.75
134630,26,280,34,124,31169.75
134635,26,416,28,69,30847.94
134641,26,323,30,1089,30719.44
134646,26,340,32,60,30463.44
134651,26,333,152,68,30343.44
134656,26,344,30,69,30303.44
134661,26,344,136,66,30175.44
134666,26,346,27,67,29912.31
134671,26,344,32,70,29903.50
134676,26,330,32,69,30002.81
134681,26,317,32,74,29982.25
134686,26,233,30,62,30377.75
134691,26,258,29,62,29811.94
134697,26,387,33,251,29697.50
134702,26,296,31,69,29651.81
134707,26,277,28,187,29549.62
134712,26,302,35,81,29371.12
134717,26,301,31,66,29484.56
134722,26,310,30,158,29638.50
134727,26,206,28,70,30003.88
134732,26,227,30,113,29859.12
134737,26,230,34,321,30396.44
134742,26,206,31,57,29960.50
134747,26,234,35,62,30135.62
134752,26,229,30,50,30092.25
134757,26,381,37,103,30234.75
134763,26,278,33,67,30453.38
134768,26,283,33,336,30478.94
134773,26,305,33,137,31391.25
134778,26,292,32,66,32034.94
134783,26,313,30,60,32228.81
134788,26,215,27,94,33571.94
134793,26,252,33,96,33914.56
134798,26,206,31,126,34711.44
134803,26,259,35,258,34781.12
134808,26,253,35,64,33987.75
134813,26,374,31,68,33574.12
134818,26,385,31,120,33707.06
134823,26,353,33,70,33520.81
134829,26,302,27,91,33606.81
134834,26,324,31,83,33767.81
134839,26,301,31,38,33490.62
134844,26,329,35,111,33846.00
134849,26,323,33,67,33980.75
134854,26,330,37,122,34330.38
134859,26,331,37,69,34212.31
134864,26,331,37,192,34224.25
134869,26,348,35,79,34204.69
134874,26,431,35,197,34120.31
134879,26,357,34,104,33671.12
134885,26,318,33,69,34010.94
134890,26,327,35,375,34085.25
134895,26,332,35,58,33886.69
134900,26,333,35,59,33771.38
134905,26,330,31,79,33800.69
134910,26,345,31,138,33882.00
134915,26,324,32,83,33898.44
134920,26,331,32,111,33935.75
134925,26,322,31,95,33846.25
134930,26,337,31,75,33934.31
134935,26,419,31,71,33905.69
134940,26,402,31,71,33646.81
134945,26,408,33,65,33680.88
134950,26,325,30,111,33587.19
134956,26,332,30,92,33689.19
134961,26,338,33,63,33858.62
134966,26,343,34,77,33834.25
134971,26,343,34,68,33997.81
134976,26,327,31,66,33750.81
134981,26,305,31,67,33755.81
134986,26,285,27,79,33286.00
134991,26,303,28,68,33322.50
134996,26,393,38,3054,33616.38
135001,26,403,38,1385,32550.69
135006,26,412,40,332,31918.88
135011,26,418,40,227,31886.88
135017,26,318,31,69,31542.75
135022,26,302,29,67,31593.00
135027,26,324,31,94,31507.69
135032,26,337,33,154,31658.19
135037,26,300,31,70,31607.62
135042,26,316,32,657,31574.81
135047,26,332,33,62,31414.81
135052,26,341,152,68,31254.81
135057,26,408,153,62,31198.81
135062,26,412,33,65,31174.81
135067,26,414,37,281,31094.81
135072,26,423,37,61,30786.38
135078,26,424,37,70,30666.38
135083,26,431,37,68,30584.88
135088,26,437,37,80,30539.25
135093,26,432,37,67,30633.19
135098,26,309,29,70,30939.44
135103,26,317,29,68,30395.38
135108,26,335,31,115,29944.94
135113,26,407,32,65,30268.62
135118,26,390,36,80,30157.12
135123,26,332,38,64,30213.88
135128,26,374,37,101,30117.19
135133,26,341,28,97,29987.75
135139,26,337,34,47,29892.31
135144,26,351,34,5281,29912.38
135149,26,374,36,3706,29160.31
135154,26,381,38,2421,28643.75
135159,26,384,38,1237,27800.94
135164,26,390,39,322,27280.50
135169,26,399,39,547,26968.50
135174,26,474,42,201,26785.06
135179,26,478,163,66,26745.06
135185,26,482,41,138,26729.06
135190,26,483,41,418,26665.06
135195,26,488,41,64,26537.06
135200,26,493,42,205,26521.06
135205,26,495,42,175,26505.06
135210,26,470,41,302,26457.06
135215,26,391,38,122,26297.06
135220,26,366,39,69,26161.06
135225,26,329,29,71,25842.06
135230,26,339,32,59,25821.50
135236,26,429,35,68,25749.50
135241,26,435,36,456,25701.44
135246,26,438,42,66,25645.44
135251,26,367,51,417,25573.44
135256,26,375,51,74,25453.44
135261,26,383,54,62,25413.44
135266,26,390,54,63,25397.44
135271,26,398,54,106,25349.44
135276,26,304,32,78,25614.12
135282,26,361,36,202,25494.12
135287,26,350,41,481,24946.50
135292,26,353,40,145,24953.31
135297,26,323,78,364,24997.31
135302,26,336,54,488,25107.06
135307,26,315,87,147,25051.06
135312,26,341,90,55,25035.06
135317,26,326,64,102,24697.50
135322,26,337,91,64,24417.00
135328,26,320,61,182,24357.25
135333,26,300,59,255,24301.69
135338,26,333,61,2395,24290.19
135343,26,349,61,1411,24154.19
135348,26,370,68,607,24106.19
135353,26,447,91,71,24018.19
135358,26,436,88,66,23797.75
135363,26,340,62,52,23501.81
135368,26,329,92,1006,23173.81
135374,26,345,95,277,23069.81
135379,26,345,217,65,23061.81
135384,26,356,103,60,22901.81
135389,26,368,225,60,22893.81
135394,26,370,105,229,22714.50
135399,26,367,79,309,22642.38
135404,26,376,132,59,22626.38
135409,26,394,173,228,22562.38
135414,26,474,173,69,22562.38
135419,26,471,170,351,22546.38
135424,26,473,173,310,22514.38
135429,26,467,174,534,22498.38
135434,26,477,165,300,22466.38
135440,26,475,154,148,22458.38
135445,26,323,93,54,22883.75
135450,26,340,135,245,22965.81
135455,26,305,76,59,22924.94
135460,26,326,128,77,23056.12
135465,26,322,72,70,23326.38
135470,26,350,130,223,23340.25
135475,26,435,126,64,23252.25
135480,26,340,226,55,23100.25
135485,26,332,135,80,22940.25
135491,26,329,131,101,23035.00
135496,26,341,149,73,22987.00
135501,26,337,89,76,22924.50
135506,26,297,92,66,22874.00
135511,26,276,105,99,22928.25
135516,26,271,126,57,22920.50
135521,26,257,140,210,22966.00
135527,26,262,162,235,22958.00
135532,26,275,162,62,22926.00
135537,26,415,145,112,22894.00
135542,26,395,109,184,22878.00
135547,26,308,104,155,23063.81
135552,26,288,65,71,23409.38
135558,26,279,57,89,23479.06
135563,26,236,92,68,23862.62
135568,26,239,87,59,24096.50
135573,26,242,61,105,25709.44
135578,26,261,91,3301,26019.38
135583,26,270,103,796,25646.56
135588,26,286,110,502,25486.38
135594,26,398,84,61,25454.38
135599,26,442,104,1904,25374.38
135604,26,449,122,58,25110.31
135609,26,310,77,67,24958.31
135614,26,335,156,267,24675.94
135619,26,308,110,63,24515.94
135624,26,320,111,233,24497.12
135629,26,361,159,374,24329.12
135634,26,377,162,81,24265.12
135639,26,418,113,72,24153.12
135644,26,430,111,195,24137.12
135649,26,692,141,62,24171.69
135655,26,617,133,70,24204.44
135660,26,629,73,65,24428.75
135665,26,539,82,1203,24417.62
135670,26,586,150,72,24177.62
135675,26,603,161,76,24145.62
135680,26,645,161,163,24105.62
135685,26,642,117,390,24001.62
135690,26,656,143,62,23462.06
135695,26,844,116,241,23318.06
135700,26,836,114,184,23302.06
135705,26,911,77,63,23204.38
135711,26,882,135,63,23197.25
135716,26,912,157,63,23133.25
135721,26,890,168,131,23191.81
135726,26,635,152,71,23554.50
135731,26,809,76,55,23873.75
135736,26,812,108,867,23997.44
135741,26,962,108,248,23997.44
135746,26,531,98,57,24363.81
135751,26,553,71,352,25496.06
135756,26,605,111,66,25232.06
135762,26,771,79,71,25613.31
135767,26,571,80,67,28938.56
135772,26,531,100,324,31794.00
135777,26,491,82,48,32524.19
135782,26,778,62,74,33659.00
135787,26,499,57,69,34876.75
135792,26,459,55,60,37212.31
135797,26,505,57,59,37857.75
135802,26,639,85,54,37248.19
135808,26,629,92,63,36441.62
135813,26,656,96,88,35596.81
135818,27,561,65,30,35768.00
135823,27,819,76,133,36007.56
135828,27,889,77,57,35855.81
135833,27,992,72,60,35664.12
135838,27,1137,79,59,35670.31
135843,27,1406,96,154,35477.00
135848,27,1207,83,68,35149.00
135853,27,1152,68,83,35124.94
135858,27,895,91,244,34956.12
135864,27,892,94,96,34966.62
135869,27,986,94,78,34886.62
135874,27,1091,96,68,34860.44
135879,27,991,121,61,34880.38
135884,27,929,124,145,34921.44
135889,27,859,97,70,34845.56
135894,27,867,79,64,34773.88
135899,27,791,102,208,34997.38
135904,27,885,98,155,34989.06
135909,27,874,98,89,34908.56
135914,27,794,89,52,34937.75
135919,27,844,71,214,35176.75
135925,27,705,65,68,35063.75
135930,27,1174,76,245,35428.75
135935,27,724,94,57,35428.88
135940,27,733,76,69,35224.25
135945,28,1117,105,56,35492.12
135950,29,1437,100,63,35623.81
135955,29,1399,78,70,35730.19
135960,29,1342,78,88,35659.56
135965,29,1199,72,68,35651.56
135970,29,1069,76,65,35483.56
135975,29,1105,75,89,35175.75
135980,29,1205,70,71,35110.62
135986,29,1281,104,56,35086.69
135991,29,1220,114,277,35014.69
135996,30,1631,82,65,34846.69
136001,30,1317,115,62,34669.06
136006,30,1157,83,61,35347.94
136011,30,1361,79,664,35420.12
136016,30,1403,79,57,35356.12
136021,30,1422,75,388,35340.12
136026,30,1181,76,68,35227.25
136031,30,1291,76,64,35374.38
136036,30,1242,67,66,35080.12
136041,30,1256,73,65,34947.31
136046,30,1199,76,303,34528.12
136051,30,1407,68,62,35084.19
136057,31,1416,74,69,35468.75
136062,31,1351,112,647,35456.62
136067,31,1442,110,61,34920.00
136072,31,1259,62,77,35235.06
136077,31,1519,63,1465,34619.06
136082,32,1948,73,62,34363.06
136087,32,1867,76,252,34147.06
136092,32,1865,78,128,33884.81
136098,32,1861,78,90,33780.81
136103,32,1855,76,443,33676.75
136108,32,1540,68,93,33644.75
136113,32,1400,75,69,33380.75
136118,32,1418,69,50,34116.94
136123,32,1519,73,520,34287.94
136129,32,2045,79,127,34055.94
136134,32,2063,79,59,34023.94
136139,32,1591,75,204,33847.94
136144,32,1467,72,107,33727.94
136149,32,1561,75,238,33699.94
136154,32,1497,66,64,34435.69
136159,33,1659,67,132,34597.75
136164,33,1676,69,67,34651.06
136170,33,2074,78,255,34244.75
136175,33,2073,78,65,33866.88
136180,33,2216,200,73,33738.88
136185,33,2199,105,57,33690.88
136190,33,1694,122,61,33869.31
136195,34,1783,81,1564,34128.44
136200,34,1971,90,460,33837.88
136205,34,2007,96,251,33701.88
136211,35,2386,98,71,33613.88
136216,35,2289,84,346,33589.88
136221,35,2278,77,68,33397.88
136226,35,2213,77,202,33365.88
136231,35,2125,76,88,33317.88
136236,35,2215,70,62,33232.06
136241,35,2168,64,78,32826.44
136246,35,2263,68,75,32564.38
136251,35,2150,65,106,32528.81
136257,35,2093,67,85,32860.25
136262,36,2421,70,65,32668.19
136267,36,2334,62,86,32611.00
136272,36,2381,62,63,32427.81
136277,36,2301,58,93,33133.81
136282,36,2259,71,55,33418.25
136287,36,2319,58,1007,33477.56
136292,36,2327,61,62,33082.44
136297,36,2328,62,1012,33622.12
136302,37,2369,169,58,32846.50
136308,37,2229,202,62,34111.44
136313,37,2633,177,60,33201.06
136318,36,2304,67,64,32796.94
136323,38,2569,65,64,32828.06
136328,41,2835,53,75,33012.75
136333,43,3183,51,66,32893.00
136338,43,3282,49,2227,29640.31
136343,43,3368,50,1061,28258.69
136348,43,3378,50,154,27821.88
136353,43,3034,54,57,27313.56
136358,43,3030,58,88,27074.88
136363,39,2722,48,61,27067.25
136369,39,2839,50,64,26772.12
136374,39,2903,50,66,26756.19
136379,41,3152,61,266,26716.19
136384,41,3312,54,68,26588.19
136389,41,3121,62,251,26694.50
136394,41,3195,61,66,26494.50
136399,41,3231,61,61,26440.81
136404,41,3119,50,100,26522.81
136409,41,3164,50,65,26531.56
136414,41,3079,53,70,26475.56
136419,41,3194,56,77,26441.25
136424,41,3181,56,65,26526.88
136430,42,3054,52,78,26856.12
136435,42,3062,45,77,27430.38
136440,42,3213,44,538,27290.31
136445,43,3661,47,64,27122.31
136450,43,3455,46,51,27002.31
136455,43,3403,50,71,26970.31
136460,43,3150,40,75,27652.31
136465,43,3183,44,79,27722.62
136470,43,3246,41,793,27653.31
136475,43,3447,41,75,27581.31
136480,43,3580,43,68,27429.31
136485,44,3810,114,66,27397.31
136491,44,4074,45,70,27181.31
136496,44,4082,46,77,27109.31
136501,44,4023,46,72,27053.31
136506,44,3787,46,68,27029.31
136511,44,3280,40,61,27105.19
136516,45,3777,44,74,27627.50
136521,45,3553,48,60,27762.19
136526,45,3725,41,61,27772.62
136531,45,3816,91,82,27940.81
136536,45,3497,60,69,28194.12
136542,45,3540,67,103,30581.38
136547,45,3503,68,76,33171.19
136552,47,3686,80,60,35244.06
136557,47,3968,67,2925,34578.94
136562,47,4177,72,2968,32420.88
136567,47,4430,74,1568,30088.81
136572,47,4269,72,166,29581.00
136577,47,4044,73,61,29005.00
136582,47,3997,65,57,28680.94
136587,47,4036,73,127,28592.94
136592,48,4436,73,68,28464.94
136598,48,4469,73,235,28392.94
136603,52,4870,76,85,28360.94
136608,52,4955,76,86,28328.94
136613,52,5158,72,68,28144.88
136618,52,4665,172,64,28096.88
136623,52,4431,68,67,28008.88
136628,55,4766,166,60,27984.88
136633,54,4776,66,73,27727.38
136638,54,4713,70,68,27679.38
136643,54,4440,61,77,27919.38
136648,54,4319,70,64,27701.94
136654,50,3857,57,61,28228.69
136659,50,3924,49,723,28156.69
136664,50,4171,57,64,27956.69
136669,50,4228,63,62,27876.12
136674,50,4139,54,60,27748.12
136679,50,3854,53,277,28185.62
136684,50,4043,52,57,27986.75
136689,50,4287,52,68,27810.75
136694,50,4607,86,64,27618.75
136699,50,4625,80,69,27426.81
136704,50,4524,96,63,27378.81
136709,50,4548,60,68,27371.69
136715,50,4576,60,67,27323.69
136720,50,4554,60,63,27307.69
136725,50,4423,60,60,27283.69
136730,50,4671,84,62,27246.00
136735,50,4716,98,65,27237.56
136740,50,4589,97,77,27240.81
136745,50,4280,77,196,27246.06
136750,50,4442,73,65,27230.06
136755,49,4387,75,61,27206.06
136760,49,3984,68,62,28030.50
136765,49,3862,62,63,28482.31
136771,53,3810,68,57,28639.81
136776,53,3924,63,74,28600.88
136781,53,3790,64,67,28528.88
136786,54,3618,65,44,29404.50
136791,53,3567,61,91,32728.50
136796,53,3577,63,65,34578.69
136801,53,3035,47,537,36342.56
136806,53,3171,46,94,37420.12
136811,53,3241,39,89,39325.75
136816,53,3081,39,261,40677.06
136822,49,2965,43,14,39592.25
136827,49,3115,40,79,39968.12
136832,49,2904,38,55,39647.69
136837,49,2880,38,161,40093.38
136842,49,2964,42,189,40072.81
136847,49,2961,42,200,40080.00
136852,49,2876,42,220,40252.31
136857,53,3369,45,56,40712.81
136863,53,3390,44,333,40780.62
136868,53,2783,36,69,40399.75
136873,53,2974,45,142,40566.19
136878,49,2678,48,74,40430.19
136883,49,2698,41,69,40405.81
136888,49,2645,39,66,40317.81
136893,49,2336,37,58,40502.75
136898,49,2193,39,64,40966.06
136903,49,2314,48,59,41435.19
136909,49,2229,43,56,41650.06
136914,49,2477,46,611,40864.69
136919,49,2776,52,336,40432.69
136924,49,2773,53,62,39896.75
136929,49,2440,43,65,39380.12
136934,49,2355,43,67,39834.31
136939,49,2391,45,71,39899.38
136944,49,2645,46,63,39623.94
136949,49,2710,49,70,39367.88
136954,49,2699,51,72,39121.25
136959,49,2610,47,230,39081.25
136964,49,2737,49,72,39057.25
136970,49,2713,53,168,39025.25
136975,49,2815,56,72,39017.25
136980,49,2842,56,66,38985.25
136985,49,2672,54,70,38945.25
136990,49,2644,172,66,38971.06
136995,49,2670,52,58,39008.50
137000,49,2591,47,59,38902.31
137005,49,2671,47,72,38803.81
137010,49,2667,47,68,38699.81
137015,49,2656,47,77,38746.25
137020,49,2340,50,84,39042.88
137025,49,2544,54,71,38449.31
137030,49,2588,48,37,38148.81
137036,49,2522,48,68,38379.06
137041,49,2483,49,62,38348.50
137046,49,2582,48,56,38426.56
137051,49,2579,51,82,38412.44
137056,49,2616,50,67,38519.69
137061,49,2571,50,69,38790.19
137066,49,2450,48,69,38996.56
137071,49,2365,50,58,39249.75
137076,49,2502,52,103,38517.81
137081,49,2398,47,76,38129.62
137086,49,2545,54,69,38430.25
137092,49,2507,52,4364,38312.69
137097,49,2772,53,3909,34790.50
137102,49,2813,53,2631,34171.50
137107,49,2845,53,1481,33294.38
137112,49,2821,76,53,32938.81
137117,49,2520,58,59,32322.75
137122,49,2635,71,1581,31803.94
137127,49,2725,72,154,31627.62
137132,49,2793,192,236,31515.62
137137,49,2805,66,290,31459.62
137142,49,2827,61,202,31291.62
137147,49,2853,61,63,31107.62
137153,49,2515,57,309,30974.50
137158,49,2644,49,59,30862.50
137163,49,2585,55,270,30822.12
137168,49,2475,56,249,30678.06
137173,49,2561,58,67,29805.38
137178,49,2447,48,73,29892.38
137183,49,2553,53,61,29868.38
137188,49,2488,48,65,29759.56
137193,49,2401,46,80,29686.00
137198,49,2247,51,68,30906.62
137203,49,2401,50,127,33080.62
137209,49,2098,39,77,36104.81
137214,49,2495,42,5079,32646.75
137219,49,2655,43,3338,31863.62
137224,49,2706,43,1198,31375.31
137229,49,2726,47,774,31183.31
137234,49,2748,49,246,30733.00
137239,49,2782,49,339,30581.00
137244,49,2793,49,70,30429.00
137249,49,2823,49,75,30269.00
137254,49,2842,49,98,29881.88
137259,49,2840,49,77,29769.94
137264,49,2828,49,71,29665.94
137269,49,2844,49,72,29521.94
137274,49,2850,49,68,29457.94
137280,49,2851,49,72,29329.94
137285,49,2761,47,408,29145.94
137290,49,2778,47,181,29065.94
137295,49,2801,49,62,28993.94
137300,49,2276,39,64,28809.69
137305,49,2148,39,54,29134.81
137310,49,2526,45,63,29082.00
137315,49,2580,62,354,28890.00
137320,49,2612,64,1276,28866.00
137325,49,2460,63,61,28746.00
137330,49,2536,64,293,28714.00
137335,49,2402,48,65,28658.00
137341,49,2281,50,364,29380.81
137346,49,2352,52,57,29227.38
137351,49,2425,53,67,29275.62
137356,49,2646,46,65,29276.88
137361,49,2355,52,69,29244.75
137366,49,2202,50,65,29470.06
137371,49,2520,52,1046,29295.81
137376,49,2613,52,62,28999.81
137381,49,2640,50,58,27497.62
137386,49,2616,176,71,27457.56
137391,49,2681,54,64,27425.56
137396,49,2759,54,210,27401.56
137402,49,2780,54,159,27329.56
137407,49,2790,54,56,27081.56
137412,49,2780,54,302,27033.56
137417,49,2581,54,62,26835.31
137422,49,2591,54,64,26754.38
137427,49,2629,54,78,26730.38
137432,49,2694,54,67,26706.38
137437,49,2228,44,53,26716.62
137442,49,2500,50,96,26603.62
137447,49,2379,45,55,27183.31
137452,49,2317,45,66,27127.31
137457,49,2615,55,54,27015.88
137463,49,2536,52,61,26839.88
137468,49,2390,51,71,26767.88
137473,49,2559,54,71,26759.88
137478,49,2211,43,79,27068.50
137483,49,2593,51,39,26925.88
137488,49,2289,43,49,27668.88
137493,49,2287,43,74,27690.88
137498,49,2259,45,65,27710.75
137503,49,2318,47,139,27742.50
137508,49,2216,43,629,27727.19
137513,49,2369,51,627,27647.19
137518,49,2629,50,74,27591.19
137523,49,2651,52,92,27567.19
137529,49,2559,144,202,27527.19
137534,49,2630,54,57,27423.19
137539,49,2659,54,262,27359.19
137544,49,2425,50,62,27087.19
137549,49,2554,52,70,26810.62
137554,49,2407,37,66,27330.94
137559,49,2359,36,62,27601.50
137564,49,2340,42,58,27585.50
137569,49,2353,41,103,28333.38
137574,49,2364,45,104,28969.25
137579,49,2446,47,2690,29542.56
137584,49,2528,47,1625,29118.50
137589,49,2559,47,1403,29038.50
137595,49,2435,43,68,28746.38
137600,49,2298,43,64,28250.38
137605,49,2459,45,67,28090.38
137610,49,2524,167,70,28074.38
137615,49,2549,45,66,28066.38
137620,49,2569,45,305,28002.38
137625,49,2590,47,75,27917.56
137630,49,2631,47,171,27853.56
137635,49,2708,47,189,27781.56
137640,49,2445,45,63,27773.56
137645,49,2324,41,65,27924.62
137650,49,2299,38,84,29405.31
137655,49,2147,38,79,33110.06
137661,49,2429,40,5154,33271.69
137666,49,2475,40,3825,31453.69
137671,49,2526,40,2268,30849.69
137676,49,2361,40,69,30257.56
137681,49,2487,46,1036,29679.81
137686,49,2519,46,125,29559.88
137691,49,2533,168,73,29479.81
137696,49,2584,49,54,29423.81
137701,49,2631,49,68,29223.81
137706,49,2650,50,390,29039.75
137711,49,2670,50,135,28830.38
137716,49,2691,50,62,28822.38
137721,49,2244,44,58,28574.38
137726,49,2408,40,73,28542.38
137732,49,2320,39,80,28925.56
137737,49,2234,38,90,32369.88
137742,49,2224,42,69,35016.56
137747,49,2204,38,63,36940.44
137752,49,2345,40,61,38506.62
137757,49,2335,40,59,39514.62
137762,49,2309,46,95,39622.12
137767,49,2243,41,80,39640.25
137772,49,2294,42,63,39451.56
137777,49,2196,39,76,39727.88
137782,49,2424,41,76,39864.56
137787,49,2153,39,86,39930.06
137792,49,2254,40,62,39893.62
137798,49,2309,41,63,39841.44
137803,49,2219,41,91,39897.00
137808,49,2291,41,58,40249.44
137813,49,2435,40,64,39985.44
137818,49,2324,40,47,39998.75
137823,49,2323,48,62,40145.00
137828,49,2274,38,58,40141.06
137833,49,2442,46,761,39549.06
137838,49,2471,46,72,38923.12
137843,49,2331,38,60,38811.12
137848,49,2205,36,78,39128.81
137853,49,2222,37,62,38944.31
137858,49,2285,42,59,38974.00
137863,49,2235,42,60,38930.25
137869,49,2250,36,67,39608.06
137874,49,2484,40,376,39326.56
137879,49,2559,40,54,39286.56
137884,49,2578,40,123,39037.56
137889,49,2599,162,63,38973.56
137894,49,2610,43,118,38789.56
137899,49,2526,48,210,38605.56
137904,49,2544,48,126,38565.56
137909,49,2437,36,51,38525.56
137914,49,2328,40,69,38558.25
137919,49,2144,38,67,38400.81
137924,49,2314,38,70,38509.31
137930,49,2256,45,126,38528.31
137935,49,2303,71,66,38524.94
137940,49,2280,45,67,38380.06
137945,49,2285,47,67,38510.75
137950,49,2214,45,106,38461.94
137955,49,2364,51,173,37960.19
137960,49,2307,81,241,37747.50
137965,49,2304,56,87,37819.25
137970,49,2427,58,96,37969.94
137975,49,2223,55,185,38009.75
137980,49,2388,50,83,37809.56
137985,49,2403,60,64,37830.25
137991,49,2318,52,61,37825.06
137996,49,2488,54,96,37851.69
138001,49,2462,54,80,37743.44
138006,49,2370,56,61,37743.56
138011,49,2616,83,63,37871.50
138016,49,2645,58,67,37987.81
138021,49,2898,82,64,38113.62
138026,49,2899,62,70,38131.88
138031,49,2773,54,74,38049.44
138036,49,2644,56,63,38118.44
138041,49,2655,56,63,38130.88
138046,49,2660,58,60,38074.25
138051,49,2553,54,94,37910.75
138057,49,2642,56,69,37958.75
138062,49,2492,54,102,38608.69
138067,49,2358,55,140,39413.50
138072,49,2995,84,73,39818.75
138077,49,2368,52,26,40654.00
138082,49,2909,62,65,40046.50
138087,49,2579,84,59,39902.88
138092,49,2714,60,122,40044.62
138097,49,2789,62,74,40874.25
138102,49,3157,82,82,40698.25
138108,49,3162,85,68,40594.25
138113,49,3100,65,72,40434.25
138118,49,2932,56,63,40322.25
138123,49,2869,58,68,40226.19
138128,49,2614,57,63,40201.25
138133,49,2660,62,71,40935.06
138138,49,2687,64,61,40816.81
138143,49,2534,58,66,40302.69
138148,49,2567,58,65,40308.50
138153,49,2666,57,160,40417.81
138158,49,2589,58,53,40453.38
138164,49,2559,91,65,40606.62
138169,49,2478,54,61,40586.19
138174,49,2381,54,78,41229.19
138179,49,2486,56,66,41309.88
138184,49,2524,63,74,41126.94
138189,49,2490,54,61,41433.31
138194,49,3674,91,69,40833.31
138199,49,3434,93,65,40793.31
138204,49,2875,93,69,40713.31
138209,49,2899,186,73,40657.31
138215,49,3402,90,66,40617.31
138220,49,3241,88,61,40321.31
138225,49,3247,94,61,40155.44
138230,49,3095,92,57,40123.50
138235,49,2398,65,59,40744.19
138240,49,2899,93,65,40363.25
138245,49,2563,67,67,40083.06
138250,49,2577,65,73,39531.19
138255,49,2556,97,75,39459.44
138260,49,2412,71,91,39653.19
138265,49,2328,63,65,40114.50
138271,49,2462,65,880,40158.81
138276,49,2559,67,658,40102.81
138281,49,2662,67,158,40054.81
138286,49,2525,73,60,39998.81
138291,49,2370,65,61,40310.50
138296,49,2370,68,54,40759.56
138301,49,2856,83,375,40538.94
138306,49,2963,80,70,40490.94
138312,49,2991,79,65,40434.94
138317,49,2682,72,63,40314.94
138322,49,2659,68,71,40058.94
138327,49,2641,66,67,39898.94
138332,49,2589,65,65,39626.94
138337,49,2451,64,51,39553.12
138342,49,2596,66,1829,39299.19
138347,49,2675,68,845,39019.62
138352,49,2750,68,64,38499.62
138357,49,2750,72,271,37821.75
138362,49,2487,62,236,37297.25
138368,49,2469,64,85,38039.50
138373,49,2459,66,179,37918.38
138378,49,2441,64,59,37990.94
138383,49,2385,62,61,38149.19
138388,49,2457,62,68,38257.94
138393,49,2452,63,64,38180.38
138398,49,2634,69,820,38040.94
138403,49,2674,65,390,37680.94
138408,49,3020,190,62,37656.94
138413,49,3060,71,284,37648.94
138419,49,3077,193,254,37584.94
138424,49,3106,71,115,37304.94
138429,49,3128,72,270,37240.94
138434,49,3144,72,62,37184.94
138439,49,2370,61,59,36900.31
138444,49,2314,55,55,36714.38
138450,49,2429,55,60,36613.50
138455,49,2321,57,71,36651.69
138460,49,2321,55,284,36914.56
138465,49,2371,58,72,36919.50
138470,49,2411,57,70,36910.12
138475,49,2363,55,61,36837.38
138481,49,2409,57,78,36910.00
138486,49,2341,58,312,37007.44
138491,49,2352,57,64,37040.88
138496,49,2420,61,184,37034.44
138501,49,2406,58,57,37014.50
138506,49,2364,57,62,37095.38
138511,49,2369,59,107,37030.31
138516,49,2352,57,357,37178.25
138522,49,2392,57,72,37162.25
138527,49,2374,59,61,37116.88
138532,49,2424,57,185,37028.88
138537,49,2512,59,100,37042.50
138542,49,2471,58,67,37011.44
138547,49,2500,59,80,36859.44
138552,49,2446,59,67,36859.44
138557,49,2591,59,193,36843.44
138563,49,2616,61,68,36843.44
138568,49,2634,61,78,36811.44
138573,49,2707,61,58,36771.44
138578,49,2728,61,89,36739.44
138583,49,2687,59,67,36403.44
138588,49,2520,57,60,36872.75
138593,49,2552,55,69,36864.75
138598,49,2492,61,61,36952.50
138603,49,2477,54,77,36920.50
138608,49,2474,55,62,36240.44
138613,49,2458,54,70,36011.81
138618,49,2504,56,58,36104.56
138623,49,2420,54,79,36218.81
138628,49,2507,53,68,36094.00
138634,49,2552,55,72,36135.06
138639,49,2508,55,69,36174.06
138644,49,2457,55,80,36118.56
138649,49,2440,53,66,36849.69
138654,49,2501,54,74,36400.12
138659,49,2554,53,61,36292.56
138664,49,2416,45,67,37484.62
138669,49,2532,45,884,37060.56
138674,49,2556,50,67,36026.31
138679,49,2450,47,75,35871.94
138684,49,2508,44,61,35938.56
138689,49,2528,45,62,35888.75
138694,49,2554,45,79,35934.50
138700,49,2536,44,91,35892.75
138705,49,2518,47,115,35889.75
138710,49,2383,45,219,36678.69
138715,49,2351,38,64,38572.00
138720,49,2322,36,68,40528.50
138725,49,2386,35,72,40931.94
138730,49,2282,34,68,40105.81
138735,49,2331,36,68,40432.25
138740,49,2495,42,69,40850.69
138745,49,2479,42,66,40958.31
138750,49,2529,35,66,41040.00
138755,49,2412,34,75,40964.75
138760,49,2471,35,66,41018.19
138766,49,2500,38,87,41113.06
138771,49,2511,38,66,41150.31
138776,49,2505,41,59,41285.38
138781,49,2538,43,66,41209.44
138786,49,2492,36,65,41165.19
138791,49,2311,36,59,41243.94
138796,49,2494,38,73,41274.75
138801,49,2488,38,59,41226.75
138806,49,2429,36,68,41238.81
138811,49,2530,36,65,41157.44
138816,49,2512,36,58,40704.44
138821,49,2396,39,58,40285.12
138826,49,2350,38,74,40267.69
138832,49,2465,35,86,40382.62
138837,49,2424,36,68,40527.75
138842,49,2531,35,61,40233.06
138847,49,2440,40,74,39793.06
138852,49,2502,40,70,39769.06
138857,49,2472,41,263,39745.06
138862,49,2545,166,49,39729.06
138867,49,2508,45,103,39649.06
138872,49,2604,45,60,39465.06
138877,49,2523,40,79,39377.06
138882,49,2139,33,67,40188.12
138887,49,2476,38,61,39828.12
138892,49,2485,36,66,39588.12
138897,49,2511,34,73,38829.75
138903,49,2481,43,70,38731.31
138908,49,2412,40,75,38827.06
138913,49,2465,42,61,38728.00
138918,49,2458,44,84,38832.94
138923,49,2314,42,72,38864.06
138928,49,2454,41,80,38788.62
138933,49,2466,42,69,38576.69
138938,49,2326,40,6129,38433.31
138943,49,2499,42,4192,37017.88
138948,49,2550,44,2853,36361.88
138953,49,2592,44,2369,36201.88
138958,49,2654,44,1699,35827.19
138963,49,2678,44,1377,35715.19
138968,49,2687,45,1300,35683.19
138974,49,2702,45,1225,35675.19
138979,49,2717,45,1085,35619.12
138984,49,2728,45,904,35595.12
138989,49,2755,45,786,35547.12
138994,49,2770,45,713,35523.12
138999,49,2773,45,544,35507.12
139004,49,2775,45,509,35491.12
139009,49,2780,48,457,35443.12
139014,49,2782,48,173,35275.12
139019,49,2780,48,65,34393.38
139024,49,2763,48,65,34145.38
139029,49,2761,48,69,34064.88
139034,49,2461,44,64,33920.88
139039,49,2453,47,75,33848.88
139045,49,2513,47,75,33632.75
139050,49,2850,45,74,33216.62
139055,49,2453,42,80,33192.62
139060,49,2346,38,75,33489.69
139065,49,2298,39,64,33451.44
139070,49,2527,44,577,32955.56
139075,49,2522,40,206,32579.31
139080,49,2599,42,61,32467.31
139085,49,2613,163,62,32387.31
139090,49,2639,42,65,32259.31
139095,49,2619,44,106,32059.31
139100,49,2661,44,61,31873.94
139105,49,2651,44,73,31841.94
139110,49,2647,44,62,31753.94
139116,49,2646,44,74,31721.94
139121,49,2657,44,65,31713.94
139126,49,2621,44,69,31681.94
139131,49,2271,39,70,31855.00
139136,49,2496,46,287,31792.06
139141,49,2525,39,68,31112.81
139146,49,2425,45,62,31173.75
139151,49,2439,41,68,31006.00
139156,49,2410,47,73,30918.06
139161,49,2299,37,79,33564.06
139166,49,1926,37,43,36479.44
139171,49,2091,34,78,38898.88
139177,49,1977,35,315,41061.25
139182,49,2233,34,5567,33979.19
139187,49,2305,38,4951,33724.88
139192,49,2359,45,4199,33564.88
139197,49,2457,54,2249,33196.88
139202,49,2484,54,97,32561.31
139207,49,2468,54,65,31941.38
139212,49,2348,46,114,31444.88
139217,49,2328,46,75,31380.88
139222,49,2339,46,127,29331.00
139227,49,2370,46,69,28708.25
139232,49,2443,65,63,28485.00
139237,49,2445,46,115,28397.00
139243,49,2458,46,64,28229.00
139248,49,2477,46,76,28205.00
139253,49,2388,40,64,28045.00
139258,49,2176,50,74,27006.31
139263,49,2242,42,57,26866.06
139268,49,2053,40,62,27363.00
139273,49,2105,39,134,31029.69
139278,49,2159,42,74,33366.38
139283,49,2215,42,5835,33791.00
139288,49,2292,42,3174,30563.31
139293,49,2358,42,2825,29978.81
139298,49,2383,42,1828,29667.19
139303,49,2410,164,530,29571.19
139309,49,2450,166,253,29467.19
139314,49,2475,44,208,29259.19
139319,49,2526,44,279,29195.19
139324,49,2411,40,69,28927.81
139329,49,2418,41,68,28838.69
139334,49,2304,39,59,28662.69
139339,49,2321,41,1176,28374.69
139344,49,2349,41,73,27847.44
139349,49,2233,36,112,27372.19
139354,49,2210,38,80,27292.19
139359,49,2090,36,48,27272.44
139364,49,2116,38,76,27225.56
139369,49,2291,44,137,27172.50
139374,49,2340,47,170,27132.50
139380,49,2420,47,69,26948.50
139385,49,2443,48,65,26932.50
139390,49,2459,46,85,26626.88
139395,49,2485,46,61,26610.88
139400,49,2482,47,64,26554.88
139405,49,2402,41,144,26474.88
139410,49,2436,41,69,26378.88
139415,49,2418,41,63,26330.88
139420,49,2434,44,67,26314.88
139425,49,2210,41,79,26282.88
139430,49,2221,36,66,26610.00
139435,49,2077,39,59,26626.19
139440,49,2127,36,70,26607.00
139445,49,2256,39,64,26583.00
139451,49,2237,37,64,26608.38
139456,49,2189,38,61,26689.75
139461,49,2121,36,62,26657.75
139466,49,2071,35,65,26619.25
139471,49,2148,34,59,26600.88
139476,49,2097,36,65,26581.38
139481,49,2127,36,71,26556.62
139486,49,2223,40,74,26532.62
139491,49,2161,38,70,27314.06
139496,49,2236,43,63,27290.06
139501,49,2261,39,64,27274.06
139506,49,2256,39,72,27266.06
139511,49,1897,36,29,31217.50
139517,49,1724,32,72,34883.94
139522,49,1708,29,66,38339.06
139527,49,1878,31,78,37972.56
139532,49,1998,31,100,37724.25
139537,49,1907,29,72,37990.62
139542,49,2023,31,83,37973.81
139547,49,1958,32,68,38094.00
139552,49,1998,29,69,37888.38
139557,49,2023,31,95,38116.25
139562,49,1980,34,81,37782.06
139567,49,1952,51,51,38179.88
139572,49,1974,67,75,37940.38
139577,49,1731,52,49,37738.25
139583,49,1946,62,69,38334.94
139588,49,1791,55,133,37980.12
139593,49,2064,56,76,38361.94
139598,49,1986,57,85,38111.62
139603,49,1799,54,62,38003.25
139608,49,1964,115,78,38410.88
139613,49,2144,117,878,37797.38
139618,49,2142,57,70,37173.38
139623,49,2079,65,73,36484.12
139629,49,2010,58,68,36774.69
139634,49,2023,57,68,36801.88
139639,49,1978,119,86,36753.19
139644,49,2093,110,65,36440.00
139649,49,2141,58,61,36107.56
139654,49,2180,58,76,35921.31
139659,49,2183,57,59,35880.69
139664,49,2158,58,342,35891.25
139669,49,2194,60,85,35726.56
139674,49,2220,60,71,35647.50
139679,49,2283,60,62,35620.81
139684,49,2251,60,75,35715.19
139689,49,1913,56,64,36480.00
139694,49,2093,58,74,36344.00
139700,49,2074,56,72,35625.81
139705,49,2087,58,69,35752.69
139710,49,2169,62,69,35741.56
139715,49,2100,58,57,35730.94
139720,49,2028,61,71,35699.44
139725,49,2077,59,63,35675.44
139730,49,2081,60,70,35684.06
139735,49,2023,62,69,35790.06
139740,49,2079,107,74,35567.12
139745,49,1989,58,65,35309.88
139750,49,1922,101,72,35424.19
139755,49,2103,99,70,35296.19
139760,49,2089,67,61,35303.06
139766,49,2079,59,71,35271.06
139771,49,1945,58,80,35147.19
139776,49,2027,60,68,35209.31
139781,49,1949,55,65,34863.06
139786,49,1936,50,56,34872.06
139791,49,1996,54,112,35007.38
139796,49,1809,31,55,35614.81
139801,49,2041,33,68,35935.06
139806,49,2108,34,76,35994.94
139811,49,1915,33,81,35820.44
139816,49,1976,35,64,36234.06
139821,49,1992,65,62,36076.44
139826,49,1931,43,63,35849.19
139832,49,1832,96,59,35646.19
139837,49,2006,56,62,36153.69
139842,49,1968,58,63,35908.69
139847,49,1958,63,88,36046.38
139852,49,2072,91,77,36035.25
139857,49,1871,65,55,36125.62
139862,49,2015,61,75,35983.00
139867,49,1903,61,68,35792.62
139872,49,2002,63,62,35860.31
139877,49,1872,61,69,35878.56
139882,49,2007,65,66,36002.62
139888,49,1869,63,60,35849.62
139893,49,2007,61,73,36845.81
139898,49,1950,63,64,37382.38
139903,49,1762,35,57,37528.75
139908,49,1777,33,61,38227.00
139913,49,1931,33,70,38110.12
139918,49,1683,31,60,37880.12
139923,49,1945,33,149,38108.12
139928,49,1800,33,70,37890.19
139933,49,2013,31,68,38189.75
139938,49,1766,31,56,38267.62
139944,49,1857,32,181,38312.75
139949,49,1916,31,66,38204.56
139954,49,1843,39,61,38276.62
139959,49,1831,36,140,38898.12
139964,49,1944,38,55,38577.75
139969,49,1933,40,82,38635.38
139974,49,1788,39,63,38358.62
139979,49,1823,38,72,38559.38
139984,49,1765,37,264,38358.56
139989,49,1870,36,94,38561.44
139995,49,1898,38,84,38633.12
140000,49,1689,36,66,38158.31
140005,49,1788,34,109,38265.25
140010,49,1770,36,63,38058.25
140015,49,1940,36,80,38418.38
140020,49,1793,33,67,38899.19
140025,49,1925,33,56,38899.56
140030,49,1915,32,62,38704.81
140035,49,1936,33,86,38117.38
140041,49,1925,36,96,38356.75
140046,49,1838,30,62,38490.25
140051,49,1830,34,68,38256.12
140056,49,1996,34,73,38179.19
140061,49,1927,38,73,38464.50
140066,49,1886,36,228,38731.06
140071,49,2065,34,72,38541.12
140076,49,1906,32,257,38651.12
140081,49,1907,33,70,38560.94
140086,49,1765,29,66,38966.44
140091,49,1959,36,66,38879.94
140096,49,1987,36,95,38783.94
140101,49,1847,33,64,38606.69
140107,49,1811,33,58,38430.50
140112,49,1863,36,76,38731.06
140117,49,1972,38,58,38555.88
140122,49,1866,35,57,38405.12
140127,49,1923,37,61,38103.69
140132,49,1965,33,82,38195.44
140137,49,1770,31,64,37867.56
140142,49,1722,31,59,37907.50
140147,49,1894,33,100,38263.94
140152,49,2022,40,66,38706.88
140158,49,1875,36,80,38737.38
140163,49,1927,34,73,38868.50
140168,49,1969,33,60,38872.81
140173,49,1845,33,80,38659.69
140178,49,1715,31,80,38547.50
140183,49,1801,34,61,38684.12
140188,49,1766,33,64,38494.94
140193,49,1811,31,107,38424.31
140198,49,1957,33,73,38697.81
140203,49,1822,32,66,38455.31
140208,49,1682,29,67,38306.75
140213,49,1433,26,75,38734.25
140219,49,1499,26,60,38869.94
140224,49,1471,28,66,39038.31
140229,49,1463,27,70,38742.31
140234,49,1507,26,59,38620.12
140239,49,1467,30,75,39556.06
140244,49,1661,32,64,39914.06
140249,49,1695,30,67,39837.62
140254,49,1766,30,3036,38520.75
140259,49,1808,35,483,37743.12
140265,49,1553,27,77,37798.69
140270,49,1516,30,79,40160.31
140275,49,1412,27,58,41493.25
140280,49,1598,31,61,40797.62
140285,49,1435,28,34,41984.00
140290,49,1431,27,121,43297.69
140295,49,1565,31,62,43088.69
140300,49,1491,30,65,42637.62
140305,49,1473,37,59,43199.31
140310,49,1491,27,52,42470.06
140316,49,1551,27,134,43093.12
140321,49,1369,25,78,42583.75
140326,49,1404,25,59,41408.00
140331,49,1542,28,119,40989.19
140336,49,1543,36,61,42021.94
140341,49,1699,32,64,41677.25
140346,49,1815,32,63,42369.56
140351,49,1846,32,169,42578.50
140357,49,1873,32,75,42411.38
140362,49,1907,34,85,37635.69
140367,49,1755,32,63,31807.75
140372,49,1805,30,67,24845.75
140377,49,1779,32,59,17434.19
140382,49,1755,32,62,17605.62
140387,49,1762,32,61,17738.06
140392,49,1816,34,64,17732.69
140397,49,1790,41,66,17858.56
140402,49,1897,41,71,17982.19
140408,49,1817,32,66,18700.56
140413,49,1853,32,67,18883.00
140418,49,1823,32,61,18654.25
140423,49,1796,34,63,18991.75
140428,49,1733,34,69,19033.00
140433,49,1836,32,62,18992.50
140438,49,1816,32,66,19053.88
140443,49,1796,36,57,19157.06
140449,49,1866,36,55,19226.25
140454,49,1887,38,59,19353.19
140459,49,1801,34,69,19400.00
140464,49,1897,35,63,19524.88
140469,49,1867,32,57,19605.81
140474,49,1896,32,55,19647.00
140479,49,1790,32,54,19719.25
140484,49,1839,34,61,19933.44
140489,49,1862,34,56,20026.19
140495,49,1837,32,57,20206.88
140500,49,1835,32,60,20416.12
140505,49,1804,30,55,20629.50
140510,49,1819,32,68,20812.19
140515,49,1583,28,71,21789.44
140520,49,1637,32,54,23218.25
140525,49,1816,30,59,22937.69
140530,49,1647,32,65,22748.38
140535,49,1776,31,67,23177.62
140540,49,1602,30,78,24591.62
140546,49,1701,32,61,23666.00
140551,49,1783,28,66,24356.19
140556,49,1731,28,63,23632.50
140561,49,1763,32,73,23704.75
140566,49,1743,34,74,23834.88
140571,49,1770,34,76,23761.12
140576,49,1607,30,68,24851.69
140581,49,1659,28,56,24776.50
140587,49,1555,30,105,26042.38
140592,49,1584,31,262,28516.19
140597,49,1402,30,792,30757.12
140602,49,1429,31,63,32358.81
140607,49,1452,27,67,34308.44
140613,49,1432,25,75,35594.75
140618,49,1435,29,27,37181.69
140624,49,1501,26,75,36937.12
140629,49,1535,24,95,36449.50
140634,49,1733,31,62,36685.75
140639,49,1509,27,101,36689.12
140644,49,1600,29,61,36980.25
140650,49,1448,26,163,37509.38
140655,49,1730,28,130,36226.06
140660,49,1780,32,62,35903.88
140665,49,1634,34,68,36076.06
140670,49,1781,34,82,36317.44
140675,49,1658,30,655,37036.56
140680,49,1781,30,68,35945.50
140686,49,1684,30,72,36260.94
140691,49,1734,32,57,36814.50
140696,49,1684,32,142,37150.75
140701,49,1593,27,337,37761.62
140706,49,1762,31,51,37213.62
140711,49,1604,30,58,37212.62
140716,49,1600,27,67,37466.44
140721,49,1741,31,72,38521.38
140726,49,1742,30,60,37703.62
140732,49,1841,31,56,37897.94
140737,49,1672,28,71,37921.19
140742,49,1761,30,73,37844.94
140747,49,1811,30,57,37951.56
140752,49,1616,132,66,38138.31
140757,49,1787,30,62,38078.81
140762,49,1692,130,59,38222.06
140767,49,1816,30,64,38262.50
140772,49,1766,30,67,38274.31
140777,49,1824,30,55,38340.06
140782,49,1745,32,67,38448.25
140788,49,1785,32,100,38717.44
140793,49,1761,32,76,38657.88
140798,49,1699,34,71,38618.56
140803,49,1739,29,60,39215.12
140808,49,1837,30,74,39147.06
140813,49,1887,32,54,38641.06
140818,49,1819,32,57,39040.25
140823,49,1851,30,57,38953.69
140829,49,1884,30,66,38366.94
140834,49,1890,30,79,38320.94
140839,49,1983,30,80,38806.19
140844,49,2175,32,70,38346.50
140849,49,1739,26,370,39192.81
140854,49,1826,30,77,38590.50
140859,49,1895,30,70,38311.12
140864,49,1876,30,103,38360.69
140869,49,1919,30,57,38388.12
140874,49,1916,32,88,38407.00
140879,49,1934,36,66,38480.69
140885,49,1959,36,74,38451.69
140890,49,1944,34,71,38476.88
140895,49,1875,30,64,38436.88
140900,49,1823,29,65,38958.56
140905,49,1899,32,56,38517.56
140910,49,1935,32,74,38620.81
140915,49,1848,30,56,38890.25
140920,49,1931,30,43,38850.75
140926,49,1783,30,97,39217.62
140931,49,1864,28,79,38679.06
140936,49,1890,32,62,38666.38
140941,49,1852,32,55,38725.75
140946,49,1973,36,84,38684.25
140951,49,1993,36,69,38654.81
140956,49,1981,34,60,38587.75
140961,49,1960,36,62,38554.44
140967,49,1899,32,68,38574.69
140972,49,1968,32,65,38569.75
140977,49,1957,32,61,38492.81
140982,49,1945,30,75,38509.88
140987,49,1861,30,65,38525.44
140992,49,1903,32,80,39154.62
140997,49,1929,31,81,38480.44
141002,49,1814,32,112,38487.19
141008,49,1912,30,63,39081.06
141013,49,1904,28,154,38995.25
141018,49,1727,29,239,39167.75
141023,49,1883,32,83,38385.69
141028,49,1844,31,166,39207.06
141033,49,1861,34,60,38386.88
141038,49,1823,30,83,39126.75
141043,49,1796,30,294,39162.94
141048,49,1867,30,73,39030.69
141054,49,1944,40,82,38577.62
141059,49,1883,39,59,39106.56
141064,49,1902,29,75,38285.56
141069,49,1939,28,71,38296.44
141074,49,1842,23,55,38533.94
141079,49,1900,24,64,38447.56
141084,49,1688,26,251,39212.12
141090,49,1929,26,60,38399.25
141095,49,1950,28,61,38296.56
141100,49,1921,26,56,38240.00
141105,49,1864,25,69,39042.81
141110,49,1845,25,162,39044.38
141115,49,1895,27,61,39017.88
141120,49,1920,31,63,38371.62
141125,49,1905,28,102,37257.69
141131,49,1922,25,46,37013.44
141136,49,1978,25,61,36131.62
141141,49,1890,24,66,36284.56
141146,49,1854,27,84,36134.75
141151,49,1825,24,51,36203.94
141156,49,1872,24,62,36208.62
141161,49,1896,25,2565,33924.56
141166,49,1934,25,355,30914.75
141172,49,1182,17,54,32216.00
141177,49,1149,19,65,34844.00
141182,49,1294,17,68,35388.62
141187,49,1283,17,66,37039.00
141192,49,1198,19,70,38567.12
141197,49,1182,17,70,38586.12
141202,49,1166,16,60,38520.94
141207,49,1215,17,75,38371.62
141212,49,1229,17,69,38271.62
141217,49,1104,17,56,38028.19
141223,49,1021,16,77,37695.19
141228,49,1030,19,64,37295.12
141233,49,1029,20,61,37176.06
141238,49,813,13,59,37381.94
141243,49,793,15,63,37233.81
141248,49,843,16,76,37288.69
141253,49,1155,23,66,36611.50
141258,49,1241,23,76,37044.38
141264,49,1110,21,434,38778.62
141269,49,1228,23,65,38533.44
141274,49,1305,23,33,37804.75
141279,49,1094,20,14,39256.06
141284,49,1293,21,79,38472.00
141289,49,1470,21,23,37754.62
141294,49,1576,21,354,38466.50
141299,49,1552,21,62,38474.00
141304,49,1385,19,67,39600.31
141309,49,1473,19,87,38814.88
141314,49,1546,21,60,38256.62
141319,49,1640,21,73,38104.75
141324,49,1524,23,65,38205.56
141330,49,1301,20,61,38554.12
141335,49,1246,16,88,38899.31
141340,49,1105,15,60,39144.31
141345,49,626,13,66,39996.38
141350,49,891,13,86,39710.88
141355,49,938,17,48,38879.12
141360,49,787,13,72,40272.81
141365,49,1005,16,63,40375.12
141371,49,1170,18,62,39819.88
141376,49,997,16,128,40632.69
141381,49,1025,17,188,40491.38
141386,49,1207,20,60,39672.75
141391,49,1106,17,101,39488.31
141396,49,1180,19,64,40231.31
141401,49,1195,17,75,40229.44
141406,49,922,13,84,40061.25
141411,49,1232,17,84,39520.69
141416,49,1048,14,2348,39744.69
141421,49,1205,16,65,36403.44
141427,49,1060,18,59,36326.12
141432,49,1043,17,61,36856.12
141437,49,1041,22,88,36936.44
141442,49,967,17,86,37201.38
141447,49,950,15,62,36809.75
141452,49,1014,15,58,36817.19
141457,49,774,10,65,36716.44
141462,49,741,12,92,36783.50
141467,49,809,13,61,36740.19
141472,49,819,12,62,36777.00
141477,49,858,13,69,37614.19
141483,49,821,12,223,37581.62
141488,49,931,13,65,37722.56
141493,49,1056,15,71,37206.69
141498,49,1201,15,73,36883.62
141503,49,1002,13,32,37051.38
141508,49,847,14,27,37471.44
141513,49,895,13,67,37808.31
141518,49,847,14,70,38219.56
141524,49,840,13,63,38768.75
141529,49,867,13,61,39482.56
141534,49,827,13,67,40060.38
141539,49,926,17,60,40931.88
141544,49,1129,19,75,40554.81
141549,49,1208,19,103,40935.50
141554,49,1293,19,89,41227.88
141559,49,1240,23,61,41680.38
141564,49,887,18,67,41618.06
141569,49,1097,18,111,41828.25
141575,49,884,18,64,42332.81
141580,49,952,17,14,42218.38
141585,49,842,21,60,43024.94
141590,49,913,17,56,43310.88
141595,49,915,20,59,43660.69
141600,49,1092,18,74,44009.50
141605,49,871,19,14,43723.12
141610,49,952,18,73,44028.44
141615,49,957,18,78,44697.81
141620,49,1006,18,85,44260.31
141625,49,1042,20,59,44521.12
141630,49,1232,20,56,44385.88
141636,49,1039,18,57,43543.12
141641,49,1175,20,61,43792.94
141646,49,1259,20,82,44019.81
141651,49,1302,20,67,44019.00
141656,49,1115,144,52,43348.19
141661,49,1504,18,55,43601.94
141666,49,432,8,62,43133.31
141672,49,723,12,56,43184.19
141677,49,649,8,55,43124.38
141682,49,416,14,58,43161.88
141688,49,375,34,26,43151.50
141693,49,450,8,374,43187.69
141698,49,549,8,55,43105.12
141703,49,499,12,58,43137.38
141709,49,834,10,72,43486.06
141714,49,599,9,72,43691.44
141719,49,721,19,62,44550.81
141724,49,642,14,59,45066.00
141729,49,678,14,82,45747.31
141734,49,651,14,64,46755.12
141740,49,252,7,16,46668.69
141746,49,224,7,16,46444.69
141752,49,212,7,14,45905.06
